INFO 2025-12-15 12:20:53,458 autoreload Watching for file changes with StatReloader
INFO 2025-12-15 12:27:39,366 autoreload Watching for file changes with StatReloader
INFO 2025-12-15 12:28:04,576 autoreload /home/fabianosf/Desktop/vetsystem/vetsystem-backend/config/settings.py changed, reloading.
INFO 2025-12-15 12:28:05,138 autoreload Watching for file changes with StatReloader
INFO 2025-12-15 12:28:10,446 autoreload Watching for file changes with StatReloader
WARNING 2025-12-15 12:28:34,889 log Unauthorized: /api/auth/login/
WARNING 2025-12-15 12:28:34,890 basehttp "POST /api/auth/login/ HTTP/1.1" 401 45
INFO 2025-12-15 12:29:30,516 autoreload /home/fabianosf/Desktop/vetsystem/vetsystem-backend/config/settings.py changed, reloading.
INFO 2025-12-15 12:29:31,181 autoreload Watching for file changes with StatReloader
INFO 2025-12-15 12:30:49,781 basehttp "POST /api/auth/login/ HTTP/1.1" 200 837
INFO 2025-12-15 12:34:52,964 basehttp "POST /api/auth/login/ HTTP/1.1" 200 837
INFO 2025-12-15 12:34:53,091 basehttp "GET /api/auth/me/ HTTP/1.1" 200 156
INFO 2025-12-15 12:34:53,200 basehttp "POST /api/tutores/ HTTP/1.1" 201 333
INFO 2025-12-15 12:34:53,294 basehttp "GET /api/tutores/ HTTP/1.1" 200 385
WARNING 2025-12-15 12:34:53,369 log Bad Request: /api/animais/
WARNING 2025-12-15 12:34:53,369 basehttp "POST /api/animais/ HTTP/1.1" 400 94
INFO 2025-12-15 12:34:53,455 basehttp "GET /api/animais/ HTTP/1.1" 200 52
WARNING 2025-12-15 12:34:53,574 log Bad Request: /api/veterinarios/
WARNING 2025-12-15 12:34:53,576 basehttp "POST /api/veterinarios/ HTTP/1.1" 400 99
WARNING 2025-12-15 12:34:53,644 log Unauthorized: /api/tutores/
WARNING 2025-12-15 12:34:53,644 basehttp "GET /api/tutores/ HTTP/1.1" 401 68
INFO 2025-12-15 12:34:54,175 basehttp "POST /api/auth/register/ HTTP/1.1" 201 166
INFO 2025-12-15 12:36:15,602 basehttp "POST /api/auth/login/ HTTP/1.1" 200 837
INFO 2025-12-15 12:36:15,719 basehttp "GET /api/auth/me/ HTTP/1.1" 200 156
INFO 2025-12-15 12:36:15,820 basehttp "POST /api/tutores/ HTTP/1.1" 201 333
INFO 2025-12-15 12:36:15,903 basehttp "GET /api/tutores/ HTTP/1.1" 200 719
INFO 2025-12-15 12:36:15,993 basehttp "POST /api/animais/ HTTP/1.1" 201 312
INFO 2025-12-15 12:36:16,080 basehttp "GET /api/animais/ HTTP/1.1" 200 364
INFO 2025-12-15 12:36:16,164 basehttp "POST /api/veterinarios/ HTTP/1.1" 201 421
WARNING 2025-12-15 12:36:16,243 log Bad Request: /api/consultas/
WARNING 2025-12-15 12:36:16,244 basehttp "POST /api/consultas/ HTTP/1.1" 400 93
WARNING 2025-12-15 12:36:16,295 log Unauthorized: /api/tutores/
WARNING 2025-12-15 12:36:16,295 basehttp "GET /api/tutores/ HTTP/1.1" 401 68
INFO 2025-12-15 12:36:16,840 basehttp "POST /api/auth/register/ HTTP/1.1" 201 146
INFO 2025-12-15 12:37:16,729 basehttp "POST /api/auth/login/ HTTP/1.1" 200 837
INFO 2025-12-15 12:37:16,854 basehttp "GET /api/auth/me/ HTTP/1.1" 200 156
INFO 2025-12-15 12:37:16,953 basehttp "POST /api/tutores/ HTTP/1.1" 201 314
INFO 2025-12-15 12:37:17,045 basehttp "GET /api/tutores/ HTTP/1.1" 200 1034
INFO 2025-12-15 12:37:17,123 basehttp "POST /api/animais/ HTTP/1.1" 201 312
INFO 2025-12-15 12:37:17,208 basehttp "GET /api/animais/ HTTP/1.1" 200 677
INFO 2025-12-15 12:37:17,289 basehttp "POST /api/veterinarios/ HTTP/1.1" 201 379
INFO 2025-12-15 12:37:17,372 basehttp "POST /api/consultas/ HTTP/1.1" 201 298
WARNING 2025-12-15 12:37:17,424 log Unauthorized: /api/tutores/
WARNING 2025-12-15 12:37:17,425 basehttp "GET /api/tutores/ HTTP/1.1" 401 68
INFO 2025-12-15 12:37:17,974 basehttp "POST /api/auth/register/ HTTP/1.1" 201 145
INFO 2025-12-15 12:56:43,331 autoreload Watching for file changes with StatReloader
INFO 2025-12-15 12:57:03,556 autoreload Watching for file changes with StatReloader
INFO 2025-12-15 12:57:24,297 autoreload Watching for file changes with StatReloader
INFO 2025-12-15 19:50:06,594 autoreload Watching for file changes with StatReloader
INFO 2025-12-15 19:52:00,743 autoreload Watching for file changes with StatReloader
INFO 2025-12-15 20:24:18,883 autoreload Watching for file changes with StatReloader
INFO 2025-12-15 20:24:25,551 basehttp "OPTIONS /api/animais/ HTTP/1.1" 200 0
INFO 2025-12-15 20:24:25,552 basehttp "OPTIONS /api/tutores/ HTTP/1.1" 200 0
INFO 2025-12-15 20:24:25,554 basehttp "OPTIONS /api/consultas/ HTTP/1.1" 200 0
INFO 2025-12-15 20:24:25,562 basehttp "OPTIONS /api/veterinarios/ HTTP/1.1" 200 0
INFO 2025-12-15 20:24:25,568 basehttp "OPTIONS /api/animais/ HTTP/1.1" 200 0
INFO 2025-12-15 20:24:25,568 basehttp "OPTIONS /api/consultas/ HTTP/1.1" 200 0
INFO 2025-12-15 20:24:25,571 basehttp "OPTIONS /api/veterinarios/ HTTP/1.1" 200 0
INFO 2025-12-15 20:24:25,572 basehttp "OPTIONS /api/tutores/ HTTP/1.1" 200 0
WARNING 2025-12-15 20:24:25,628 log Unauthorized: /api/animais/
WARNING 2025-12-15 20:24:25,629 log Unauthorized: /api/veterinarios/
WARNING 2025-12-15 20:24:25,630 log Unauthorized: /api/tutores/
WARNING 2025-12-15 20:24:25,631 log Unauthorized: /api/consultas/
WARNING 2025-12-15 20:24:25,632 basehttp "GET /api/animais/ HTTP/1.1" 401 197
WARNING 2025-12-15 20:24:25,632 basehttp "GET /api/veterinarios/ HTTP/1.1" 401 197
WARNING 2025-12-15 20:24:25,633 basehttp "GET /api/tutores/ HTTP/1.1" 401 197
WARNING 2025-12-15 20:24:25,633 basehttp "GET /api/consultas/ HTTP/1.1" 401 197
WARNING 2025-12-15 20:24:25,676 log Unauthorized: /api/animais/
WARNING 2025-12-15 20:24:25,677 basehttp "GET /api/animais/ HTTP/1.1" 401 197
WARNING 2025-12-15 20:24:25,684 log Unauthorized: /api/consultas/
WARNING 2025-12-15 20:24:25,686 log Unauthorized: /api/veterinarios/
WARNING 2025-12-15 20:24:25,689 basehttp "GET /api/consultas/ HTTP/1.1" 401 197
WARNING 2025-12-15 20:24:25,691 log Unauthorized: /api/tutores/
INFO 2025-12-15 20:24:25,692 basehttp "OPTIONS /api/auth/refresh/ HTTP/1.1" 200 0
INFO 2025-12-15 20:24:25,693 basehttp "OPTIONS /api/auth/refresh/ HTTP/1.1" 200 0
INFO 2025-12-15 20:24:25,693 basehttp "OPTIONS /api/auth/refresh/ HTTP/1.1" 200 0
WARNING 2025-12-15 20:24:25,698 basehttp "GET /api/tutores/ HTTP/1.1" 401 197
WARNING 2025-12-15 20:24:25,707 basehttp "GET /api/veterinarios/ HTTP/1.1" 401 197
INFO 2025-12-15 20:24:25,714 basehttp "OPTIONS /api/auth/refresh/ HTTP/1.1" 200 0
INFO 2025-12-15 20:24:25,729 basehttp "OPTIONS /api/auth/refresh/ HTTP/1.1" 200 0
WARNING 2025-12-15 20:24:25,737 log Unauthorized: /api/auth/refresh/
WARNING 2025-12-15 20:24:25,740 log Unauthorized: /api/auth/refresh/
WARNING 2025-12-15 20:24:25,741 basehttp "POST /api/auth/refresh/ HTTP/1.1" 401 58
WARNING 2025-12-15 20:24:25,744 log Unauthorized: /api/auth/refresh/
WARNING 2025-12-15 20:24:25,744 basehttp "POST /api/auth/refresh/ HTTP/1.1" 401 58
INFO 2025-12-15 20:24:25,744 basehttp "OPTIONS /api/auth/refresh/ HTTP/1.1" 200 0
WARNING 2025-12-15 20:24:25,745 basehttp "POST /api/auth/refresh/ HTTP/1.1" 401 58
WARNING 2025-12-15 20:24:25,755 log Unauthorized: /api/auth/refresh/
WARNING 2025-12-15 20:24:25,756 basehttp "POST /api/auth/refresh/ HTTP/1.1" 401 58
WARNING 2025-12-15 20:24:25,778 log Unauthorized: /api/auth/refresh/
WARNING 2025-12-15 20:24:25,781 log Unauthorized: /api/auth/refresh/
WARNING 2025-12-15 20:24:25,785 log Unauthorized: /api/auth/refresh/
WARNING 2025-12-15 20:24:25,790 basehttp "POST /api/auth/refresh/ HTTP/1.1" 401 58
WARNING 2025-12-15 20:24:25,790 basehttp "POST /api/auth/refresh/ HTTP/1.1" 401 58
WARNING 2025-12-15 20:24:25,789 log Unauthorized: /api/auth/refresh/
WARNING 2025-12-15 20:24:25,796 basehttp "POST /api/auth/refresh/ HTTP/1.1" 401 58
WARNING 2025-12-15 20:24:25,790 basehttp "POST /api/auth/refresh/ HTTP/1.1" 401 58
INFO 2025-12-15 20:39:06,852 autoreload Watching for file changes with StatReloader
INFO 2025-12-15 20:42:25,410 autoreload Watching for file changes with StatReloader
INFO 2025-12-15 20:42:59,806 basehttp "OPTIONS /api/auth/login/ HTTP/1.1" 200 0
WARNING 2025-12-15 20:43:00,463 log Unauthorized: /api/auth/login/
WARNING 2025-12-15 20:43:00,464 basehttp "POST /api/auth/login/ HTTP/1.1" 401 45
WARNING 2025-12-15 20:43:09,936 log Unauthorized: /api/auth/login/
WARNING 2025-12-15 20:43:09,936 basehttp "POST /api/auth/login/ HTTP/1.1" 401 45
WARNING 2025-12-15 20:43:46,929 log Unauthorized: /api/auth/login/
WARNING 2025-12-15 20:43:46,929 basehttp "POST /api/auth/login/ HTTP/1.1" 401 45
WARNING 2025-12-15 20:44:01,991 log Unauthorized: /api/auth/login/
WARNING 2025-12-15 20:44:01,992 basehttp "POST /api/auth/login/ HTTP/1.1" 401 45
INFO 2025-12-15 20:44:50,882 autoreload Watching for file changes with StatReloader
WARNING 2025-12-15 20:44:59,996 log Unauthorized: /api/auth/login/
WARNING 2025-12-15 20:44:59,997 basehttp "POST /api/auth/login/ HTTP/1.1" 401 45
INFO 2025-12-15 20:45:08,731 basehttp "POST /api/auth/login/ HTTP/1.1" 200 807
INFO 2025-12-15 20:45:09,033 basehttp "GET /api/veterinarios/ HTTP/1.1" 200 853
INFO 2025-12-15 20:45:09,034 basehttp "GET /api/consultas/ HTTP/1.1" 200 350
INFO 2025-12-15 20:45:09,039 basehttp "GET /api/animais/ HTTP/1.1" 200 677
INFO 2025-12-15 20:45:09,041 basehttp "GET /api/tutores/ HTTP/1.1" 200 1034
INFO 2025-12-15 20:45:09,112 basehttp "GET /api/animais/ HTTP/1.1" 200 677
INFO 2025-12-15 20:45:09,116 basehttp "GET /api/veterinarios/ HTTP/1.1" 200 853
INFO 2025-12-15 20:45:09,118 basehttp "GET /api/consultas/ HTTP/1.1" 200 350
INFO 2025-12-15 20:45:09,120 basehttp "GET /api/tutores/ HTTP/1.1" 200 1034
INFO 2025-12-15 20:45:10,955 basehttp "GET /api/animais/ HTTP/1.1" 200 677
INFO 2025-12-15 20:45:10,969 basehttp "GET /api/tutores/ HTTP/1.1" 200 1034
INFO 2025-12-15 20:45:11,011 basehttp "GET /api/animais/ HTTP/1.1" 200 677
INFO 2025-12-15 20:45:11,025 basehttp "GET /api/tutores/ HTTP/1.1" 200 1034
INFO 2025-12-15 20:45:12,116 basehttp "GET /api/consultas/ HTTP/1.1" 200 350
INFO 2025-12-15 20:45:12,117 basehttp "GET /api/veterinarios/ HTTP/1.1" 200 853
INFO 2025-12-15 20:45:12,118 basehttp "GET /api/animais/ HTTP/1.1" 200 677
INFO 2025-12-15 20:45:12,182 basehttp "GET /api/consultas/ HTTP/1.1" 200 350
INFO 2025-12-15 20:45:12,183 basehttp "GET /api/animais/ HTTP/1.1" 200 677
INFO 2025-12-15 20:45:12,191 basehttp "GET /api/veterinarios/ HTTP/1.1" 200 853
INFO 2025-12-15 20:45:13,527 basehttp "OPTIONS /api/vacinas/ HTTP/1.1" 200 0
INFO 2025-12-15 20:45:13,532 basehttp "OPTIONS /api/vacinas/ HTTP/1.1" 200 0
INFO 2025-12-15 20:45:13,576 basehttp "GET /api/vacinas/ HTTP/1.1" 200 52
INFO 2025-12-15 20:45:13,576 basehttp "GET /api/animais/ HTTP/1.1" 200 677
INFO 2025-12-15 20:45:13,611 basehttp "GET /api/animais/ HTTP/1.1" 200 677
INFO 2025-12-15 20:45:13,650 basehttp "GET /api/vacinas/ HTTP/1.1" 200 52
INFO 2025-12-15 20:45:14,495 basehttp "OPTIONS /api/exames/ HTTP/1.1" 200 0
INFO 2025-12-15 20:45:14,515 basehttp "OPTIONS /api/exames/ HTTP/1.1" 200 0
INFO 2025-12-15 20:45:14,552 basehttp "GET /api/animais/ HTTP/1.1" 200 677
INFO 2025-12-15 20:45:14,555 basehttp "GET /api/veterinarios/ HTTP/1.1" 200 853
INFO 2025-12-15 20:45:14,556 basehttp "GET /api/exames/ HTTP/1.1" 200 52
INFO 2025-12-15 20:45:14,615 basehttp "GET /api/exames/ HTTP/1.1" 200 52
INFO 2025-12-15 20:45:14,620 basehttp "GET /api/veterinarios/ HTTP/1.1" 200 853
INFO 2025-12-15 20:45:14,643 basehttp "GET /api/animais/ HTTP/1.1" 200 677
INFO 2025-12-15 20:45:15,738 basehttp "OPTIONS /api/planos-saude/ HTTP/1.1" 200 0
INFO 2025-12-15 20:45:15,739 basehttp "OPTIONS /api/planos-saude/ HTTP/1.1" 200 0
INFO 2025-12-15 20:45:15,773 basehttp "GET /api/planos-saude/ HTTP/1.1" 200 52
INFO 2025-12-15 20:45:15,849 basehttp "GET /api/planos-saude/ HTTP/1.1" 200 52
INFO 2025-12-15 20:45:17,233 basehttp "GET /api/animais/ HTTP/1.1" 200 677
INFO 2025-12-15 20:45:17,246 basehttp "GET /api/tutores/ HTTP/1.1" 200 1034
INFO 2025-12-15 20:45:17,251 basehttp "GET /api/consultas/ HTTP/1.1" 200 350
INFO 2025-12-15 20:45:17,258 basehttp "GET /api/veterinarios/ HTTP/1.1" 200 853
INFO 2025-12-15 20:45:17,316 basehttp "GET /api/tutores/ HTTP/1.1" 200 1034
INFO 2025-12-15 20:45:17,333 basehttp "GET /api/veterinarios/ HTTP/1.1" 200 853
INFO 2025-12-15 20:45:17,340 basehttp "GET /api/consultas/ HTTP/1.1" 200 350
INFO 2025-12-15 20:45:17,346 basehttp "GET /api/animais/ HTTP/1.1" 200 677
INFO 2025-12-15 20:45:59,122 basehttp "GET /api/animais/ HTTP/1.1" 200 677
INFO 2025-12-15 20:45:59,131 basehttp "GET /api/tutores/ HTTP/1.1" 200 1034
INFO 2025-12-15 20:45:59,191 basehttp "GET /api/animais/ HTTP/1.1" 200 677
INFO 2025-12-15 20:45:59,202 basehttp "GET /api/tutores/ HTTP/1.1" 200 1034
INFO 2025-12-15 20:46:00,284 basehttp "GET /api/consultas/ HTTP/1.1" 200 350
INFO 2025-12-15 20:46:00,304 basehttp "GET /api/animais/ HTTP/1.1" 200 677
INFO 2025-12-15 20:46:00,320 basehttp "GET /api/veterinarios/ HTTP/1.1" 200 853
INFO 2025-12-15 20:46:00,371 basehttp "GET /api/consultas/ HTTP/1.1" 200 350
INFO 2025-12-15 20:46:00,387 basehttp "GET /api/animais/ HTTP/1.1" 200 677
INFO 2025-12-15 20:46:00,397 basehttp "GET /api/veterinarios/ HTTP/1.1" 200 853
INFO 2025-12-15 20:46:01,238 basehttp "GET /api/vacinas/ HTTP/1.1" 200 52
INFO 2025-12-15 20:46:01,263 basehttp "GET /api/animais/ HTTP/1.1" 200 677
INFO 2025-12-15 20:46:01,286 basehttp "GET /api/vacinas/ HTTP/1.1" 200 52
INFO 2025-12-15 20:46:01,305 basehttp "GET /api/animais/ HTTP/1.1" 200 677
INFO 2025-12-15 20:46:02,214 basehttp "GET /api/exames/ HTTP/1.1" 200 52
INFO 2025-12-15 20:46:02,225 basehttp "GET /api/veterinarios/ HTTP/1.1" 200 853
INFO 2025-12-15 20:46:02,227 basehttp "GET /api/animais/ HTTP/1.1" 200 677
INFO 2025-12-15 20:46:02,273 basehttp "GET /api/exames/ HTTP/1.1" 200 52
INFO 2025-12-15 20:46:02,294 basehttp "GET /api/animais/ HTTP/1.1" 200 677
INFO 2025-12-15 20:46:02,301 basehttp "GET /api/veterinarios/ HTTP/1.1" 200 853
INFO 2025-12-15 20:46:03,198 basehttp "GET /api/planos-saude/ HTTP/1.1" 200 52
INFO 2025-12-15 20:46:03,233 basehttp "GET /api/planos-saude/ HTTP/1.1" 200 52
INFO 2025-12-15 21:12:14,946 autoreload Watching for file changes with StatReloader
INFO 2025-12-15 21:13:07,915 autoreload Watching for file changes with StatReloader
INFO 2025-12-15 21:13:21,894 basehttp "GET /api/animais/ HTTP/1.1" 200 677
INFO 2025-12-15 21:13:21,897 basehttp "GET /api/veterinarios/ HTTP/1.1" 200 853
INFO 2025-12-15 21:13:21,908 basehttp "GET /api/consultas/ HTTP/1.1" 200 350
INFO 2025-12-15 21:13:21,911 basehttp "GET /api/tutores/ HTTP/1.1" 200 1034
INFO 2025-12-15 21:13:21,952 basehttp "GET /api/veterinarios/ HTTP/1.1" 200 853
INFO 2025-12-15 21:13:21,961 basehttp "GET /api/animais/ HTTP/1.1" 200 677
INFO 2025-12-15 21:13:21,972 basehttp "GET /api/consultas/ HTTP/1.1" 200 350
INFO 2025-12-15 21:13:21,985 basehttp "GET /api/tutores/ HTTP/1.1" 200 1034
INFO 2025-12-15 21:13:23,938 basehttp "GET /api/veterinarios/ HTTP/1.1" 200 853
INFO 2025-12-15 21:13:23,946 basehttp "GET /api/consultas/ HTTP/1.1" 200 350
INFO 2025-12-15 21:13:23,947 basehttp "GET /api/animais/ HTTP/1.1" 200 677
INFO 2025-12-15 21:13:23,980 basehttp "GET /api/veterinarios/ HTTP/1.1" 200 853
INFO 2025-12-15 21:13:24,008 basehttp "GET /api/animais/ HTTP/1.1" 200 677
INFO 2025-12-15 21:13:24,017 basehttp "GET /api/consultas/ HTTP/1.1" 200 350
INFO 2025-12-15 21:13:25,118 basehttp "GET /api/animais/ HTTP/1.1" 200 677
INFO 2025-12-15 21:13:25,129 basehttp "GET /api/tutores/ HTTP/1.1" 200 1034
INFO 2025-12-15 21:13:25,167 basehttp "GET /api/animais/ HTTP/1.1" 200 677
INFO 2025-12-15 21:13:25,180 basehttp "GET /api/tutores/ HTTP/1.1" 200 1034
INFO 2025-12-15 21:13:25,949 basehttp "GET /api/animais/ HTTP/1.1" 200 677
INFO 2025-12-15 21:13:25,950 basehttp "GET /api/vacinas/ HTTP/1.1" 200 52
INFO 2025-12-15 21:13:26,014 basehttp "GET /api/vacinas/ HTTP/1.1" 200 52
INFO 2025-12-15 21:13:26,033 basehttp "GET /api/animais/ HTTP/1.1" 200 677
INFO 2025-12-15 21:13:26,659 basehttp "GET /api/animais/ HTTP/1.1" 200 677
INFO 2025-12-15 21:13:26,670 basehttp "GET /api/veterinarios/ HTTP/1.1" 200 853
INFO 2025-12-15 21:13:26,672 basehttp "GET /api/exames/ HTTP/1.1" 200 52
INFO 2025-12-15 21:13:26,716 basehttp "GET /api/animais/ HTTP/1.1" 200 677
INFO 2025-12-15 21:13:26,721 basehttp "GET /api/exames/ HTTP/1.1" 200 52
INFO 2025-12-15 21:13:26,733 basehttp "GET /api/veterinarios/ HTTP/1.1" 200 853
INFO 2025-12-15 21:13:27,598 basehttp "GET /api/veterinarios/ HTTP/1.1" 200 853
INFO 2025-12-15 21:13:27,599 basehttp "GET /api/tutores/ HTTP/1.1" 200 1034
INFO 2025-12-15 21:13:27,604 basehttp "GET /api/animais/ HTTP/1.1" 200 677
INFO 2025-12-15 21:13:27,617 basehttp "GET /api/consultas/ HTTP/1.1" 200 350
INFO 2025-12-15 21:13:27,688 basehttp "GET /api/veterinarios/ HTTP/1.1" 200 853
INFO 2025-12-15 21:13:27,705 basehttp "GET /api/animais/ HTTP/1.1" 200 677
INFO 2025-12-15 21:13:27,707 basehttp "GET /api/tutores/ HTTP/1.1" 200 1034
INFO 2025-12-15 21:13:27,714 basehttp "GET /api/consultas/ HTTP/1.1" 200 350
INFO 2025-12-15 21:13:33,518 basehttp "GET /api/exames/ HTTP/1.1" 200 52
INFO 2025-12-15 21:13:33,544 basehttp "GET /api/animais/ HTTP/1.1" 200 677
INFO 2025-12-15 21:13:33,544 basehttp "GET /api/veterinarios/ HTTP/1.1" 200 853
INFO 2025-12-15 21:13:33,577 basehttp "GET /api/exames/ HTTP/1.1" 200 52
INFO 2025-12-15 21:13:33,603 basehttp "GET /api/animais/ HTTP/1.1" 200 677
INFO 2025-12-15 21:13:33,610 basehttp "GET /api/veterinarios/ HTTP/1.1" 200 853
INFO 2025-12-15 21:13:34,140 basehttp "GET /api/vacinas/ HTTP/1.1" 200 52
INFO 2025-12-15 21:13:34,154 basehttp "GET /api/animais/ HTTP/1.1" 200 677
INFO 2025-12-15 21:13:34,179 basehttp "GET /api/vacinas/ HTTP/1.1" 200 52
INFO 2025-12-15 21:13:34,197 basehttp "GET /api/animais/ HTTP/1.1" 200 677
INFO 2025-12-15 21:13:34,898 basehttp "GET /api/animais/ HTTP/1.1" 200 677
INFO 2025-12-15 21:13:34,912 basehttp "GET /api/tutores/ HTTP/1.1" 200 1034
INFO 2025-12-15 21:13:34,948 basehttp "GET /api/animais/ HTTP/1.1" 200 677
INFO 2025-12-15 21:13:34,966 basehttp "GET /api/tutores/ HTTP/1.1" 200 1034
INFO 2025-12-15 21:13:35,509 basehttp "GET /api/veterinarios/ HTTP/1.1" 200 853
INFO 2025-12-15 21:13:35,509 basehttp "GET /api/consultas/ HTTP/1.1" 200 350
INFO 2025-12-15 21:13:35,514 basehttp "GET /api/animais/ HTTP/1.1" 200 677
INFO 2025-12-15 21:13:35,571 basehttp "GET /api/consultas/ HTTP/1.1" 200 350
INFO 2025-12-15 21:13:35,579 basehttp "GET /api/veterinarios/ HTTP/1.1" 200 853
INFO 2025-12-15 21:13:35,579 basehttp "GET /api/animais/ HTTP/1.1" 200 677
INFO 2025-12-15 21:13:36,264 basehttp "GET /api/consultas/ HTTP/1.1" 200 350
INFO 2025-12-15 21:13:36,292 basehttp "GET /api/animais/ HTTP/1.1" 200 677
INFO 2025-12-15 21:13:36,296 basehttp "GET /api/veterinarios/ HTTP/1.1" 200 853
INFO 2025-12-15 21:13:36,306 basehttp "GET /api/tutores/ HTTP/1.1" 200 1034
INFO 2025-12-15 21:13:36,344 basehttp "GET /api/consultas/ HTTP/1.1" 200 350
INFO 2025-12-15 21:13:36,368 basehttp "GET /api/tutores/ HTTP/1.1" 200 1034
INFO 2025-12-15 21:13:36,371 basehttp "GET /api/animais/ HTTP/1.1" 200 677
INFO 2025-12-15 21:13:36,376 basehttp "GET /api/veterinarios/ HTTP/1.1" 200 853
INFO 2025-12-15 21:13:42,557 basehttp "GET /api/consultas/ HTTP/1.1" 200 350
INFO 2025-12-15 21:13:42,576 basehttp "GET /api/animais/ HTTP/1.1" 200 677
INFO 2025-12-15 21:13:42,590 basehttp "GET /api/tutores/ HTTP/1.1" 200 1034
INFO 2025-12-15 21:13:42,591 basehttp "GET /api/veterinarios/ HTTP/1.1" 200 853
INFO 2025-12-15 21:13:42,625 basehttp "GET /api/consultas/ HTTP/1.1" 200 350
INFO 2025-12-15 21:13:42,679 basehttp "GET /api/animais/ HTTP/1.1" 200 677
INFO 2025-12-15 21:13:42,693 basehttp "GET /api/veterinarios/ HTTP/1.1" 200 853
INFO 2025-12-15 21:13:42,694 basehttp "GET /api/tutores/ HTTP/1.1" 200 1034
INFO 2025-12-15 21:22:15,941 autoreload Watching for file changes with StatReloader
INFO 2025-12-15 21:22:36,757 basehttp "GET /api/consultas/ HTTP/1.1" 200 350
INFO 2025-12-15 21:22:36,763 basehttp "GET /api/animais/ HTTP/1.1" 200 677
INFO 2025-12-15 21:22:36,777 basehttp "GET /api/veterinarios/ HTTP/1.1" 200 853
INFO 2025-12-15 21:22:36,792 basehttp "GET /api/tutores/ HTTP/1.1" 200 1034
INFO 2025-12-15 21:22:36,834 basehttp "GET /api/animais/ HTTP/1.1" 200 677
INFO 2025-12-15 21:22:36,851 basehttp "GET /api/consultas/ HTTP/1.1" 200 350
INFO 2025-12-15 21:22:36,865 basehttp "GET /api/veterinarios/ HTTP/1.1" 200 853
INFO 2025-12-15 21:22:36,876 basehttp "GET /api/tutores/ HTTP/1.1" 200 1034
INFO 2025-12-15 21:22:39,357 basehttp "GET /api/consultas/ HTTP/1.1" 200 350
INFO 2025-12-15 21:22:39,371 basehttp "GET /api/animais/ HTTP/1.1" 200 677
INFO 2025-12-15 21:22:39,387 basehttp "GET /api/veterinarios/ HTTP/1.1" 200 853
INFO 2025-12-15 21:22:39,446 basehttp "GET /api/consultas/ HTTP/1.1" 200 350
INFO 2025-12-15 21:22:39,471 basehttp "GET /api/veterinarios/ HTTP/1.1" 200 853
INFO 2025-12-15 21:22:39,479 basehttp "GET /api/animais/ HTTP/1.1" 200 677
INFO 2025-12-15 21:22:40,644 basehttp "GET /api/animais/ HTTP/1.1" 200 677
INFO 2025-12-15 21:22:40,679 basehttp "GET /api/tutores/ HTTP/1.1" 200 1034
INFO 2025-12-15 21:22:40,730 basehttp "GET /api/animais/ HTTP/1.1" 200 677
INFO 2025-12-15 21:22:40,770 basehttp "GET /api/tutores/ HTTP/1.1" 200 1034
INFO 2025-12-15 21:22:42,121 basehttp "GET /api/animais/ HTTP/1.1" 200 677
INFO 2025-12-15 21:22:42,124 basehttp "GET /api/vacinas/ HTTP/1.1" 200 52
INFO 2025-12-15 21:22:42,167 basehttp "GET /api/vacinas/ HTTP/1.1" 200 52
INFO 2025-12-15 21:22:42,181 basehttp "GET /api/animais/ HTTP/1.1" 200 677
INFO 2025-12-15 21:22:43,878 basehttp "GET /api/exames/ HTTP/1.1" 200 52
INFO 2025-12-15 21:22:43,902 basehttp "GET /api/animais/ HTTP/1.1" 200 677
INFO 2025-12-15 21:22:43,905 basehttp "GET /api/veterinarios/ HTTP/1.1" 200 853
INFO 2025-12-15 21:22:43,964 basehttp "GET /api/exames/ HTTP/1.1" 200 52
INFO 2025-12-15 21:22:43,978 basehttp "GET /api/animais/ HTTP/1.1" 200 677
INFO 2025-12-15 21:22:43,990 basehttp "GET /api/veterinarios/ HTTP/1.1" 200 853
INFO 2025-12-15 21:27:25,013 autoreload Watching for file changes with StatReloader
WARNING 2025-12-15 21:27:48,761 log Unauthorized: /api/auth/login/
WARNING 2025-12-15 21:27:48,762 basehttp "POST /api/auth/login/ HTTP/1.1" 401 45
INFO 2025-12-15 21:27:48,838 basehttp "POST /api/auth/refresh/ HTTP/1.1" 200 686
WARNING 2025-12-15 21:27:49,554 log Unauthorized: /api/auth/login/
WARNING 2025-12-15 21:27:49,557 basehttp "POST /api/auth/login/ HTTP/1.1" 401 45
INFO 2025-12-15 21:28:26,469 basehttp "POST /api/auth/login/ HTTP/1.1" 200 807
INFO 2025-12-15 21:28:26,885 basehttp "GET /api/tutores/ HTTP/1.1" 200 1034
INFO 2025-12-15 21:28:26,896 basehttp "GET /api/veterinarios/ HTTP/1.1" 200 853
INFO 2025-12-15 21:28:26,897 basehttp "GET /api/consultas/ HTTP/1.1" 200 350
INFO 2025-12-15 21:28:26,908 basehttp "GET /api/animais/ HTTP/1.1" 200 677
INFO 2025-12-15 21:28:26,986 basehttp "GET /api/tutores/ HTTP/1.1" 200 1034
INFO 2025-12-15 21:28:27,003 basehttp "GET /api/veterinarios/ HTTP/1.1" 200 853
INFO 2025-12-15 21:28:27,005 basehttp "GET /api/consultas/ HTTP/1.1" 200 350
INFO 2025-12-15 21:28:27,013 basehttp "GET /api/animais/ HTTP/1.1" 200 677
INFO 2025-12-15 21:30:57,852 basehttp "GET /api/animais/ HTTP/1.1" 200 677
INFO 2025-12-15 21:30:57,869 basehttp "GET /api/veterinarios/ HTTP/1.1" 200 853
INFO 2025-12-15 21:30:57,879 basehttp "GET /api/consultas/ HTTP/1.1" 200 350
INFO 2025-12-15 21:30:57,932 basehttp "GET /api/veterinarios/ HTTP/1.1" 200 853
INFO 2025-12-15 21:30:57,948 basehttp "GET /api/animais/ HTTP/1.1" 200 677
INFO 2025-12-15 21:30:57,948 basehttp "GET /api/consultas/ HTTP/1.1" 200 350
INFO 2025-12-15 21:30:58,780 basehttp "GET /api/animais/ HTTP/1.1" 200 677
INFO 2025-12-15 21:30:58,790 basehttp "GET /api/tutores/ HTTP/1.1" 200 1034
INFO 2025-12-15 21:30:58,820 basehttp "GET /api/animais/ HTTP/1.1" 200 677
INFO 2025-12-15 21:30:58,839 basehttp "GET /api/tutores/ HTTP/1.1" 200 1034
INFO 2025-12-15 21:30:59,581 basehttp "GET /api/vacinas/ HTTP/1.1" 200 52
INFO 2025-12-15 21:30:59,599 basehttp "GET /api/animais/ HTTP/1.1" 200 677
INFO 2025-12-15 21:30:59,622 basehttp "GET /api/vacinas/ HTTP/1.1" 200 52
INFO 2025-12-15 21:30:59,641 basehttp "GET /api/animais/ HTTP/1.1" 200 677
INFO 2025-12-15 21:31:00,625 basehttp "GET /api/exames/ HTTP/1.1" 200 52
INFO 2025-12-15 21:31:00,646 basehttp "GET /api/animais/ HTTP/1.1" 200 677
INFO 2025-12-15 21:31:00,657 basehttp "GET /api/veterinarios/ HTTP/1.1" 200 853
INFO 2025-12-15 21:31:00,686 basehttp "GET /api/exames/ HTTP/1.1" 200 52
INFO 2025-12-15 21:31:00,704 basehttp "GET /api/animais/ HTTP/1.1" 200 677
INFO 2025-12-15 21:31:00,718 basehttp "GET /api/veterinarios/ HTTP/1.1" 200 853
INFO 2025-12-15 21:31:08,368 basehttp "GET /api/vacinas/ HTTP/1.1" 200 52
INFO 2025-12-15 21:31:08,383 basehttp "GET /api/animais/ HTTP/1.1" 200 677
INFO 2025-12-15 21:31:08,412 basehttp "GET /api/vacinas/ HTTP/1.1" 200 52
INFO 2025-12-15 21:31:08,428 basehttp "GET /api/animais/ HTTP/1.1" 200 677
INFO 2025-12-15 21:33:52,024 basehttp "POST /api/auth/login/ HTTP/1.1" 200 807
INFO 2025-12-15 21:33:53,572 basehttp "GET /api/consultas/ HTTP/1.1" 200 350
INFO 2025-12-15 21:33:53,573 basehttp "GET /api/animais/ HTTP/1.1" 200 677
INFO 2025-12-15 21:33:53,590 basehttp "GET /api/veterinarios/ HTTP/1.1" 200 853
INFO 2025-12-15 21:33:53,621 basehttp "GET /api/consultas/ HTTP/1.1" 200 350
INFO 2025-12-15 21:33:53,629 basehttp "GET /api/animais/ HTTP/1.1" 200 677
INFO 2025-12-15 21:33:53,640 basehttp "GET /api/veterinarios/ HTTP/1.1" 200 853
INFO 2025-12-15 21:33:55,726 basehttp "GET /api/animais/ HTTP/1.1" 200 677
INFO 2025-12-15 21:33:55,734 basehttp "GET /api/tutores/ HTTP/1.1" 200 1034
INFO 2025-12-15 21:33:55,770 basehttp "GET /api/animais/ HTTP/1.1" 200 677
INFO 2025-12-15 21:33:55,787 basehttp "GET /api/tutores/ HTTP/1.1" 200 1034
INFO 2025-12-15 21:33:57,543 basehttp "GET /api/vacinas/ HTTP/1.1" 200 52
INFO 2025-12-15 21:33:57,556 basehttp "GET /api/animais/ HTTP/1.1" 200 677
INFO 2025-12-15 21:33:57,583 basehttp "GET /api/vacinas/ HTTP/1.1" 200 52
INFO 2025-12-15 21:33:57,595 basehttp "GET /api/animais/ HTTP/1.1" 200 677
INFO 2025-12-15 21:33:59,290 basehttp "GET /api/exames/ HTTP/1.1" 200 52
INFO 2025-12-15 21:33:59,314 basehttp "GET /api/veterinarios/ HTTP/1.1" 200 853
INFO 2025-12-15 21:33:59,314 basehttp "GET /api/animais/ HTTP/1.1" 200 677
INFO 2025-12-15 21:33:59,344 basehttp "GET /api/exames/ HTTP/1.1" 200 52
INFO 2025-12-15 21:33:59,370 basehttp "GET /api/veterinarios/ HTTP/1.1" 200 853
INFO 2025-12-15 21:33:59,388 basehttp "GET /api/animais/ HTTP/1.1" 200 677
INFO 2025-12-15 21:34:05,857 basehttp "GET /api/consultas/ HTTP/1.1" 200 350
INFO 2025-12-15 21:34:05,858 basehttp "GET /api/animais/ HTTP/1.1" 200 677
INFO 2025-12-15 21:34:05,858 basehttp "GET /api/veterinarios/ HTTP/1.1" 200 853
INFO 2025-12-15 21:34:05,934 basehttp "GET /api/animais/ HTTP/1.1" 200 677
INFO 2025-12-15 21:34:05,943 basehttp "GET /api/veterinarios/ HTTP/1.1" 200 853
INFO 2025-12-15 21:34:05,952 basehttp "GET /api/consultas/ HTTP/1.1" 200 350
INFO 2025-12-15 21:36:09,675 basehttp "GET /api/vacinas/ HTTP/1.1" 200 52
INFO 2025-12-15 21:36:09,696 basehttp "GET /api/animais/ HTTP/1.1" 200 677
INFO 2025-12-15 21:36:09,728 basehttp "GET /api/vacinas/ HTTP/1.1" 200 52
INFO 2025-12-15 21:36:09,821 basehttp "GET /api/animais/ HTTP/1.1" 200 677
INFO 2025-12-15 21:36:14,458 basehttp "POST /api/auth/login/ HTTP/1.1" 200 807
INFO 2025-12-15 21:36:16,184 basehttp "GET /api/consultas/ HTTP/1.1" 200 350
INFO 2025-12-15 21:36:16,226 basehttp "GET /api/consultas/ HTTP/1.1" 200 350
INFO 2025-12-15 21:36:17,442 basehttp "GET /api/animais/ HTTP/1.1" 200 677
INFO 2025-12-15 21:36:17,456 basehttp "GET /api/tutores/ HTTP/1.1" 200 1034
INFO 2025-12-15 21:36:17,491 basehttp "GET /api/animais/ HTTP/1.1" 200 677
INFO 2025-12-15 21:36:17,505 basehttp "GET /api/tutores/ HTTP/1.1" 200 1034
INFO 2025-12-15 21:36:18,992 basehttp "GET /api/vacinas/ HTTP/1.1" 200 52
INFO 2025-12-15 21:36:19,003 basehttp "GET /api/animais/ HTTP/1.1" 200 677
INFO 2025-12-15 21:36:19,033 basehttp "GET /api/vacinas/ HTTP/1.1" 200 52
INFO 2025-12-15 21:36:19,045 basehttp "GET /api/animais/ HTTP/1.1" 200 677
INFO 2025-12-15 21:36:20,205 basehttp "GET /api/exames/ HTTP/1.1" 200 52
INFO 2025-12-15 21:36:20,217 basehttp "GET /api/veterinarios/ HTTP/1.1" 200 853
INFO 2025-12-15 21:36:20,227 basehttp "GET /api/animais/ HTTP/1.1" 200 677
INFO 2025-12-15 21:36:20,265 basehttp "GET /api/exames/ HTTP/1.1" 200 52
INFO 2025-12-15 21:36:20,276 basehttp "GET /api/veterinarios/ HTTP/1.1" 200 853
INFO 2025-12-15 21:36:20,286 basehttp "GET /api/animais/ HTTP/1.1" 200 677
INFO 2025-12-15 21:36:21,539 basehttp "GET /api/vacinas/ HTTP/1.1" 200 52
INFO 2025-12-15 21:36:21,543 basehttp "GET /api/animais/ HTTP/1.1" 200 677
INFO 2025-12-15 21:36:21,611 basehttp "GET /api/vacinas/ HTTP/1.1" 200 52
INFO 2025-12-15 21:36:21,653 basehttp "GET /api/animais/ HTTP/1.1" 200 677
INFO 2025-12-15 21:36:22,325 basehttp "GET /api/animais/ HTTP/1.1" 200 677
INFO 2025-12-15 21:36:22,347 basehttp "GET /api/tutores/ HTTP/1.1" 200 1034
INFO 2025-12-15 21:36:22,378 basehttp "GET /api/animais/ HTTP/1.1" 200 677
INFO 2025-12-15 21:36:22,408 basehttp "GET /api/tutores/ HTTP/1.1" 200 1034
INFO 2025-12-15 21:38:12,889 basehttp "GET /api/consultas/ HTTP/1.1" 200 350
INFO 2025-12-15 21:38:12,936 basehttp "GET /api/consultas/ HTTP/1.1" 200 350
INFO 2025-12-15 21:38:17,748 basehttp "POST /api/auth/login/ HTTP/1.1" 200 807
INFO 2025-12-15 21:38:19,649 basehttp "GET /api/consultas/ HTTP/1.1" 200 350
INFO 2025-12-15 21:38:19,691 basehttp "GET /api/consultas/ HTTP/1.1" 200 350
INFO 2025-12-15 21:38:20,937 basehttp "GET /api/animais/ HTTP/1.1" 200 677
INFO 2025-12-15 21:38:20,955 basehttp "GET /api/tutores/ HTTP/1.1" 200 1034
INFO 2025-12-15 21:38:20,982 basehttp "GET /api/animais/ HTTP/1.1" 200 677
INFO 2025-12-15 21:38:21,007 basehttp "GET /api/tutores/ HTTP/1.1" 200 1034
INFO 2025-12-15 21:38:23,177 basehttp "GET /api/vacinas/ HTTP/1.1" 200 52
INFO 2025-12-15 21:38:23,207 basehttp "GET /api/vacinas/ HTTP/1.1" 200 52
INFO 2025-12-15 21:38:24,467 basehttp "GET /api/exames/ HTTP/1.1" 200 52
INFO 2025-12-15 21:38:24,502 basehttp "GET /api/exames/ HTTP/1.1" 200 52
INFO 2025-12-15 21:38:25,658 basehttp "GET /api/animais/ HTTP/1.1" 200 677
INFO 2025-12-15 21:38:25,673 basehttp "GET /api/tutores/ HTTP/1.1" 200 1034
INFO 2025-12-15 21:38:25,702 basehttp "GET /api/animais/ HTTP/1.1" 200 677
INFO 2025-12-15 21:38:25,723 basehttp "GET /api/tutores/ HTTP/1.1" 200 1034
INFO 2025-12-15 21:38:45,252 basehttp "GET /api/vacinas/ HTTP/1.1" 200 52
INFO 2025-12-15 21:38:45,286 basehttp "GET /api/vacinas/ HTTP/1.1" 200 52
INFO 2025-12-15 21:39:52,495 basehttp "GET /api/vacinas/ HTTP/1.1" 200 52
INFO 2025-12-15 21:39:52,534 basehttp "GET /api/vacinas/ HTTP/1.1" 200 52
INFO 2025-12-15 21:39:57,231 basehttp "POST /api/auth/login/ HTTP/1.1" 200 807
INFO 2025-12-15 21:39:59,077 basehttp "GET /api/consultas/ HTTP/1.1" 200 350
INFO 2025-12-15 21:39:59,114 basehttp "GET /api/consultas/ HTTP/1.1" 200 350
INFO 2025-12-15 21:40:00,528 basehttp "GET /api/animais/ HTTP/1.1" 200 677
INFO 2025-12-15 21:40:00,572 basehttp "GET /api/animais/ HTTP/1.1" 200 677
INFO 2025-12-15 21:40:02,602 basehttp "GET /api/vacinas/ HTTP/1.1" 200 52
INFO 2025-12-15 21:40:02,644 basehttp "GET /api/vacinas/ HTTP/1.1" 200 52
INFO 2025-12-15 21:40:03,793 basehttp "GET /api/exames/ HTTP/1.1" 200 52
INFO 2025-12-15 21:40:03,833 basehttp "GET /api/exames/ HTTP/1.1" 200 52
INFO 2025-12-15 22:12:12,581 autoreload Watching for file changes with StatReloader
WARNING 2025-12-15 22:12:17,745 log Not Found: /
WARNING 2025-12-15 22:12:17,747 basehttp "GET / HTTP/1.1" 404 2779
WARNING 2025-12-15 22:12:18,378 log Unauthorized: /api/auth/login/
WARNING 2025-12-15 22:12:18,378 basehttp "POST /api/auth/login/ HTTP/1.1" 401 45
WARNING 2025-12-15 22:12:18,397 log Unauthorized: /api/tutores/
WARNING 2025-12-15 22:12:18,403 basehttp "GET /api/tutores/ HTTP/1.1" 401 68
WARNING 2025-12-15 22:12:18,423 log Unauthorized: /api/animais/
WARNING 2025-12-15 22:12:18,430 basehttp "GET /api/animais/ HTTP/1.1" 401 68
WARNING 2025-12-15 22:12:18,455 log Unauthorized: /api/veterinarios/
WARNING 2025-12-15 22:12:18,459 basehttp "GET /api/veterinarios/ HTTP/1.1" 401 68
WARNING 2025-12-15 22:12:18,481 log Unauthorized: /api/consultas/
WARNING 2025-12-15 22:12:18,483 basehttp "GET /api/consultas/ HTTP/1.1" 401 68
WARNING 2025-12-15 22:12:18,501 log Unauthorized: /api/vacinas/
WARNING 2025-12-15 22:12:18,504 basehttp "GET /api/vacinas/ HTTP/1.1" 401 68
WARNING 2025-12-15 22:12:18,523 log Unauthorized: /api/exames/
WARNING 2025-12-15 22:12:18,526 basehttp "GET /api/exames/ HTTP/1.1" 401 68
WARNING 2025-12-15 22:12:18,560 log Not Found: /api/planos/
WARNING 2025-12-15 22:12:18,562 basehttp "GET /api/planos/ HTTP/1.1" 404 12501
INFO 2025-12-15 22:12:18,611 basehttp "GET /api/clinicas/ HTTP/1.1" 200 52
WARNING 2025-12-15 22:12:18,626 log Unauthorized: /api/tutores/
WARNING 2025-12-15 22:12:18,629 basehttp "GET /api/tutores/ HTTP/1.1" 401 68
INFO 2025-12-15 22:18:28,716 autoreload Watching for file changes with StatReloader
INFO 2025-12-15 22:18:39,358 autoreload Watching for file changes with StatReloader
INFO 2025-12-15 22:19:46,061 autoreload Watching for file changes with StatReloader
INFO 2025-12-15 22:21:23,404 autoreload Watching for file changes with StatReloader
INFO 2025-12-15 22:22:05,314 autoreload /home/fabianosf/Desktop/vetsystem/backend/api/models/plano_saude.py changed, reloading.
INFO 2025-12-15 22:22:06,144 autoreload Watching for file changes with StatReloader
INFO 2025-12-15 22:22:34,903 autoreload Watching for file changes with StatReloader
INFO 2025-12-15 22:23:17,601 autoreload /home/fabianosf/Desktop/vetsystem/backend/api/views.py changed, reloading.
INFO 2025-12-15 22:23:18,503 autoreload Watching for file changes with StatReloader
INFO 2025-12-15 22:24:11,762 autoreload /home/fabianosf/Desktop/vetsystem/backend/api/admin.py changed, reloading.
INFO 2025-12-15 22:24:12,612 autoreload Watching for file changes with StatReloader
INFO 2025-12-15 22:25:06,001 autoreload /home/fabianosf/Desktop/vetsystem/backend/api/admin.py changed, reloading.
INFO 2025-12-15 22:25:06,846 autoreload Watching for file changes with StatReloader
INFO 2025-12-15 22:26:13,791 autoreload /home/fabianosf/Desktop/vetsystem/backend/api/admin.py changed, reloading.
INFO 2025-12-15 22:26:14,679 autoreload Watching for file changes with StatReloader
INFO 2025-12-15 22:44:19,128 autoreload Watching for file changes with StatReloader
INFO 2025-12-15 22:48:40,199 basehttp "OPTIONS /api/tutores/ HTTP/1.1" 200 0
INFO 2025-12-15 22:48:40,202 basehttp "OPTIONS /api/animais/ HTTP/1.1" 200 0
INFO 2025-12-15 22:48:40,205 basehttp "OPTIONS /api/veterinarios/ HTTP/1.1" 200 0
INFO 2025-12-15 22:48:40,208 basehttp "OPTIONS /api/planos/ HTTP/1.1" 200 0
INFO 2025-12-15 22:48:40,215 basehttp "OPTIONS /api/consultas/ HTTP/1.1" 200 0
INFO 2025-12-15 22:48:40,219 basehttp "OPTIONS /api/animais/ HTTP/1.1" 200 0
INFO 2025-12-15 22:48:40,218 basehttp "OPTIONS /api/tutores/ HTTP/1.1" 200 0
INFO 2025-12-15 22:48:40,225 basehttp "OPTIONS /api/consultas/ HTTP/1.1" 200 0
INFO 2025-12-15 22:48:40,230 basehttp "OPTIONS /api/planos/ HTTP/1.1" 200 0
INFO 2025-12-15 22:48:40,231 basehttp "OPTIONS /api/veterinarios/ HTTP/1.1" 200 0
WARNING 2025-12-15 22:48:40,286 log Unauthorized: /api/tutores/
WARNING 2025-12-15 22:48:40,288 log Unauthorized: /api/animais/
WARNING 2025-12-15 22:48:40,290 log Unauthorized: /api/veterinarios/
WARNING 2025-12-15 22:48:40,292 log Unauthorized: /api/consultas/
WARNING 2025-12-15 22:48:40,293 log Unauthorized: /api/planos/
WARNING 2025-12-15 22:48:40,294 basehttp "GET /api/tutores/ HTTP/1.1" 401 191
WARNING 2025-12-15 22:48:40,294 basehttp "GET /api/veterinarios/ HTTP/1.1" 401 191
WARNING 2025-12-15 22:48:40,295 basehttp "GET /api/consultas/ HTTP/1.1" 401 191
WARNING 2025-12-15 22:48:40,295 basehttp "GET /api/animais/ HTTP/1.1" 401 191
WARNING 2025-12-15 22:48:40,295 basehttp "GET /api/planos/ HTTP/1.1" 401 191
WARNING 2025-12-15 22:48:40,335 log Unauthorized: /api/tutores/
WARNING 2025-12-15 22:48:40,336 basehttp "GET /api/tutores/ HTTP/1.1" 401 191
WARNING 2025-12-15 22:48:40,349 log Unauthorized: /api/animais/
WARNING 2025-12-15 22:48:40,351 basehttp "GET /api/animais/ HTTP/1.1" 401 191
WARNING 2025-12-15 22:48:40,357 log Unauthorized: /api/consultas/
WARNING 2025-12-15 22:48:40,370 basehttp "GET /api/consultas/ HTTP/1.1" 401 191
WARNING 2025-12-15 22:48:40,362 log Unauthorized: /api/planos/
WARNING 2025-12-15 22:48:40,371 basehttp "GET /api/planos/ HTTP/1.1" 401 191
WARNING 2025-12-15 22:48:40,369 log Unauthorized: /api/veterinarios/
INFO 2025-12-15 22:48:40,375 basehttp "OPTIONS /api/auth/token/refresh/ HTTP/1.1" 200 0
INFO 2025-12-15 22:48:40,375 basehttp "OPTIONS /api/auth/token/refresh/ HTTP/1.1" 200 0
WARNING 2025-12-15 22:48:40,376 basehttp "GET /api/veterinarios/ HTTP/1.1" 401 191
INFO 2025-12-15 22:48:40,409 basehttp "OPTIONS /api/auth/token/refresh/ HTTP/1.1" 200 0
INFO 2025-12-15 22:48:40,429 basehttp "OPTIONS /api/auth/token/refresh/ HTTP/1.1" 200 0
INFO 2025-12-15 22:48:40,454 basehttp "OPTIONS /api/auth/token/refresh/ HTTP/1.1" 200 0
INFO 2025-12-15 22:48:40,463 basehttp "OPTIONS /api/auth/token/refresh/ HTTP/1.1" 200 0
WARNING 2025-12-15 22:48:40,557 log Not Found: /api/auth/token/refresh/
WARNING 2025-12-15 22:48:40,590 basehttp "POST /api/auth/token/refresh/ HTTP/1.1" 404 13429
WARNING 2025-12-15 22:48:40,595 log Not Found: /api/auth/token/refresh/
WARNING 2025-12-15 22:48:40,596 log Not Found: /api/auth/token/refresh/
WARNING 2025-12-15 22:48:40,614 log Not Found: /api/auth/token/refresh/
WARNING 2025-12-15 22:48:40,640 basehttp "POST /api/auth/token/refresh/ HTTP/1.1" 404 13429
WARNING 2025-12-15 22:48:40,633 basehttp "POST /api/auth/token/refresh/ HTTP/1.1" 404 13429
WARNING 2025-12-15 22:48:40,632 log Not Found: /api/auth/token/refresh/
WARNING 2025-12-15 22:48:40,644 basehttp "POST /api/auth/token/refresh/ HTTP/1.1" 404 13429
WARNING 2025-12-15 22:48:40,633 basehttp "POST /api/auth/token/refresh/ HTTP/1.1" 404 13429
WARNING 2025-12-15 22:48:40,649 log Not Found: /api/auth/token/refresh/
WARNING 2025-12-15 22:48:40,673 log Not Found: /api/auth/token/refresh/
WARNING 2025-12-15 22:48:40,692 basehttp "POST /api/auth/token/refresh/ HTTP/1.1" 404 13429
WARNING 2025-12-15 22:48:40,703 basehttp "POST /api/auth/token/refresh/ HTTP/1.1" 404 13429
WARNING 2025-12-15 22:48:40,777 log Not Found: /api/auth/token/refresh/
WARNING 2025-12-15 22:48:40,778 basehttp "POST /api/auth/token/refresh/ HTTP/1.1" 404 13429
WARNING 2025-12-15 22:48:40,790 log Not Found: /api/auth/token/refresh/
WARNING 2025-12-15 22:48:40,791 basehttp "POST /api/auth/token/refresh/ HTTP/1.1" 404 13429
WARNING 2025-12-15 22:48:40,816 log Not Found: /api/auth/token/refresh/
WARNING 2025-12-15 22:48:40,816 basehttp "POST /api/auth/token/refresh/ HTTP/1.1" 404 13429
INFO 2025-12-15 22:48:59,746 basehttp "OPTIONS /api/auth/login/ HTTP/1.1" 200 0
INFO 2025-12-15 22:49:00,398 basehttp "POST /api/auth/login/ HTTP/1.1" 200 807
INFO 2025-12-15 22:49:00,727 basehttp "GET /api/tutores/ HTTP/1.1" 200 1034
INFO 2025-12-15 22:49:00,739 basehttp "GET /api/animais/ HTTP/1.1" 200 677
INFO 2025-12-15 22:49:00,742 basehttp "GET /api/veterinarios/ HTTP/1.1" 200 853
INFO 2025-12-15 22:49:00,809 basehttp "GET /api/animais/ HTTP/1.1" 200 677
INFO 2025-12-15 22:49:00,811 basehttp "GET /api/tutores/ HTTP/1.1" 200 1034
INFO 2025-12-15 22:49:00,817 basehttp "GET /api/veterinarios/ HTTP/1.1" 200 853
ERROR 2025-12-15 22:49:00,931 log Internal Server Error: /api/consultas/
Traceback (most recent call last):
  File "/home/fabianosf/.local/lib/python3.12/site-packages/django/core/handlers/exception.py", line 55, in inner
    response = get_response(request)
               ^^^^^^^^^^^^^^^^^^^^^
  File "/home/fabianosf/.local/lib/python3.12/site-packages/django/core/handlers/base.py", line 197, in _get_response
    response = wrapped_callback(request, *callback_args, **callback_kwargs)
               ^^^^^^^^^^^^^^^^^^^^^^^^^^^^^^^^^^^^^^^^^^^^^^^^^^^^^^^^^^^^
  File "/home/fabianosf/.local/lib/python3.12/site-packages/django/views/decorators/csrf.py", line 56, in wrapper_view
    return view_func(*args, **kwargs)
           ^^^^^^^^^^^^^^^^^^^^^^^^^^
  File "/home/fabianosf/.local/lib/python3.12/site-packages/rest_framework/viewsets.py", line 125, in view
    return self.dispatch(request, *args, **kwargs)
           ^^^^^^^^^^^^^^^^^^^^^^^^^^^^^^^^^^^^^^^
  File "/home/fabianosf/.local/lib/python3.12/site-packages/rest_framework/views.py", line 509, in dispatch
    response = self.handle_exception(exc)
               ^^^^^^^^^^^^^^^^^^^^^^^^^^
  File "/home/fabianosf/.local/lib/python3.12/site-packages/rest_framework/views.py", line 469, in handle_exception
    self.raise_uncaught_exception(exc)
  File "/home/fabianosf/.local/lib/python3.12/site-packages/rest_framework/views.py", line 480, in raise_uncaught_exception
    raise exc
  File "/home/fabianosf/.local/lib/python3.12/site-packages/rest_framework/views.py", line 506, in dispatch
    response = handler(request, *args, **kwargs)
               ^^^^^^^^^^^^^^^^^^^^^^^^^^^^^^^^^
  File "/home/fabianosf/.local/lib/python3.12/site-packages/rest_framework/mixins.py", line 38, in list
    queryset = self.filter_queryset(self.get_queryset())
                                    ^^^^^^^^^^^^^^^^^^^
  File "/home/fabianosf/Desktop/vetsystem/backend/api/views.py", line 71, in get_queryset
    return queryset.order_by('-data_consulta')
           ^^^^^^^^^^^^^^^^^^^^^^^^^^^^^^^^^^^
  File "/home/fabianosf/.local/lib/python3.12/site-packages/django/db/models/query.py", line 1659, in order_by
    obj.query.add_ordering(*field_names)
  File "/home/fabianosf/.local/lib/python3.12/site-packages/django/db/models/sql/query.py", line 2221, in add_ordering
    self.names_to_path(item.split(LOOKUP_SEP), self.model._meta)
  File "/home/fabianosf/.local/lib/python3.12/site-packages/django/db/models/sql/query.py", line 1724, in names_to_path
    raise FieldError(
django.core.exceptions.FieldError: Cannot resolve keyword 'data_consulta' into field. Choices are: animal, animal_id, created_at, data, diagnostico, hora, id, motivo, observacoes, prescricao, status, tipo, updated_at, valor, veterinario, veterinario_id
ERROR 2025-12-15 22:49:00,989 log Internal Server Error: /api/planos/
Traceback (most recent call last):
  File "/home/fabianosf/.local/lib/python3.12/site-packages/django/db/backends/utils.py", line 89, in _execute
    return self.cursor.execute(sql, params)
           ^^^^^^^^^^^^^^^^^^^^^^^^^^^^^^^^
psycopg2.errors.UndefinedTable: relation "plano_saude" does not exist
LINE 1: SELECT COUNT(*) AS "__count" FROM "plano_saude"
                                          ^


The above exception was the direct cause of the following exception:

Traceback (most recent call last):
  File "/home/fabianosf/.local/lib/python3.12/site-packages/django/core/handlers/exception.py", line 55, in inner
    response = get_response(request)
               ^^^^^^^^^^^^^^^^^^^^^
  File "/home/fabianosf/.local/lib/python3.12/site-packages/django/core/handlers/base.py", line 197, in _get_response
    response = wrapped_callback(request, *callback_args, **callback_kwargs)
               ^^^^^^^^^^^^^^^^^^^^^^^^^^^^^^^^^^^^^^^^^^^^^^^^^^^^^^^^^^^^
  File "/home/fabianosf/.local/lib/python3.12/site-packages/django/views/decorators/csrf.py", line 56, in wrapper_view
    return view_func(*args, **kwargs)
           ^^^^^^^^^^^^^^^^^^^^^^^^^^
  File "/home/fabianosf/.local/lib/python3.12/site-packages/rest_framework/viewsets.py", line 125, in view
    return self.dispatch(request, *args, **kwargs)
           ^^^^^^^^^^^^^^^^^^^^^^^^^^^^^^^^^^^^^^^
  File "/home/fabianosf/.local/lib/python3.12/site-packages/rest_framework/views.py", line 509, in dispatch
    response = self.handle_exception(exc)
               ^^^^^^^^^^^^^^^^^^^^^^^^^^
  File "/home/fabianosf/.local/lib/python3.12/site-packages/rest_framework/views.py", line 469, in handle_exception
    self.raise_uncaught_exception(exc)
  File "/home/fabianosf/.local/lib/python3.12/site-packages/rest_framework/views.py", line 480, in raise_uncaught_exception
    raise exc
  File "/home/fabianosf/.local/lib/python3.12/site-packages/rest_framework/views.py", line 506, in dispatch
    response = handler(request, *args, **kwargs)
               ^^^^^^^^^^^^^^^^^^^^^^^^^^^^^^^^^
  File "/home/fabianosf/.local/lib/python3.12/site-packages/rest_framework/mixins.py", line 40, in list
    page = self.paginate_queryset(queryset)
           ^^^^^^^^^^^^^^^^^^^^^^^^^^^^^^^^
  File "/home/fabianosf/.local/lib/python3.12/site-packages/rest_framework/generics.py", line 171, in paginate_queryset
    return self.paginator.paginate_queryset(queryset, self.request, view=self)
           ^^^^^^^^^^^^^^^^^^^^^^^^^^^^^^^^^^^^^^^^^^^^^^^^^^^^^^^^^^^^^^^^^^^
  File "/home/fabianosf/.local/lib/python3.12/site-packages/rest_framework/pagination.py", line 204, in paginate_queryset
    self.page = paginator.page(page_number)
                ^^^^^^^^^^^^^^^^^^^^^^^^^^^
  File "/home/fabianosf/.local/lib/python3.12/site-packages/django/core/paginator.py", line 72, in page
    number = self.validate_number(number)
             ^^^^^^^^^^^^^^^^^^^^^^^^^^^^
  File "/home/fabianosf/.local/lib/python3.12/site-packages/django/core/paginator.py", line 53, in validate_number
    if number > self.num_pages:
                ^^^^^^^^^^^^^^
  File "/home/fabianosf/.local/lib/python3.12/site-packages/django/utils/functional.py", line 57, in __get__
    res = instance.__dict__[self.name] = self.func(instance)
                                         ^^^^^^^^^^^^^^^^^^^
  File "/home/fabianosf/.local/lib/python3.12/site-packages/django/core/paginator.py", line 99, in num_pages
    if self.count == 0 and not self.allow_empty_first_page:
       ^^^^^^^^^^
  File "/home/fabianosf/.local/lib/python3.12/site-packages/django/utils/functional.py", line 57, in __get__
    res = instance.__dict__[self.name] = self.func(instance)
                                         ^^^^^^^^^^^^^^^^^^^
  File "/home/fabianosf/.local/lib/python3.12/site-packages/django/core/paginator.py", line 93, in count
    return c()
           ^^^
  File "/home/fabianosf/.local/lib/python3.12/site-packages/django/db/models/query.py", line 608, in count
    return self.query.get_count(using=self.db)
           ^^^^^^^^^^^^^^^^^^^^^^^^^^^^^^^^^^^
  File "/home/fabianosf/.local/lib/python3.12/site-packages/django/db/models/sql/query.py", line 568, in get_count
    return obj.get_aggregation(using, {"__count": Count("*")})["__count"]
           ^^^^^^^^^^^^^^^^^^^^^^^^^^^^^^^^^^^^^^^^^^^^^^^^^^^
  File "/home/fabianosf/.local/lib/python3.12/site-packages/django/db/models/sql/query.py", line 554, in get_aggregation
    result = compiler.execute_sql(SINGLE)
             ^^^^^^^^^^^^^^^^^^^^^^^^^^^^
  File "/home/fabianosf/.local/lib/python3.12/site-packages/django/db/models/sql/compiler.py", line 1562, in execute_sql
    cursor.execute(sql, params)
  File "/home/fabianosf/.local/lib/python3.12/site-packages/django/db/backends/utils.py", line 102, in execute
    return super().execute(sql, params)
           ^^^^^^^^^^^^^^^^^^^^^^^^^^^^
  File "/home/fabianosf/.local/lib/python3.12/site-packages/django/db/backends/utils.py", line 67, in execute
    return self._execute_with_wrappers(
           ^^^^^^^^^^^^^^^^^^^^^^^^^^^^
  File "/home/fabianosf/.local/lib/python3.12/site-packages/django/db/backends/utils.py", line 80, in _execute_with_wrappers
    return executor(sql, params, many, context)
           ^^^^^^^^^^^^^^^^^^^^^^^^^^^^^^^^^^^^
  File "/home/fabianosf/.local/lib/python3.12/site-packages/django/db/backends/utils.py", line 84, in _execute
    with self.db.wrap_database_errors:
  File "/home/fabianosf/.local/lib/python3.12/site-packages/django/db/utils.py", line 91, in __exit__
    raise dj_exc_value.with_traceback(traceback) from exc_value
  File "/home/fabianosf/.local/lib/python3.12/site-packages/django/db/backends/utils.py", line 89, in _execute
    return self.cursor.execute(sql, params)
           ^^^^^^^^^^^^^^^^^^^^^^^^^^^^^^^^
django.db.utils.ProgrammingError: relation "plano_saude" does not exist
LINE 1: SELECT COUNT(*) AS "__count" FROM "plano_saude"
                                          ^

ERROR 2025-12-15 22:49:00,994 basehttp "GET /api/consultas/ HTTP/1.1" 500 125914
ERROR 2025-12-15 22:49:01,004 basehttp "GET /api/planos/ HTTP/1.1" 500 194308
ERROR 2025-12-15 22:49:01,110 log Internal Server Error: /api/consultas/
Traceback (most recent call last):
  File "/home/fabianosf/.local/lib/python3.12/site-packages/django/core/handlers/exception.py", line 55, in inner
    response = get_response(request)
               ^^^^^^^^^^^^^^^^^^^^^
  File "/home/fabianosf/.local/lib/python3.12/site-packages/django/core/handlers/base.py", line 197, in _get_response
    response = wrapped_callback(request, *callback_args, **callback_kwargs)
               ^^^^^^^^^^^^^^^^^^^^^^^^^^^^^^^^^^^^^^^^^^^^^^^^^^^^^^^^^^^^
  File "/home/fabianosf/.local/lib/python3.12/site-packages/django/views/decorators/csrf.py", line 56, in wrapper_view
    return view_func(*args, **kwargs)
           ^^^^^^^^^^^^^^^^^^^^^^^^^^
  File "/home/fabianosf/.local/lib/python3.12/site-packages/rest_framework/viewsets.py", line 125, in view
    return self.dispatch(request, *args, **kwargs)
           ^^^^^^^^^^^^^^^^^^^^^^^^^^^^^^^^^^^^^^^
  File "/home/fabianosf/.local/lib/python3.12/site-packages/rest_framework/views.py", line 509, in dispatch
    response = self.handle_exception(exc)
               ^^^^^^^^^^^^^^^^^^^^^^^^^^
  File "/home/fabianosf/.local/lib/python3.12/site-packages/rest_framework/views.py", line 469, in handle_exception
    self.raise_uncaught_exception(exc)
  File "/home/fabianosf/.local/lib/python3.12/site-packages/rest_framework/views.py", line 480, in raise_uncaught_exception
    raise exc
  File "/home/fabianosf/.local/lib/python3.12/site-packages/rest_framework/views.py", line 506, in dispatch
    response = handler(request, *args, **kwargs)
               ^^^^^^^^^^^^^^^^^^^^^^^^^^^^^^^^^
  File "/home/fabianosf/.local/lib/python3.12/site-packages/rest_framework/mixins.py", line 38, in list
    queryset = self.filter_queryset(self.get_queryset())
                                    ^^^^^^^^^^^^^^^^^^^
  File "/home/fabianosf/Desktop/vetsystem/backend/api/views.py", line 71, in get_queryset
    return queryset.order_by('-data_consulta')
           ^^^^^^^^^^^^^^^^^^^^^^^^^^^^^^^^^^^
  File "/home/fabianosf/.local/lib/python3.12/site-packages/django/db/models/query.py", line 1659, in order_by
    obj.query.add_ordering(*field_names)
  File "/home/fabianosf/.local/lib/python3.12/site-packages/django/db/models/sql/query.py", line 2221, in add_ordering
    self.names_to_path(item.split(LOOKUP_SEP), self.model._meta)
  File "/home/fabianosf/.local/lib/python3.12/site-packages/django/db/models/sql/query.py", line 1724, in names_to_path
    raise FieldError(
django.core.exceptions.FieldError: Cannot resolve keyword 'data_consulta' into field. Choices are: animal, animal_id, created_at, data, diagnostico, hora, id, motivo, observacoes, prescricao, status, tipo, updated_at, valor, veterinario, veterinario_id
ERROR 2025-12-15 22:49:01,114 basehttp "GET /api/consultas/ HTTP/1.1" 500 125914
ERROR 2025-12-15 22:49:01,197 log Internal Server Error: /api/planos/
Traceback (most recent call last):
  File "/home/fabianosf/.local/lib/python3.12/site-packages/django/db/backends/utils.py", line 89, in _execute
    return self.cursor.execute(sql, params)
           ^^^^^^^^^^^^^^^^^^^^^^^^^^^^^^^^
psycopg2.errors.UndefinedTable: relation "plano_saude" does not exist
LINE 1: SELECT COUNT(*) AS "__count" FROM "plano_saude"
                                          ^


The above exception was the direct cause of the following exception:

Traceback (most recent call last):
  File "/home/fabianosf/.local/lib/python3.12/site-packages/django/core/handlers/exception.py", line 55, in inner
    response = get_response(request)
               ^^^^^^^^^^^^^^^^^^^^^
  File "/home/fabianosf/.local/lib/python3.12/site-packages/django/core/handlers/base.py", line 197, in _get_response
    response = wrapped_callback(request, *callback_args, **callback_kwargs)
               ^^^^^^^^^^^^^^^^^^^^^^^^^^^^^^^^^^^^^^^^^^^^^^^^^^^^^^^^^^^^
  File "/home/fabianosf/.local/lib/python3.12/site-packages/django/views/decorators/csrf.py", line 56, in wrapper_view
    return view_func(*args, **kwargs)
           ^^^^^^^^^^^^^^^^^^^^^^^^^^
  File "/home/fabianosf/.local/lib/python3.12/site-packages/rest_framework/viewsets.py", line 125, in view
    return self.dispatch(request, *args, **kwargs)
           ^^^^^^^^^^^^^^^^^^^^^^^^^^^^^^^^^^^^^^^
  File "/home/fabianosf/.local/lib/python3.12/site-packages/rest_framework/views.py", line 509, in dispatch
    response = self.handle_exception(exc)
               ^^^^^^^^^^^^^^^^^^^^^^^^^^
  File "/home/fabianosf/.local/lib/python3.12/site-packages/rest_framework/views.py", line 469, in handle_exception
    self.raise_uncaught_exception(exc)
  File "/home/fabianosf/.local/lib/python3.12/site-packages/rest_framework/views.py", line 480, in raise_uncaught_exception
    raise exc
  File "/home/fabianosf/.local/lib/python3.12/site-packages/rest_framework/views.py", line 506, in dispatch
    response = handler(request, *args, **kwargs)
               ^^^^^^^^^^^^^^^^^^^^^^^^^^^^^^^^^
  File "/home/fabianosf/.local/lib/python3.12/site-packages/rest_framework/mixins.py", line 40, in list
    page = self.paginate_queryset(queryset)
           ^^^^^^^^^^^^^^^^^^^^^^^^^^^^^^^^
  File "/home/fabianosf/.local/lib/python3.12/site-packages/rest_framework/generics.py", line 171, in paginate_queryset
    return self.paginator.paginate_queryset(queryset, self.request, view=self)
           ^^^^^^^^^^^^^^^^^^^^^^^^^^^^^^^^^^^^^^^^^^^^^^^^^^^^^^^^^^^^^^^^^^^
  File "/home/fabianosf/.local/lib/python3.12/site-packages/rest_framework/pagination.py", line 204, in paginate_queryset
    self.page = paginator.page(page_number)
                ^^^^^^^^^^^^^^^^^^^^^^^^^^^
  File "/home/fabianosf/.local/lib/python3.12/site-packages/django/core/paginator.py", line 72, in page
    number = self.validate_number(number)
             ^^^^^^^^^^^^^^^^^^^^^^^^^^^^
  File "/home/fabianosf/.local/lib/python3.12/site-packages/django/core/paginator.py", line 53, in validate_number
    if number > self.num_pages:
                ^^^^^^^^^^^^^^
  File "/home/fabianosf/.local/lib/python3.12/site-packages/django/utils/functional.py", line 57, in __get__
    res = instance.__dict__[self.name] = self.func(instance)
                                         ^^^^^^^^^^^^^^^^^^^
  File "/home/fabianosf/.local/lib/python3.12/site-packages/django/core/paginator.py", line 99, in num_pages
    if self.count == 0 and not self.allow_empty_first_page:
       ^^^^^^^^^^
  File "/home/fabianosf/.local/lib/python3.12/site-packages/django/utils/functional.py", line 57, in __get__
    res = instance.__dict__[self.name] = self.func(instance)
                                         ^^^^^^^^^^^^^^^^^^^
  File "/home/fabianosf/.local/lib/python3.12/site-packages/django/core/paginator.py", line 93, in count
    return c()
           ^^^
  File "/home/fabianosf/.local/lib/python3.12/site-packages/django/db/models/query.py", line 608, in count
    return self.query.get_count(using=self.db)
           ^^^^^^^^^^^^^^^^^^^^^^^^^^^^^^^^^^^
  File "/home/fabianosf/.local/lib/python3.12/site-packages/django/db/models/sql/query.py", line 568, in get_count
    return obj.get_aggregation(using, {"__count": Count("*")})["__count"]
           ^^^^^^^^^^^^^^^^^^^^^^^^^^^^^^^^^^^^^^^^^^^^^^^^^^^
  File "/home/fabianosf/.local/lib/python3.12/site-packages/django/db/models/sql/query.py", line 554, in get_aggregation
    result = compiler.execute_sql(SINGLE)
             ^^^^^^^^^^^^^^^^^^^^^^^^^^^^
  File "/home/fabianosf/.local/lib/python3.12/site-packages/django/db/models/sql/compiler.py", line 1562, in execute_sql
    cursor.execute(sql, params)
  File "/home/fabianosf/.local/lib/python3.12/site-packages/django/db/backends/utils.py", line 102, in execute
    return super().execute(sql, params)
           ^^^^^^^^^^^^^^^^^^^^^^^^^^^^
  File "/home/fabianosf/.local/lib/python3.12/site-packages/django/db/backends/utils.py", line 67, in execute
    return self._execute_with_wrappers(
           ^^^^^^^^^^^^^^^^^^^^^^^^^^^^
  File "/home/fabianosf/.local/lib/python3.12/site-packages/django/db/backends/utils.py", line 80, in _execute_with_wrappers
    return executor(sql, params, many, context)
           ^^^^^^^^^^^^^^^^^^^^^^^^^^^^^^^^^^^^
  File "/home/fabianosf/.local/lib/python3.12/site-packages/django/db/backends/utils.py", line 84, in _execute
    with self.db.wrap_database_errors:
  File "/home/fabianosf/.local/lib/python3.12/site-packages/django/db/utils.py", line 91, in __exit__
    raise dj_exc_value.with_traceback(traceback) from exc_value
  File "/home/fabianosf/.local/lib/python3.12/site-packages/django/db/backends/utils.py", line 89, in _execute
    return self.cursor.execute(sql, params)
           ^^^^^^^^^^^^^^^^^^^^^^^^^^^^^^^^
django.db.utils.ProgrammingError: relation "plano_saude" does not exist
LINE 1: SELECT COUNT(*) AS "__count" FROM "plano_saude"
                                          ^

ERROR 2025-12-15 22:49:01,201 basehttp "GET /api/planos/ HTTP/1.1" 500 194308
INFO 2025-12-15 22:53:18,672 autoreload Watching for file changes with StatReloader
INFO 2025-12-15 22:57:56,765 autoreload Watching for file changes with StatReloader
INFO 2025-12-15 22:58:10,396 basehttp "GET /api/animais/ HTTP/1.1" 200 677
INFO 2025-12-15 22:58:10,404 basehttp "GET /api/veterinarios/ HTTP/1.1" 200 853
INFO 2025-12-15 22:58:10,485 basehttp "GET /api/veterinarios/ HTTP/1.1" 200 853
INFO 2025-12-15 22:58:10,487 basehttp "GET /api/tutores/ HTTP/1.1" 200 1034
INFO 2025-12-15 22:58:10,518 basehttp "GET /api/animais/ HTTP/1.1" 200 677
INFO 2025-12-15 22:58:10,562 basehttp "GET /api/tutores/ HTTP/1.1" 200 1034
ERROR 2025-12-15 22:58:10,642 log Internal Server Error: /api/consultas/
Traceback (most recent call last):
  File "/home/fabianosf/.local/lib/python3.12/site-packages/django/core/handlers/exception.py", line 55, in inner
    response = get_response(request)
               ^^^^^^^^^^^^^^^^^^^^^
  File "/home/fabianosf/.local/lib/python3.12/site-packages/django/core/handlers/base.py", line 197, in _get_response
    response = wrapped_callback(request, *callback_args, **callback_kwargs)
               ^^^^^^^^^^^^^^^^^^^^^^^^^^^^^^^^^^^^^^^^^^^^^^^^^^^^^^^^^^^^
  File "/home/fabianosf/.local/lib/python3.12/site-packages/django/views/decorators/csrf.py", line 56, in wrapper_view
    return view_func(*args, **kwargs)
           ^^^^^^^^^^^^^^^^^^^^^^^^^^
  File "/home/fabianosf/.local/lib/python3.12/site-packages/rest_framework/viewsets.py", line 125, in view
    return self.dispatch(request, *args, **kwargs)
           ^^^^^^^^^^^^^^^^^^^^^^^^^^^^^^^^^^^^^^^
  File "/home/fabianosf/.local/lib/python3.12/site-packages/rest_framework/views.py", line 509, in dispatch
    response = self.handle_exception(exc)
               ^^^^^^^^^^^^^^^^^^^^^^^^^^
  File "/home/fabianosf/.local/lib/python3.12/site-packages/rest_framework/views.py", line 469, in handle_exception
    self.raise_uncaught_exception(exc)
  File "/home/fabianosf/.local/lib/python3.12/site-packages/rest_framework/views.py", line 480, in raise_uncaught_exception
    raise exc
  File "/home/fabianosf/.local/lib/python3.12/site-packages/rest_framework/views.py", line 506, in dispatch
    response = handler(request, *args, **kwargs)
               ^^^^^^^^^^^^^^^^^^^^^^^^^^^^^^^^^
  File "/home/fabianosf/.local/lib/python3.12/site-packages/rest_framework/mixins.py", line 38, in list
    queryset = self.filter_queryset(self.get_queryset())
                                    ^^^^^^^^^^^^^^^^^^^
  File "/home/fabianosf/Desktop/vetsystem/backend/api/views.py", line 71, in get_queryset
    return queryset.order_by('-data_consulta')
           ^^^^^^^^^^^^^^^^^^^^^^^^^^^^^^^^^^^
  File "/home/fabianosf/.local/lib/python3.12/site-packages/django/db/models/query.py", line 1659, in order_by
    obj.query.add_ordering(*field_names)
  File "/home/fabianosf/.local/lib/python3.12/site-packages/django/db/models/sql/query.py", line 2221, in add_ordering
    self.names_to_path(item.split(LOOKUP_SEP), self.model._meta)
  File "/home/fabianosf/.local/lib/python3.12/site-packages/django/db/models/sql/query.py", line 1724, in names_to_path
    raise FieldError(
django.core.exceptions.FieldError: Cannot resolve keyword 'data_consulta' into field. Choices are: animal, animal_id, clinica, clinica_id, created_at, data, diagnostico, horario, id, motivo, observacoes, prescricao, status, tipo, updated_at, valor, veterinario, veterinario_id
ERROR 2025-12-15 22:58:10,660 log Internal Server Error: /api/planos/
Traceback (most recent call last):
  File "/home/fabianosf/.local/lib/python3.12/site-packages/django/db/backends/utils.py", line 89, in _execute
    return self.cursor.execute(sql, params)
           ^^^^^^^^^^^^^^^^^^^^^^^^^^^^^^^^
psycopg2.errors.UndefinedTable: relation "plano_saude" does not exist
LINE 1: SELECT COUNT(*) AS "__count" FROM "plano_saude"
                                          ^


The above exception was the direct cause of the following exception:

Traceback (most recent call last):
  File "/home/fabianosf/.local/lib/python3.12/site-packages/django/core/handlers/exception.py", line 55, in inner
    response = get_response(request)
               ^^^^^^^^^^^^^^^^^^^^^
  File "/home/fabianosf/.local/lib/python3.12/site-packages/django/core/handlers/base.py", line 197, in _get_response
    response = wrapped_callback(request, *callback_args, **callback_kwargs)
               ^^^^^^^^^^^^^^^^^^^^^^^^^^^^^^^^^^^^^^^^^^^^^^^^^^^^^^^^^^^^
  File "/home/fabianosf/.local/lib/python3.12/site-packages/django/views/decorators/csrf.py", line 56, in wrapper_view
    return view_func(*args, **kwargs)
           ^^^^^^^^^^^^^^^^^^^^^^^^^^
  File "/home/fabianosf/.local/lib/python3.12/site-packages/rest_framework/viewsets.py", line 125, in view
    return self.dispatch(request, *args, **kwargs)
           ^^^^^^^^^^^^^^^^^^^^^^^^^^^^^^^^^^^^^^^
  File "/home/fabianosf/.local/lib/python3.12/site-packages/rest_framework/views.py", line 509, in dispatch
    response = self.handle_exception(exc)
               ^^^^^^^^^^^^^^^^^^^^^^^^^^
  File "/home/fabianosf/.local/lib/python3.12/site-packages/rest_framework/views.py", line 469, in handle_exception
    self.raise_uncaught_exception(exc)
  File "/home/fabianosf/.local/lib/python3.12/site-packages/rest_framework/views.py", line 480, in raise_uncaught_exception
    raise exc
  File "/home/fabianosf/.local/lib/python3.12/site-packages/rest_framework/views.py", line 506, in dispatch
    response = handler(request, *args, **kwargs)
               ^^^^^^^^^^^^^^^^^^^^^^^^^^^^^^^^^
  File "/home/fabianosf/.local/lib/python3.12/site-packages/rest_framework/mixins.py", line 40, in list
    page = self.paginate_queryset(queryset)
           ^^^^^^^^^^^^^^^^^^^^^^^^^^^^^^^^
  File "/home/fabianosf/.local/lib/python3.12/site-packages/rest_framework/generics.py", line 171, in paginate_queryset
    return self.paginator.paginate_queryset(queryset, self.request, view=self)
           ^^^^^^^^^^^^^^^^^^^^^^^^^^^^^^^^^^^^^^^^^^^^^^^^^^^^^^^^^^^^^^^^^^^
  File "/home/fabianosf/.local/lib/python3.12/site-packages/rest_framework/pagination.py", line 204, in paginate_queryset
    self.page = paginator.page(page_number)
                ^^^^^^^^^^^^^^^^^^^^^^^^^^^
  File "/home/fabianosf/.local/lib/python3.12/site-packages/django/core/paginator.py", line 72, in page
    number = self.validate_number(number)
             ^^^^^^^^^^^^^^^^^^^^^^^^^^^^
  File "/home/fabianosf/.local/lib/python3.12/site-packages/django/core/paginator.py", line 53, in validate_number
    if number > self.num_pages:
                ^^^^^^^^^^^^^^
  File "/home/fabianosf/.local/lib/python3.12/site-packages/django/utils/functional.py", line 57, in __get__
    res = instance.__dict__[self.name] = self.func(instance)
                                         ^^^^^^^^^^^^^^^^^^^
  File "/home/fabianosf/.local/lib/python3.12/site-packages/django/core/paginator.py", line 99, in num_pages
    if self.count == 0 and not self.allow_empty_first_page:
       ^^^^^^^^^^
  File "/home/fabianosf/.local/lib/python3.12/site-packages/django/utils/functional.py", line 57, in __get__
    res = instance.__dict__[self.name] = self.func(instance)
                                         ^^^^^^^^^^^^^^^^^^^
  File "/home/fabianosf/.local/lib/python3.12/site-packages/django/core/paginator.py", line 93, in count
    return c()
           ^^^
  File "/home/fabianosf/.local/lib/python3.12/site-packages/django/db/models/query.py", line 608, in count
    return self.query.get_count(using=self.db)
           ^^^^^^^^^^^^^^^^^^^^^^^^^^^^^^^^^^^
  File "/home/fabianosf/.local/lib/python3.12/site-packages/django/db/models/sql/query.py", line 568, in get_count
    return obj.get_aggregation(using, {"__count": Count("*")})["__count"]
           ^^^^^^^^^^^^^^^^^^^^^^^^^^^^^^^^^^^^^^^^^^^^^^^^^^^
  File "/home/fabianosf/.local/lib/python3.12/site-packages/django/db/models/sql/query.py", line 554, in get_aggregation
    result = compiler.execute_sql(SINGLE)
             ^^^^^^^^^^^^^^^^^^^^^^^^^^^^
  File "/home/fabianosf/.local/lib/python3.12/site-packages/django/db/models/sql/compiler.py", line 1562, in execute_sql
    cursor.execute(sql, params)
  File "/home/fabianosf/.local/lib/python3.12/site-packages/django/db/backends/utils.py", line 102, in execute
    return super().execute(sql, params)
           ^^^^^^^^^^^^^^^^^^^^^^^^^^^^
  File "/home/fabianosf/.local/lib/python3.12/site-packages/django/db/backends/utils.py", line 67, in execute
    return self._execute_with_wrappers(
           ^^^^^^^^^^^^^^^^^^^^^^^^^^^^
  File "/home/fabianosf/.local/lib/python3.12/site-packages/django/db/backends/utils.py", line 80, in _execute_with_wrappers
    return executor(sql, params, many, context)
           ^^^^^^^^^^^^^^^^^^^^^^^^^^^^^^^^^^^^
  File "/home/fabianosf/.local/lib/python3.12/site-packages/django/db/backends/utils.py", line 84, in _execute
    with self.db.wrap_database_errors:
  File "/home/fabianosf/.local/lib/python3.12/site-packages/django/db/utils.py", line 91, in __exit__
    raise dj_exc_value.with_traceback(traceback) from exc_value
  File "/home/fabianosf/.local/lib/python3.12/site-packages/django/db/backends/utils.py", line 89, in _execute
    return self.cursor.execute(sql, params)
           ^^^^^^^^^^^^^^^^^^^^^^^^^^^^^^^^
django.db.utils.ProgrammingError: relation "plano_saude" does not exist
LINE 1: SELECT COUNT(*) AS "__count" FROM "plano_saude"
                                          ^

ERROR 2025-12-15 22:58:10,680 basehttp "GET /api/planos/ HTTP/1.1" 500 194308
ERROR 2025-12-15 22:58:10,668 basehttp "GET /api/consultas/ HTTP/1.1" 500 126510
ERROR 2025-12-15 22:58:10,965 log Internal Server Error: /api/consultas/
Traceback (most recent call last):
  File "/home/fabianosf/.local/lib/python3.12/site-packages/django/core/handlers/exception.py", line 55, in inner
    response = get_response(request)
               ^^^^^^^^^^^^^^^^^^^^^
  File "/home/fabianosf/.local/lib/python3.12/site-packages/django/core/handlers/base.py", line 197, in _get_response
    response = wrapped_callback(request, *callback_args, **callback_kwargs)
               ^^^^^^^^^^^^^^^^^^^^^^^^^^^^^^^^^^^^^^^^^^^^^^^^^^^^^^^^^^^^
  File "/home/fabianosf/.local/lib/python3.12/site-packages/django/views/decorators/csrf.py", line 56, in wrapper_view
    return view_func(*args, **kwargs)
           ^^^^^^^^^^^^^^^^^^^^^^^^^^
  File "/home/fabianosf/.local/lib/python3.12/site-packages/rest_framework/viewsets.py", line 125, in view
    return self.dispatch(request, *args, **kwargs)
           ^^^^^^^^^^^^^^^^^^^^^^^^^^^^^^^^^^^^^^^
  File "/home/fabianosf/.local/lib/python3.12/site-packages/rest_framework/views.py", line 509, in dispatch
    response = self.handle_exception(exc)
               ^^^^^^^^^^^^^^^^^^^^^^^^^^
  File "/home/fabianosf/.local/lib/python3.12/site-packages/rest_framework/views.py", line 469, in handle_exception
    self.raise_uncaught_exception(exc)
  File "/home/fabianosf/.local/lib/python3.12/site-packages/rest_framework/views.py", line 480, in raise_uncaught_exception
    raise exc
  File "/home/fabianosf/.local/lib/python3.12/site-packages/rest_framework/views.py", line 506, in dispatch
    response = handler(request, *args, **kwargs)
               ^^^^^^^^^^^^^^^^^^^^^^^^^^^^^^^^^
  File "/home/fabianosf/.local/lib/python3.12/site-packages/rest_framework/mixins.py", line 38, in list
    queryset = self.filter_queryset(self.get_queryset())
                                    ^^^^^^^^^^^^^^^^^^^
  File "/home/fabianosf/Desktop/vetsystem/backend/api/views.py", line 71, in get_queryset
    return queryset.order_by('-data_consulta')
           ^^^^^^^^^^^^^^^^^^^^^^^^^^^^^^^^^^^
  File "/home/fabianosf/.local/lib/python3.12/site-packages/django/db/models/query.py", line 1659, in order_by
    obj.query.add_ordering(*field_names)
  File "/home/fabianosf/.local/lib/python3.12/site-packages/django/db/models/sql/query.py", line 2221, in add_ordering
    self.names_to_path(item.split(LOOKUP_SEP), self.model._meta)
  File "/home/fabianosf/.local/lib/python3.12/site-packages/django/db/models/sql/query.py", line 1724, in names_to_path
    raise FieldError(
django.core.exceptions.FieldError: Cannot resolve keyword 'data_consulta' into field. Choices are: animal, animal_id, clinica, clinica_id, created_at, data, diagnostico, horario, id, motivo, observacoes, prescricao, status, tipo, updated_at, valor, veterinario, veterinario_id
ERROR 2025-12-15 22:58:10,985 basehttp "GET /api/consultas/ HTTP/1.1" 500 126510
ERROR 2025-12-15 22:58:11,085 log Internal Server Error: /api/planos/
Traceback (most recent call last):
  File "/home/fabianosf/.local/lib/python3.12/site-packages/django/db/backends/utils.py", line 89, in _execute
    return self.cursor.execute(sql, params)
           ^^^^^^^^^^^^^^^^^^^^^^^^^^^^^^^^
psycopg2.errors.UndefinedTable: relation "plano_saude" does not exist
LINE 1: SELECT COUNT(*) AS "__count" FROM "plano_saude"
                                          ^


The above exception was the direct cause of the following exception:

Traceback (most recent call last):
  File "/home/fabianosf/.local/lib/python3.12/site-packages/django/core/handlers/exception.py", line 55, in inner
    response = get_response(request)
               ^^^^^^^^^^^^^^^^^^^^^
  File "/home/fabianosf/.local/lib/python3.12/site-packages/django/core/handlers/base.py", line 197, in _get_response
    response = wrapped_callback(request, *callback_args, **callback_kwargs)
               ^^^^^^^^^^^^^^^^^^^^^^^^^^^^^^^^^^^^^^^^^^^^^^^^^^^^^^^^^^^^
  File "/home/fabianosf/.local/lib/python3.12/site-packages/django/views/decorators/csrf.py", line 56, in wrapper_view
    return view_func(*args, **kwargs)
           ^^^^^^^^^^^^^^^^^^^^^^^^^^
  File "/home/fabianosf/.local/lib/python3.12/site-packages/rest_framework/viewsets.py", line 125, in view
    return self.dispatch(request, *args, **kwargs)
           ^^^^^^^^^^^^^^^^^^^^^^^^^^^^^^^^^^^^^^^
  File "/home/fabianosf/.local/lib/python3.12/site-packages/rest_framework/views.py", line 509, in dispatch
    response = self.handle_exception(exc)
               ^^^^^^^^^^^^^^^^^^^^^^^^^^
  File "/home/fabianosf/.local/lib/python3.12/site-packages/rest_framework/views.py", line 469, in handle_exception
    self.raise_uncaught_exception(exc)
  File "/home/fabianosf/.local/lib/python3.12/site-packages/rest_framework/views.py", line 480, in raise_uncaught_exception
    raise exc
  File "/home/fabianosf/.local/lib/python3.12/site-packages/rest_framework/views.py", line 506, in dispatch
    response = handler(request, *args, **kwargs)
               ^^^^^^^^^^^^^^^^^^^^^^^^^^^^^^^^^
  File "/home/fabianosf/.local/lib/python3.12/site-packages/rest_framework/mixins.py", line 40, in list
    page = self.paginate_queryset(queryset)
           ^^^^^^^^^^^^^^^^^^^^^^^^^^^^^^^^
  File "/home/fabianosf/.local/lib/python3.12/site-packages/rest_framework/generics.py", line 171, in paginate_queryset
    return self.paginator.paginate_queryset(queryset, self.request, view=self)
           ^^^^^^^^^^^^^^^^^^^^^^^^^^^^^^^^^^^^^^^^^^^^^^^^^^^^^^^^^^^^^^^^^^^
  File "/home/fabianosf/.local/lib/python3.12/site-packages/rest_framework/pagination.py", line 204, in paginate_queryset
    self.page = paginator.page(page_number)
                ^^^^^^^^^^^^^^^^^^^^^^^^^^^
  File "/home/fabianosf/.local/lib/python3.12/site-packages/django/core/paginator.py", line 72, in page
    number = self.validate_number(number)
             ^^^^^^^^^^^^^^^^^^^^^^^^^^^^
  File "/home/fabianosf/.local/lib/python3.12/site-packages/django/core/paginator.py", line 53, in validate_number
    if number > self.num_pages:
                ^^^^^^^^^^^^^^
  File "/home/fabianosf/.local/lib/python3.12/site-packages/django/utils/functional.py", line 57, in __get__
    res = instance.__dict__[self.name] = self.func(instance)
                                         ^^^^^^^^^^^^^^^^^^^
  File "/home/fabianosf/.local/lib/python3.12/site-packages/django/core/paginator.py", line 99, in num_pages
    if self.count == 0 and not self.allow_empty_first_page:
       ^^^^^^^^^^
  File "/home/fabianosf/.local/lib/python3.12/site-packages/django/utils/functional.py", line 57, in __get__
    res = instance.__dict__[self.name] = self.func(instance)
                                         ^^^^^^^^^^^^^^^^^^^
  File "/home/fabianosf/.local/lib/python3.12/site-packages/django/core/paginator.py", line 93, in count
    return c()
           ^^^
  File "/home/fabianosf/.local/lib/python3.12/site-packages/django/db/models/query.py", line 608, in count
    return self.query.get_count(using=self.db)
           ^^^^^^^^^^^^^^^^^^^^^^^^^^^^^^^^^^^
  File "/home/fabianosf/.local/lib/python3.12/site-packages/django/db/models/sql/query.py", line 568, in get_count
    return obj.get_aggregation(using, {"__count": Count("*")})["__count"]
           ^^^^^^^^^^^^^^^^^^^^^^^^^^^^^^^^^^^^^^^^^^^^^^^^^^^
  File "/home/fabianosf/.local/lib/python3.12/site-packages/django/db/models/sql/query.py", line 554, in get_aggregation
    result = compiler.execute_sql(SINGLE)
             ^^^^^^^^^^^^^^^^^^^^^^^^^^^^
  File "/home/fabianosf/.local/lib/python3.12/site-packages/django/db/models/sql/compiler.py", line 1562, in execute_sql
    cursor.execute(sql, params)
  File "/home/fabianosf/.local/lib/python3.12/site-packages/django/db/backends/utils.py", line 102, in execute
    return super().execute(sql, params)
           ^^^^^^^^^^^^^^^^^^^^^^^^^^^^
  File "/home/fabianosf/.local/lib/python3.12/site-packages/django/db/backends/utils.py", line 67, in execute
    return self._execute_with_wrappers(
           ^^^^^^^^^^^^^^^^^^^^^^^^^^^^
  File "/home/fabianosf/.local/lib/python3.12/site-packages/django/db/backends/utils.py", line 80, in _execute_with_wrappers
    return executor(sql, params, many, context)
           ^^^^^^^^^^^^^^^^^^^^^^^^^^^^^^^^^^^^
  File "/home/fabianosf/.local/lib/python3.12/site-packages/django/db/backends/utils.py", line 84, in _execute
    with self.db.wrap_database_errors:
  File "/home/fabianosf/.local/lib/python3.12/site-packages/django/db/utils.py", line 91, in __exit__
    raise dj_exc_value.with_traceback(traceback) from exc_value
  File "/home/fabianosf/.local/lib/python3.12/site-packages/django/db/backends/utils.py", line 89, in _execute
    return self.cursor.execute(sql, params)
           ^^^^^^^^^^^^^^^^^^^^^^^^^^^^^^^^
django.db.utils.ProgrammingError: relation "plano_saude" does not exist
LINE 1: SELECT COUNT(*) AS "__count" FROM "plano_saude"
                                          ^

ERROR 2025-12-15 22:58:11,097 basehttp "GET /api/planos/ HTTP/1.1" 500 194308
INFO 2025-12-15 23:12:02,843 autoreload Watching for file changes with StatReloader
WARNING 2025-12-15 23:12:22,846 log Unauthorized: /api/animais/
WARNING 2025-12-15 23:12:22,852 basehttp "GET /api/animais/ HTTP/1.1" 401 61
WARNING 2025-12-15 23:12:22,848 log Unauthorized: /api/tutores/
WARNING 2025-12-15 23:12:22,855 basehttp "GET /api/tutores/ HTTP/1.1" 401 61
WARNING 2025-12-15 23:12:22,884 log Unauthorized: /api/veterinarios/
WARNING 2025-12-15 23:12:22,885 basehttp "GET /api/veterinarios/ HTTP/1.1" 401 61
WARNING 2025-12-15 23:12:22,923 log Unauthorized: /api/planos/
WARNING 2025-12-15 23:12:22,936 basehttp "GET /api/planos/ HTTP/1.1" 401 61
WARNING 2025-12-15 23:12:22,963 log Unauthorized: /api/veterinarios/
WARNING 2025-12-15 23:12:22,969 log Unauthorized: /api/tutores/
WARNING 2025-12-15 23:12:22,969 basehttp "GET /api/veterinarios/ HTTP/1.1" 401 61
WARNING 2025-12-15 23:12:22,970 log Unauthorized: /api/animais/
WARNING 2025-12-15 23:12:22,975 basehttp "GET /api/tutores/ HTTP/1.1" 401 61
WARNING 2025-12-15 23:12:22,975 basehttp "GET /api/animais/ HTTP/1.1" 401 61
WARNING 2025-12-15 23:12:23,027 log Not Found: /api/auth/token/refresh/
WARNING 2025-12-15 23:12:23,031 log Not Found: /api/auth/token/refresh/
WARNING 2025-12-15 23:12:23,031 basehttp "POST /api/auth/token/refresh/ HTTP/1.1" 404 13429
WARNING 2025-12-15 23:12:23,048 basehttp "POST /api/auth/token/refresh/ HTTP/1.1" 404 13429
WARNING 2025-12-15 23:12:23,063 log Not Found: /api/auth/token/refresh/
WARNING 2025-12-15 23:12:23,077 basehttp "POST /api/auth/token/refresh/ HTTP/1.1" 404 13429
WARNING 2025-12-15 23:12:23,070 log Not Found: /api/auth/token/refresh/
WARNING 2025-12-15 23:12:23,084 basehttp "POST /api/auth/token/refresh/ HTTP/1.1" 404 13429
WARNING 2025-12-15 23:12:23,064 log Unauthorized: /api/planos/
WARNING 2025-12-15 23:12:23,085 basehttp "GET /api/planos/ HTTP/1.1" 401 61
WARNING 2025-12-15 23:12:23,102 log Not Found: /api/auth/token/refresh/
INFO 2025-12-15 23:12:23,132 basehttp code 400, message Bad request syntax ('{"refresh":"eyJhbGciOiJIUzI1NiIsInR5cCI6IkpXVCJ9.eyJ0b2tlbl90eXBlIjoicmVmcmVzaCIsImV4cCI6MTc2NjQ1NDU0MCwiaWF0IjoxNzY1ODQ5NzQwLCJqdGkiOiIzNTY5ODIwZGJmYjQ0MDlkYTczNTU0NjRlOWJiODkxMyIsInVzZXJfaWQiOiI1IiwidXNlcm5hbWUiOiJmYWJpYW5vc2YiLCJlbWFpbCI6ImZhYmlhbm8uZnJlaXRhc0BnbWFpbC5jb20iLCJyb2xlIjoiVFVUT1IifQ.awG9gs_oHNiywD5_NY1u0KGtrmVB_IdTInAzc8gO_as"}')
WARNING 2025-12-15 23:12:23,132 basehttp "{"refresh":"eyJhbGciOiJIUzI1NiIsInR5cCI6IkpXVCJ9.eyJ0b2tlbl90eXBlIjoicmVmcmVzaCIsImV4cCI6MTc2NjQ1NDU0MCwiaWF0IjoxNzY1ODQ5NzQwLCJqdGkiOiIzNTY5ODIwZGJmYjQ0MDlkYTczNTU0NjRlOWJiODkxMyIsInVzZXJfaWQiOiI1IiwidXNlcm5hbWUiOiJmYWJpYW5vc2YiLCJlbWFpbCI6ImZhYmlhbm8uZnJlaXRhc0BnbWFpbC5jb20iLCJyb2xlIjoiVFVUT1IifQ.awG9gs_oHNiywD5_NY1u0KGtrmVB_IdTInAzc8gO_as"}" 400 -
INFO 2025-12-15 23:12:23,133 basehttp - Broken pipe from ('127.0.0.1', 45774)
WARNING 2025-12-15 23:12:23,144 log Not Found: /api/auth/token/refresh/
WARNING 2025-12-15 23:12:23,157 log Not Found: /api/auth/token/refresh/
INFO 2025-12-15 23:12:23,159 basehttp code 400, message Bad request syntax ('{"refresh":"eyJhbGciOiJIUzI1NiIsInR5cCI6IkpXVCJ9.eyJ0b2tlbl90eXBlIjoicmVmcmVzaCIsImV4cCI6MTc2NjQ1NDU0MCwiaWF0IjoxNzY1ODQ5NzQwLCJqdGkiOiIzNTY5ODIwZGJmYjQ0MDlkYTczNTU0NjRlOWJiODkxMyIsInVzZXJfaWQiOiI1IiwidXNlcm5hbWUiOiJmYWJpYW5vc2YiLCJlbWFpbCI6ImZhYmlhbm8uZnJlaXRhc0BnbWFpbC5jb20iLCJyb2xlIjoiVFVUT1IifQ.awG9gs_oHNiywD5_NY1u0KGtrmVB_IdTInAzc8gO_as"}')
WARNING 2025-12-15 23:12:23,161 basehttp "{"refresh":"eyJhbGciOiJIUzI1NiIsInR5cCI6IkpXVCJ9.eyJ0b2tlbl90eXBlIjoicmVmcmVzaCIsImV4cCI6MTc2NjQ1NDU0MCwiaWF0IjoxNzY1ODQ5NzQwLCJqdGkiOiIzNTY5ODIwZGJmYjQ0MDlkYTczNTU0NjRlOWJiODkxMyIsInVzZXJfaWQiOiI1IiwidXNlcm5hbWUiOiJmYWJpYW5vc2YiLCJlbWFpbCI6ImZhYmlhbm8uZnJlaXRhc0BnbWFpbC5jb20iLCJyb2xlIjoiVFVUT1IifQ.awG9gs_oHNiywD5_NY1u0KGtrmVB_IdTInAzc8gO_as"}" 400 -
INFO 2025-12-15 23:12:23,161 basehttp code 400, message Bad request syntax ('{"refresh":"eyJhbGciOiJIUzI1NiIsInR5cCI6IkpXVCJ9.eyJ0b2tlbl90eXBlIjoicmVmcmVzaCIsImV4cCI6MTc2NjQ1NDU0MCwiaWF0IjoxNzY1ODQ5NzQwLCJqdGkiOiIzNTY5ODIwZGJmYjQ0MDlkYTczNTU0NjRlOWJiODkxMyIsInVzZXJfaWQiOiI1IiwidXNlcm5hbWUiOiJmYWJpYW5vc2YiLCJlbWFpbCI6ImZhYmlhbm8uZnJlaXRhc0BnbWFpbC5jb20iLCJyb2xlIjoiVFVUT1IifQ.awG9gs_oHNiywD5_NY1u0KGtrmVB_IdTInAzc8gO_as"}')
INFO 2025-12-15 23:12:23,161 basehttp - Broken pipe from ('127.0.0.1', 45772)
WARNING 2025-12-15 23:12:23,163 basehttp "{"refresh":"eyJhbGciOiJIUzI1NiIsInR5cCI6IkpXVCJ9.eyJ0b2tlbl90eXBlIjoicmVmcmVzaCIsImV4cCI6MTc2NjQ1NDU0MCwiaWF0IjoxNzY1ODQ5NzQwLCJqdGkiOiIzNTY5ODIwZGJmYjQ0MDlkYTczNTU0NjRlOWJiODkxMyIsInVzZXJfaWQiOiI1IiwidXNlcm5hbWUiOiJmYWJpYW5vc2YiLCJlbWFpbCI6ImZhYmlhbm8uZnJlaXRhc0BnbWFpbC5jb20iLCJyb2xlIjoiVFVUT1IifQ.awG9gs_oHNiywD5_NY1u0KGtrmVB_IdTInAzc8gO_as"}" 400 -
INFO 2025-12-15 23:12:23,166 basehttp - Broken pipe from ('127.0.0.1', 45742)
INFO 2025-12-15 23:14:47,099 basehttp "POST /api/auth/login/ HTTP/1.1" 200 763
INFO 2025-12-15 23:14:47,354 basehttp "GET /api/tutores/ HTTP/1.1" 200 363
INFO 2025-12-15 23:14:47,376 basehttp "GET /api/animais/ HTTP/1.1" 200 675
INFO 2025-12-15 23:14:47,396 basehttp "GET /api/veterinarios/ HTTP/1.1" 200 434
INFO 2025-12-15 23:14:47,399 basehttp "GET /api/planos/ HTTP/1.1" 200 1070
INFO 2025-12-15 23:14:47,430 basehttp "GET /api/tutores/ HTTP/1.1" 200 363
INFO 2025-12-15 23:14:47,451 basehttp "GET /api/animais/ HTTP/1.1" 200 675
INFO 2025-12-15 23:14:47,470 basehttp "GET /api/veterinarios/ HTTP/1.1" 200 434
INFO 2025-12-15 23:14:47,472 basehttp "GET /api/planos/ HTTP/1.1" 200 1070
INFO 2025-12-15 23:14:53,165 basehttp "OPTIONS /api/clinicas/ HTTP/1.1" 200 0
INFO 2025-12-15 23:14:53,170 basehttp "OPTIONS /api/clinicas/ HTTP/1.1" 200 0
INFO 2025-12-15 23:14:53,246 basehttp "GET /api/veterinarios/ HTTP/1.1" 200 434
INFO 2025-12-15 23:14:53,250 basehttp "GET /api/clinicas/ HTTP/1.1" 200 647
INFO 2025-12-15 23:14:53,262 basehttp "GET /api/animais/ HTTP/1.1" 200 675
INFO 2025-12-15 23:14:53,317 basehttp "GET /api/veterinarios/ HTTP/1.1" 200 434
ERROR 2025-12-15 23:14:53,326 log Internal Server Error: /api/consultas/
Traceback (most recent call last):
  File "/home/fabianosf/.local/lib/python3.12/site-packages/django/core/handlers/exception.py", line 55, in inner
    response = get_response(request)
               ^^^^^^^^^^^^^^^^^^^^^
  File "/home/fabianosf/.local/lib/python3.12/site-packages/django/core/handlers/base.py", line 197, in _get_response
    response = wrapped_callback(request, *callback_args, **callback_kwargs)
               ^^^^^^^^^^^^^^^^^^^^^^^^^^^^^^^^^^^^^^^^^^^^^^^^^^^^^^^^^^^^
  File "/home/fabianosf/.local/lib/python3.12/site-packages/django/views/decorators/csrf.py", line 56, in wrapper_view
    return view_func(*args, **kwargs)
           ^^^^^^^^^^^^^^^^^^^^^^^^^^
  File "/home/fabianosf/.local/lib/python3.12/site-packages/rest_framework/viewsets.py", line 125, in view
    return self.dispatch(request, *args, **kwargs)
           ^^^^^^^^^^^^^^^^^^^^^^^^^^^^^^^^^^^^^^^
  File "/home/fabianosf/.local/lib/python3.12/site-packages/rest_framework/views.py", line 509, in dispatch
    response = self.handle_exception(exc)
               ^^^^^^^^^^^^^^^^^^^^^^^^^^
  File "/home/fabianosf/.local/lib/python3.12/site-packages/rest_framework/views.py", line 469, in handle_exception
    self.raise_uncaught_exception(exc)
  File "/home/fabianosf/.local/lib/python3.12/site-packages/rest_framework/views.py", line 480, in raise_uncaught_exception
    raise exc
  File "/home/fabianosf/.local/lib/python3.12/site-packages/rest_framework/views.py", line 506, in dispatch
    response = handler(request, *args, **kwargs)
               ^^^^^^^^^^^^^^^^^^^^^^^^^^^^^^^^^
  File "/home/fabianosf/.local/lib/python3.12/site-packages/rest_framework/mixins.py", line 38, in list
    queryset = self.filter_queryset(self.get_queryset())
                                    ^^^^^^^^^^^^^^^^^^^
  File "/home/fabianosf/Desktop/vetsystem/backend/api/views.py", line 71, in get_queryset
    return queryset.order_by('-data_consulta')
           ^^^^^^^^^^^^^^^^^^^^^^^^^^^^^^^^^^^
  File "/home/fabianosf/.local/lib/python3.12/site-packages/django/db/models/query.py", line 1659, in order_by
    obj.query.add_ordering(*field_names)
  File "/home/fabianosf/.local/lib/python3.12/site-packages/django/db/models/sql/query.py", line 2221, in add_ordering
    self.names_to_path(item.split(LOOKUP_SEP), self.model._meta)
  File "/home/fabianosf/.local/lib/python3.12/site-packages/django/db/models/sql/query.py", line 1724, in names_to_path
    raise FieldError(
django.core.exceptions.FieldError: Cannot resolve keyword 'data_consulta' into field. Choices are: animal, animal_id, clinica, clinica_id, created_at, data, diagnostico, horario, id, motivo, observacoes, prescricao, status, tipo, updated_at, valor, veterinario, veterinario_id
INFO 2025-12-15 23:14:53,330 basehttp "GET /api/animais/ HTTP/1.1" 200 675
ERROR 2025-12-15 23:14:53,337 basehttp "GET /api/consultas/ HTTP/1.1" 500 126505
INFO 2025-12-15 23:14:53,344 basehttp "GET /api/clinicas/ HTTP/1.1" 200 647
ERROR 2025-12-15 23:14:53,492 log Internal Server Error: /api/consultas/
Traceback (most recent call last):
  File "/home/fabianosf/.local/lib/python3.12/site-packages/django/core/handlers/exception.py", line 55, in inner
    response = get_response(request)
               ^^^^^^^^^^^^^^^^^^^^^
  File "/home/fabianosf/.local/lib/python3.12/site-packages/django/core/handlers/base.py", line 197, in _get_response
    response = wrapped_callback(request, *callback_args, **callback_kwargs)
               ^^^^^^^^^^^^^^^^^^^^^^^^^^^^^^^^^^^^^^^^^^^^^^^^^^^^^^^^^^^^
  File "/home/fabianosf/.local/lib/python3.12/site-packages/django/views/decorators/csrf.py", line 56, in wrapper_view
    return view_func(*args, **kwargs)
           ^^^^^^^^^^^^^^^^^^^^^^^^^^
  File "/home/fabianosf/.local/lib/python3.12/site-packages/rest_framework/viewsets.py", line 125, in view
    return self.dispatch(request, *args, **kwargs)
           ^^^^^^^^^^^^^^^^^^^^^^^^^^^^^^^^^^^^^^^
  File "/home/fabianosf/.local/lib/python3.12/site-packages/rest_framework/views.py", line 509, in dispatch
    response = self.handle_exception(exc)
               ^^^^^^^^^^^^^^^^^^^^^^^^^^
  File "/home/fabianosf/.local/lib/python3.12/site-packages/rest_framework/views.py", line 469, in handle_exception
    self.raise_uncaught_exception(exc)
  File "/home/fabianosf/.local/lib/python3.12/site-packages/rest_framework/views.py", line 480, in raise_uncaught_exception
    raise exc
  File "/home/fabianosf/.local/lib/python3.12/site-packages/rest_framework/views.py", line 506, in dispatch
    response = handler(request, *args, **kwargs)
               ^^^^^^^^^^^^^^^^^^^^^^^^^^^^^^^^^
  File "/home/fabianosf/.local/lib/python3.12/site-packages/rest_framework/mixins.py", line 38, in list
    queryset = self.filter_queryset(self.get_queryset())
                                    ^^^^^^^^^^^^^^^^^^^
  File "/home/fabianosf/Desktop/vetsystem/backend/api/views.py", line 71, in get_queryset
    return queryset.order_by('-data_consulta')
           ^^^^^^^^^^^^^^^^^^^^^^^^^^^^^^^^^^^
  File "/home/fabianosf/.local/lib/python3.12/site-packages/django/db/models/query.py", line 1659, in order_by
    obj.query.add_ordering(*field_names)
  File "/home/fabianosf/.local/lib/python3.12/site-packages/django/db/models/sql/query.py", line 2221, in add_ordering
    self.names_to_path(item.split(LOOKUP_SEP), self.model._meta)
  File "/home/fabianosf/.local/lib/python3.12/site-packages/django/db/models/sql/query.py", line 1724, in names_to_path
    raise FieldError(
django.core.exceptions.FieldError: Cannot resolve keyword 'data_consulta' into field. Choices are: animal, animal_id, clinica, clinica_id, created_at, data, diagnostico, horario, id, motivo, observacoes, prescricao, status, tipo, updated_at, valor, veterinario, veterinario_id
ERROR 2025-12-15 23:14:53,498 basehttp "GET /api/consultas/ HTTP/1.1" 500 126505
INFO 2025-12-15 23:14:56,815 basehttp "GET /api/tutores/ HTTP/1.1" 200 363
INFO 2025-12-15 23:14:56,891 basehttp "GET /api/tutores/ HTTP/1.1" 200 363
INFO 2025-12-15 23:15:00,405 basehttp "GET /api/animais/ HTTP/1.1" 200 675
INFO 2025-12-15 23:15:00,407 basehttp "GET /api/tutores/ HTTP/1.1" 200 363
INFO 2025-12-15 23:15:00,448 basehttp "GET /api/animais/ HTTP/1.1" 200 675
INFO 2025-12-15 23:15:00,462 basehttp "GET /api/tutores/ HTTP/1.1" 200 363
INFO 2025-12-15 23:15:03,328 basehttp "GET /api/veterinarios/ HTTP/1.1" 200 434
INFO 2025-12-15 23:15:03,362 basehttp "GET /api/veterinarios/ HTTP/1.1" 200 434
INFO 2025-12-15 23:15:04,481 basehttp "GET /api/planos/ HTTP/1.1" 200 1070
INFO 2025-12-15 23:15:04,514 basehttp "GET /api/planos/ HTTP/1.1" 200 1070
INFO 2025-12-15 23:15:05,989 basehttp "GET /api/clinicas/ HTTP/1.1" 200 647
INFO 2025-12-15 23:15:06,023 basehttp "GET /api/clinicas/ HTTP/1.1" 200 647
INFO 2025-12-15 23:15:12,295 basehttp "GET /api/tutores/ HTTP/1.1" 200 363
INFO 2025-12-15 23:15:12,296 basehttp "GET /api/planos/ HTTP/1.1" 200 1070
INFO 2025-12-15 23:15:12,316 basehttp "GET /api/animais/ HTTP/1.1" 200 675
INFO 2025-12-15 23:15:12,325 basehttp "GET /api/veterinarios/ HTTP/1.1" 200 434
INFO 2025-12-15 23:15:12,361 basehttp "GET /api/tutores/ HTTP/1.1" 200 363
INFO 2025-12-15 23:15:12,363 basehttp "GET /api/planos/ HTTP/1.1" 200 1070
INFO 2025-12-15 23:15:12,377 basehttp "GET /api/veterinarios/ HTTP/1.1" 200 434
INFO 2025-12-15 23:15:12,390 basehttp "GET /api/animais/ HTTP/1.1" 200 675
INFO 2025-12-15 23:15:22,981 basehttp "GET /api/animais/ HTTP/1.1" 200 675
INFO 2025-12-15 23:15:23,031 basehttp "GET /api/clinicas/ HTTP/1.1" 200 647
INFO 2025-12-15 23:15:23,056 basehttp "GET /api/veterinarios/ HTTP/1.1" 200 434
INFO 2025-12-15 23:15:23,100 basehttp "GET /api/animais/ HTTP/1.1" 200 675
ERROR 2025-12-15 23:15:23,150 log Internal Server Error: /api/consultas/
Traceback (most recent call last):
  File "/home/fabianosf/.local/lib/python3.12/site-packages/django/core/handlers/exception.py", line 55, in inner
    response = get_response(request)
               ^^^^^^^^^^^^^^^^^^^^^
  File "/home/fabianosf/.local/lib/python3.12/site-packages/django/core/handlers/base.py", line 197, in _get_response
    response = wrapped_callback(request, *callback_args, **callback_kwargs)
               ^^^^^^^^^^^^^^^^^^^^^^^^^^^^^^^^^^^^^^^^^^^^^^^^^^^^^^^^^^^^
  File "/home/fabianosf/.local/lib/python3.12/site-packages/django/views/decorators/csrf.py", line 56, in wrapper_view
    return view_func(*args, **kwargs)
           ^^^^^^^^^^^^^^^^^^^^^^^^^^
  File "/home/fabianosf/.local/lib/python3.12/site-packages/rest_framework/viewsets.py", line 125, in view
    return self.dispatch(request, *args, **kwargs)
           ^^^^^^^^^^^^^^^^^^^^^^^^^^^^^^^^^^^^^^^
  File "/home/fabianosf/.local/lib/python3.12/site-packages/rest_framework/views.py", line 509, in dispatch
    response = self.handle_exception(exc)
               ^^^^^^^^^^^^^^^^^^^^^^^^^^
  File "/home/fabianosf/.local/lib/python3.12/site-packages/rest_framework/views.py", line 469, in handle_exception
    self.raise_uncaught_exception(exc)
  File "/home/fabianosf/.local/lib/python3.12/site-packages/rest_framework/views.py", line 480, in raise_uncaught_exception
    raise exc
  File "/home/fabianosf/.local/lib/python3.12/site-packages/rest_framework/views.py", line 506, in dispatch
    response = handler(request, *args, **kwargs)
               ^^^^^^^^^^^^^^^^^^^^^^^^^^^^^^^^^
  File "/home/fabianosf/.local/lib/python3.12/site-packages/rest_framework/mixins.py", line 38, in list
    queryset = self.filter_queryset(self.get_queryset())
                                    ^^^^^^^^^^^^^^^^^^^
  File "/home/fabianosf/Desktop/vetsystem/backend/api/views.py", line 71, in get_queryset
    return queryset.order_by('-data_consulta')
           ^^^^^^^^^^^^^^^^^^^^^^^^^^^^^^^^^^^
  File "/home/fabianosf/.local/lib/python3.12/site-packages/django/db/models/query.py", line 1659, in order_by
    obj.query.add_ordering(*field_names)
  File "/home/fabianosf/.local/lib/python3.12/site-packages/django/db/models/sql/query.py", line 2221, in add_ordering
    self.names_to_path(item.split(LOOKUP_SEP), self.model._meta)
  File "/home/fabianosf/.local/lib/python3.12/site-packages/django/db/models/sql/query.py", line 1724, in names_to_path
    raise FieldError(
django.core.exceptions.FieldError: Cannot resolve keyword 'data_consulta' into field. Choices are: animal, animal_id, clinica, clinica_id, created_at, data, diagnostico, horario, id, motivo, observacoes, prescricao, status, tipo, updated_at, valor, veterinario, veterinario_id
INFO 2025-12-15 23:15:23,151 basehttp "GET /api/clinicas/ HTTP/1.1" 200 647
INFO 2025-12-15 23:15:23,158 basehttp "GET /api/veterinarios/ HTTP/1.1" 200 434
ERROR 2025-12-15 23:15:23,158 basehttp "GET /api/consultas/ HTTP/1.1" 500 126505
ERROR 2025-12-15 23:15:23,263 log Internal Server Error: /api/consultas/
Traceback (most recent call last):
  File "/home/fabianosf/.local/lib/python3.12/site-packages/django/core/handlers/exception.py", line 55, in inner
    response = get_response(request)
               ^^^^^^^^^^^^^^^^^^^^^
  File "/home/fabianosf/.local/lib/python3.12/site-packages/django/core/handlers/base.py", line 197, in _get_response
    response = wrapped_callback(request, *callback_args, **callback_kwargs)
               ^^^^^^^^^^^^^^^^^^^^^^^^^^^^^^^^^^^^^^^^^^^^^^^^^^^^^^^^^^^^
  File "/home/fabianosf/.local/lib/python3.12/site-packages/django/views/decorators/csrf.py", line 56, in wrapper_view
    return view_func(*args, **kwargs)
           ^^^^^^^^^^^^^^^^^^^^^^^^^^
  File "/home/fabianosf/.local/lib/python3.12/site-packages/rest_framework/viewsets.py", line 125, in view
    return self.dispatch(request, *args, **kwargs)
           ^^^^^^^^^^^^^^^^^^^^^^^^^^^^^^^^^^^^^^^
  File "/home/fabianosf/.local/lib/python3.12/site-packages/rest_framework/views.py", line 509, in dispatch
    response = self.handle_exception(exc)
               ^^^^^^^^^^^^^^^^^^^^^^^^^^
  File "/home/fabianosf/.local/lib/python3.12/site-packages/rest_framework/views.py", line 469, in handle_exception
    self.raise_uncaught_exception(exc)
  File "/home/fabianosf/.local/lib/python3.12/site-packages/rest_framework/views.py", line 480, in raise_uncaught_exception
    raise exc
  File "/home/fabianosf/.local/lib/python3.12/site-packages/rest_framework/views.py", line 506, in dispatch
    response = handler(request, *args, **kwargs)
               ^^^^^^^^^^^^^^^^^^^^^^^^^^^^^^^^^
  File "/home/fabianosf/.local/lib/python3.12/site-packages/rest_framework/mixins.py", line 38, in list
    queryset = self.filter_queryset(self.get_queryset())
                                    ^^^^^^^^^^^^^^^^^^^
  File "/home/fabianosf/Desktop/vetsystem/backend/api/views.py", line 71, in get_queryset
    return queryset.order_by('-data_consulta')
           ^^^^^^^^^^^^^^^^^^^^^^^^^^^^^^^^^^^
  File "/home/fabianosf/.local/lib/python3.12/site-packages/django/db/models/query.py", line 1659, in order_by
    obj.query.add_ordering(*field_names)
  File "/home/fabianosf/.local/lib/python3.12/site-packages/django/db/models/sql/query.py", line 2221, in add_ordering
    self.names_to_path(item.split(LOOKUP_SEP), self.model._meta)
  File "/home/fabianosf/.local/lib/python3.12/site-packages/django/db/models/sql/query.py", line 1724, in names_to_path
    raise FieldError(
django.core.exceptions.FieldError: Cannot resolve keyword 'data_consulta' into field. Choices are: animal, animal_id, clinica, clinica_id, created_at, data, diagnostico, horario, id, motivo, observacoes, prescricao, status, tipo, updated_at, valor, veterinario, veterinario_id
ERROR 2025-12-15 23:15:23,265 basehttp "GET /api/consultas/ HTTP/1.1" 500 126505
INFO 2025-12-15 23:16:20,276 basehttp "GET /api/tutores/ HTTP/1.1" 200 363
INFO 2025-12-15 23:16:20,362 basehttp "GET /api/tutores/ HTTP/1.1" 200 363
INFO 2025-12-15 23:16:21,411 basehttp "GET /api/veterinarios/ HTTP/1.1" 200 434
INFO 2025-12-15 23:16:21,514 basehttp "GET /api/clinicas/ HTTP/1.1" 200 647
INFO 2025-12-15 23:16:21,515 basehttp "GET /api/veterinarios/ HTTP/1.1" 200 434
INFO 2025-12-15 23:16:21,521 basehttp "GET /api/animais/ HTTP/1.1" 200 675
INFO 2025-12-15 23:16:21,601 basehttp "GET /api/clinicas/ HTTP/1.1" 200 647
ERROR 2025-12-15 23:16:21,618 log Internal Server Error: /api/consultas/
Traceback (most recent call last):
  File "/home/fabianosf/.local/lib/python3.12/site-packages/django/core/handlers/exception.py", line 55, in inner
    response = get_response(request)
               ^^^^^^^^^^^^^^^^^^^^^
  File "/home/fabianosf/.local/lib/python3.12/site-packages/django/core/handlers/base.py", line 197, in _get_response
    response = wrapped_callback(request, *callback_args, **callback_kwargs)
               ^^^^^^^^^^^^^^^^^^^^^^^^^^^^^^^^^^^^^^^^^^^^^^^^^^^^^^^^^^^^
  File "/home/fabianosf/.local/lib/python3.12/site-packages/django/views/decorators/csrf.py", line 56, in wrapper_view
    return view_func(*args, **kwargs)
           ^^^^^^^^^^^^^^^^^^^^^^^^^^
  File "/home/fabianosf/.local/lib/python3.12/site-packages/rest_framework/viewsets.py", line 125, in view
    return self.dispatch(request, *args, **kwargs)
           ^^^^^^^^^^^^^^^^^^^^^^^^^^^^^^^^^^^^^^^
  File "/home/fabianosf/.local/lib/python3.12/site-packages/rest_framework/views.py", line 509, in dispatch
    response = self.handle_exception(exc)
               ^^^^^^^^^^^^^^^^^^^^^^^^^^
  File "/home/fabianosf/.local/lib/python3.12/site-packages/rest_framework/views.py", line 469, in handle_exception
    self.raise_uncaught_exception(exc)
  File "/home/fabianosf/.local/lib/python3.12/site-packages/rest_framework/views.py", line 480, in raise_uncaught_exception
    raise exc
  File "/home/fabianosf/.local/lib/python3.12/site-packages/rest_framework/views.py", line 506, in dispatch
    response = handler(request, *args, **kwargs)
               ^^^^^^^^^^^^^^^^^^^^^^^^^^^^^^^^^
  File "/home/fabianosf/.local/lib/python3.12/site-packages/rest_framework/mixins.py", line 38, in list
    queryset = self.filter_queryset(self.get_queryset())
                                    ^^^^^^^^^^^^^^^^^^^
  File "/home/fabianosf/Desktop/vetsystem/backend/api/views.py", line 71, in get_queryset
    return queryset.order_by('-data_consulta')
           ^^^^^^^^^^^^^^^^^^^^^^^^^^^^^^^^^^^
  File "/home/fabianosf/.local/lib/python3.12/site-packages/django/db/models/query.py", line 1659, in order_by
    obj.query.add_ordering(*field_names)
  File "/home/fabianosf/.local/lib/python3.12/site-packages/django/db/models/sql/query.py", line 2221, in add_ordering
    self.names_to_path(item.split(LOOKUP_SEP), self.model._meta)
  File "/home/fabianosf/.local/lib/python3.12/site-packages/django/db/models/sql/query.py", line 1724, in names_to_path
    raise FieldError(
django.core.exceptions.FieldError: Cannot resolve keyword 'data_consulta' into field. Choices are: animal, animal_id, clinica, clinica_id, created_at, data, diagnostico, horario, id, motivo, observacoes, prescricao, status, tipo, updated_at, valor, veterinario, veterinario_id
INFO 2025-12-15 23:16:21,619 basehttp "GET /api/animais/ HTTP/1.1" 200 675
ERROR 2025-12-15 23:16:21,622 basehttp "GET /api/consultas/ HTTP/1.1" 500 126505
ERROR 2025-12-15 23:16:21,716 log Internal Server Error: /api/consultas/
Traceback (most recent call last):
  File "/home/fabianosf/.local/lib/python3.12/site-packages/django/core/handlers/exception.py", line 55, in inner
    response = get_response(request)
               ^^^^^^^^^^^^^^^^^^^^^
  File "/home/fabianosf/.local/lib/python3.12/site-packages/django/core/handlers/base.py", line 197, in _get_response
    response = wrapped_callback(request, *callback_args, **callback_kwargs)
               ^^^^^^^^^^^^^^^^^^^^^^^^^^^^^^^^^^^^^^^^^^^^^^^^^^^^^^^^^^^^
  File "/home/fabianosf/.local/lib/python3.12/site-packages/django/views/decorators/csrf.py", line 56, in wrapper_view
    return view_func(*args, **kwargs)
           ^^^^^^^^^^^^^^^^^^^^^^^^^^
  File "/home/fabianosf/.local/lib/python3.12/site-packages/rest_framework/viewsets.py", line 125, in view
    return self.dispatch(request, *args, **kwargs)
           ^^^^^^^^^^^^^^^^^^^^^^^^^^^^^^^^^^^^^^^
  File "/home/fabianosf/.local/lib/python3.12/site-packages/rest_framework/views.py", line 509, in dispatch
    response = self.handle_exception(exc)
               ^^^^^^^^^^^^^^^^^^^^^^^^^^
  File "/home/fabianosf/.local/lib/python3.12/site-packages/rest_framework/views.py", line 469, in handle_exception
    self.raise_uncaught_exception(exc)
  File "/home/fabianosf/.local/lib/python3.12/site-packages/rest_framework/views.py", line 480, in raise_uncaught_exception
    raise exc
  File "/home/fabianosf/.local/lib/python3.12/site-packages/rest_framework/views.py", line 506, in dispatch
    response = handler(request, *args, **kwargs)
               ^^^^^^^^^^^^^^^^^^^^^^^^^^^^^^^^^
  File "/home/fabianosf/.local/lib/python3.12/site-packages/rest_framework/mixins.py", line 38, in list
    queryset = self.filter_queryset(self.get_queryset())
                                    ^^^^^^^^^^^^^^^^^^^
  File "/home/fabianosf/Desktop/vetsystem/backend/api/views.py", line 71, in get_queryset
    return queryset.order_by('-data_consulta')
           ^^^^^^^^^^^^^^^^^^^^^^^^^^^^^^^^^^^
  File "/home/fabianosf/.local/lib/python3.12/site-packages/django/db/models/query.py", line 1659, in order_by
    obj.query.add_ordering(*field_names)
  File "/home/fabianosf/.local/lib/python3.12/site-packages/django/db/models/sql/query.py", line 2221, in add_ordering
    self.names_to_path(item.split(LOOKUP_SEP), self.model._meta)
  File "/home/fabianosf/.local/lib/python3.12/site-packages/django/db/models/sql/query.py", line 1724, in names_to_path
    raise FieldError(
django.core.exceptions.FieldError: Cannot resolve keyword 'data_consulta' into field. Choices are: animal, animal_id, clinica, clinica_id, created_at, data, diagnostico, horario, id, motivo, observacoes, prescricao, status, tipo, updated_at, valor, veterinario, veterinario_id
ERROR 2025-12-15 23:16:21,717 basehttp "GET /api/consultas/ HTTP/1.1" 500 126505
INFO 2025-12-15 23:24:52,457 autoreload Watching for file changes with StatReloader
INFO 2025-12-15 23:24:57,784 basehttp "GET /api/clinicas/ HTTP/1.1" 200 647
INFO 2025-12-15 23:24:57,788 basehttp "GET /api/animais/ HTTP/1.1" 200 675
INFO 2025-12-15 23:24:57,789 basehttp "GET /api/veterinarios/ HTTP/1.1" 200 434
INFO 2025-12-15 23:24:57,851 basehttp "GET /api/animais/ HTTP/1.1" 200 675
INFO 2025-12-15 23:24:57,852 basehttp "GET /api/veterinarios/ HTTP/1.1" 200 434
INFO 2025-12-15 23:24:57,862 basehttp "GET /api/clinicas/ HTTP/1.1" 200 647
ERROR 2025-12-15 23:24:57,898 log Internal Server Error: /api/consultas/
Traceback (most recent call last):
  File "/home/fabianosf/.local/lib/python3.12/site-packages/django/core/handlers/exception.py", line 55, in inner
    response = get_response(request)
               ^^^^^^^^^^^^^^^^^^^^^
  File "/home/fabianosf/.local/lib/python3.12/site-packages/django/core/handlers/base.py", line 197, in _get_response
    response = wrapped_callback(request, *callback_args, **callback_kwargs)
               ^^^^^^^^^^^^^^^^^^^^^^^^^^^^^^^^^^^^^^^^^^^^^^^^^^^^^^^^^^^^
  File "/home/fabianosf/.local/lib/python3.12/site-packages/django/views/decorators/csrf.py", line 56, in wrapper_view
    return view_func(*args, **kwargs)
           ^^^^^^^^^^^^^^^^^^^^^^^^^^
  File "/home/fabianosf/.local/lib/python3.12/site-packages/rest_framework/viewsets.py", line 125, in view
    return self.dispatch(request, *args, **kwargs)
           ^^^^^^^^^^^^^^^^^^^^^^^^^^^^^^^^^^^^^^^
  File "/home/fabianosf/.local/lib/python3.12/site-packages/rest_framework/views.py", line 509, in dispatch
    response = self.handle_exception(exc)
               ^^^^^^^^^^^^^^^^^^^^^^^^^^
  File "/home/fabianosf/.local/lib/python3.12/site-packages/rest_framework/views.py", line 469, in handle_exception
    self.raise_uncaught_exception(exc)
  File "/home/fabianosf/.local/lib/python3.12/site-packages/rest_framework/views.py", line 480, in raise_uncaught_exception
    raise exc
  File "/home/fabianosf/.local/lib/python3.12/site-packages/rest_framework/views.py", line 506, in dispatch
    response = handler(request, *args, **kwargs)
               ^^^^^^^^^^^^^^^^^^^^^^^^^^^^^^^^^
  File "/home/fabianosf/.local/lib/python3.12/site-packages/rest_framework/mixins.py", line 38, in list
    queryset = self.filter_queryset(self.get_queryset())
                                    ^^^^^^^^^^^^^^^^^^^
  File "/home/fabianosf/Desktop/vetsystem/backend/api/views.py", line 71, in get_queryset
    return queryset.order_by('-data_consulta')
           ^^^^^^^^^^^^^^^^^^^^^^^^^^^^^^^^^^^
  File "/home/fabianosf/.local/lib/python3.12/site-packages/django/db/models/query.py", line 1659, in order_by
    obj.query.add_ordering(*field_names)
  File "/home/fabianosf/.local/lib/python3.12/site-packages/django/db/models/sql/query.py", line 2221, in add_ordering
    self.names_to_path(item.split(LOOKUP_SEP), self.model._meta)
  File "/home/fabianosf/.local/lib/python3.12/site-packages/django/db/models/sql/query.py", line 1724, in names_to_path
    raise FieldError(
django.core.exceptions.FieldError: Cannot resolve keyword 'data_consulta' into field. Choices are: animal, animal_id, clinica, clinica_id, created_at, data, diagnostico, horario, id, motivo, observacoes, prescricao, status, tipo, updated_at, valor, veterinario, veterinario_id
ERROR 2025-12-15 23:24:57,901 basehttp "GET /api/consultas/ HTTP/1.1" 500 126505
ERROR 2025-12-15 23:24:57,988 log Internal Server Error: /api/consultas/
Traceback (most recent call last):
  File "/home/fabianosf/.local/lib/python3.12/site-packages/django/core/handlers/exception.py", line 55, in inner
    response = get_response(request)
               ^^^^^^^^^^^^^^^^^^^^^
  File "/home/fabianosf/.local/lib/python3.12/site-packages/django/core/handlers/base.py", line 197, in _get_response
    response = wrapped_callback(request, *callback_args, **callback_kwargs)
               ^^^^^^^^^^^^^^^^^^^^^^^^^^^^^^^^^^^^^^^^^^^^^^^^^^^^^^^^^^^^
  File "/home/fabianosf/.local/lib/python3.12/site-packages/django/views/decorators/csrf.py", line 56, in wrapper_view
    return view_func(*args, **kwargs)
           ^^^^^^^^^^^^^^^^^^^^^^^^^^
  File "/home/fabianosf/.local/lib/python3.12/site-packages/rest_framework/viewsets.py", line 125, in view
    return self.dispatch(request, *args, **kwargs)
           ^^^^^^^^^^^^^^^^^^^^^^^^^^^^^^^^^^^^^^^
  File "/home/fabianosf/.local/lib/python3.12/site-packages/rest_framework/views.py", line 509, in dispatch
    response = self.handle_exception(exc)
               ^^^^^^^^^^^^^^^^^^^^^^^^^^
  File "/home/fabianosf/.local/lib/python3.12/site-packages/rest_framework/views.py", line 469, in handle_exception
    self.raise_uncaught_exception(exc)
  File "/home/fabianosf/.local/lib/python3.12/site-packages/rest_framework/views.py", line 480, in raise_uncaught_exception
    raise exc
  File "/home/fabianosf/.local/lib/python3.12/site-packages/rest_framework/views.py", line 506, in dispatch
    response = handler(request, *args, **kwargs)
               ^^^^^^^^^^^^^^^^^^^^^^^^^^^^^^^^^
  File "/home/fabianosf/.local/lib/python3.12/site-packages/rest_framework/mixins.py", line 38, in list
    queryset = self.filter_queryset(self.get_queryset())
                                    ^^^^^^^^^^^^^^^^^^^
  File "/home/fabianosf/Desktop/vetsystem/backend/api/views.py", line 71, in get_queryset
    return queryset.order_by('-data_consulta')
           ^^^^^^^^^^^^^^^^^^^^^^^^^^^^^^^^^^^
  File "/home/fabianosf/.local/lib/python3.12/site-packages/django/db/models/query.py", line 1659, in order_by
    obj.query.add_ordering(*field_names)
  File "/home/fabianosf/.local/lib/python3.12/site-packages/django/db/models/sql/query.py", line 2221, in add_ordering
    self.names_to_path(item.split(LOOKUP_SEP), self.model._meta)
  File "/home/fabianosf/.local/lib/python3.12/site-packages/django/db/models/sql/query.py", line 1724, in names_to_path
    raise FieldError(
django.core.exceptions.FieldError: Cannot resolve keyword 'data_consulta' into field. Choices are: animal, animal_id, clinica, clinica_id, created_at, data, diagnostico, horario, id, motivo, observacoes, prescricao, status, tipo, updated_at, valor, veterinario, veterinario_id
ERROR 2025-12-15 23:24:57,990 basehttp "GET /api/consultas/ HTTP/1.1" 500 126505
INFO 2025-12-15 23:25:13,066 basehttp "GET /api/tutores/ HTTP/1.1" 200 363
INFO 2025-12-15 23:25:13,151 basehttp "GET /api/tutores/ HTTP/1.1" 200 363
INFO 2025-12-15 23:30:54,408 autoreload Watching for file changes with StatReloader
INFO 2025-12-15 23:33:32,651 autoreload Watching for file changes with StatReloader
INFO 2025-12-15 23:33:43,822 basehttp "GET /api/tutores/ HTTP/1.1" 200 363
INFO 2025-12-15 23:33:43,864 basehttp "GET /api/tutores/ HTTP/1.1" 200 363
INFO 2025-12-15 23:33:48,509 basehttp "GET /api/animais/ HTTP/1.1" 200 675
INFO 2025-12-15 23:33:48,557 basehttp "GET /api/consultas/ HTTP/1.1" 200 52
INFO 2025-12-15 23:33:48,562 basehttp "GET /api/veterinarios/ HTTP/1.1" 200 434
INFO 2025-12-15 23:33:48,579 basehttp "GET /api/clinicas/ HTTP/1.1" 200 647
INFO 2025-12-15 23:33:48,604 basehttp "GET /api/consultas/ HTTP/1.1" 200 52
INFO 2025-12-15 23:33:48,618 basehttp "GET /api/animais/ HTTP/1.1" 200 675
INFO 2025-12-15 23:33:48,644 basehttp "GET /api/clinicas/ HTTP/1.1" 200 647
INFO 2025-12-15 23:33:48,644 basehttp "GET /api/veterinarios/ HTTP/1.1" 200 434
INFO 2025-12-15 23:33:50,150 basehttp "GET /api/tutores/ HTTP/1.1" 200 363
INFO 2025-12-15 23:33:50,162 basehttp "GET /api/veterinarios/ HTTP/1.1" 200 434
INFO 2025-12-15 23:33:50,169 basehttp "GET /api/animais/ HTTP/1.1" 200 675
INFO 2025-12-15 23:33:50,174 basehttp "GET /api/planos/ HTTP/1.1" 200 1070
INFO 2025-12-15 23:33:50,210 basehttp "GET /api/tutores/ HTTP/1.1" 200 363
INFO 2025-12-15 23:33:50,244 basehttp "GET /api/veterinarios/ HTTP/1.1" 200 434
INFO 2025-12-15 23:33:50,246 basehttp "GET /api/planos/ HTTP/1.1" 200 1070
INFO 2025-12-15 23:33:50,254 basehttp "GET /api/animais/ HTTP/1.1" 200 675
INFO 2025-12-15 23:33:55,219 basehttp "GET /api/consultas/ HTTP/1.1" 200 52
INFO 2025-12-15 23:33:55,254 basehttp "GET /api/animais/ HTTP/1.1" 200 675
INFO 2025-12-15 23:33:55,268 basehttp "GET /api/clinicas/ HTTP/1.1" 200 647
INFO 2025-12-15 23:33:55,276 basehttp "GET /api/veterinarios/ HTTP/1.1" 200 434
INFO 2025-12-15 23:33:55,299 basehttp "GET /api/consultas/ HTTP/1.1" 200 52
INFO 2025-12-15 23:33:55,324 basehttp "GET /api/animais/ HTTP/1.1" 200 675
INFO 2025-12-15 23:33:55,330 basehttp "GET /api/clinicas/ HTTP/1.1" 200 647
INFO 2025-12-15 23:33:55,346 basehttp "GET /api/veterinarios/ HTTP/1.1" 200 434
INFO 2025-12-15 23:33:56,694 basehttp "GET /api/tutores/ HTTP/1.1" 200 363
INFO 2025-12-15 23:33:56,725 basehttp "GET /api/tutores/ HTTP/1.1" 200 363
INFO 2025-12-15 23:33:57,755 basehttp "GET /api/veterinarios/ HTTP/1.1" 200 434
INFO 2025-12-15 23:33:57,793 basehttp "GET /api/veterinarios/ HTTP/1.1" 200 434
INFO 2025-12-15 23:33:59,621 basehttp "GET /api/planos/ HTTP/1.1" 200 1070
INFO 2025-12-15 23:33:59,653 basehttp "GET /api/planos/ HTTP/1.1" 200 1070
INFO 2025-12-15 23:34:02,334 basehttp "GET /api/clinicas/ HTTP/1.1" 200 647
INFO 2025-12-15 23:34:02,373 basehttp "GET /api/clinicas/ HTTP/1.1" 200 647
INFO 2025-12-15 23:34:03,954 basehttp "GET /api/planos/ HTTP/1.1" 200 1070
INFO 2025-12-15 23:34:03,995 basehttp "GET /api/planos/ HTTP/1.1" 200 1070
INFO 2025-12-15 23:34:29,978 basehttp "GET /api/veterinarios/ HTTP/1.1" 200 434
INFO 2025-12-15 23:34:30,018 basehttp "GET /api/veterinarios/ HTTP/1.1" 200 434
INFO 2025-12-15 23:34:31,371 basehttp "GET /api/animais/ HTTP/1.1" 200 675
INFO 2025-12-15 23:34:31,390 basehttp "GET /api/tutores/ HTTP/1.1" 200 363
INFO 2025-12-15 23:34:31,432 basehttp "GET /api/animais/ HTTP/1.1" 200 675
INFO 2025-12-15 23:34:31,449 basehttp "GET /api/tutores/ HTTP/1.1" 200 363
INFO 2025-12-15 23:34:32,478 basehttp "GET /api/tutores/ HTTP/1.1" 200 363
INFO 2025-12-15 23:34:32,521 basehttp "GET /api/tutores/ HTTP/1.1" 200 363
INFO 2025-12-15 23:34:34,017 basehttp "GET /api/consultas/ HTTP/1.1" 200 52
INFO 2025-12-15 23:34:34,056 basehttp "GET /api/clinicas/ HTTP/1.1" 200 647
INFO 2025-12-15 23:34:34,096 basehttp "GET /api/animais/ HTTP/1.1" 200 675
INFO 2025-12-15 23:34:34,097 basehttp "GET /api/veterinarios/ HTTP/1.1" 200 434
INFO 2025-12-15 23:34:34,111 basehttp "GET /api/consultas/ HTTP/1.1" 200 52
INFO 2025-12-15 23:34:34,163 basehttp "GET /api/clinicas/ HTTP/1.1" 200 647
INFO 2025-12-15 23:34:34,189 basehttp "GET /api/animais/ HTTP/1.1" 200 675
INFO 2025-12-15 23:34:34,199 basehttp "GET /api/veterinarios/ HTTP/1.1" 200 434
INFO 2025-12-15 23:34:35,124 basehttp "GET /api/tutores/ HTTP/1.1" 200 363
INFO 2025-12-15 23:34:35,150 basehttp "GET /api/veterinarios/ HTTP/1.1" 200 434
INFO 2025-12-15 23:34:35,151 basehttp "GET /api/animais/ HTTP/1.1" 200 675
INFO 2025-12-15 23:34:35,168 basehttp "GET /api/planos/ HTTP/1.1" 200 1070
INFO 2025-12-15 23:34:35,211 basehttp "GET /api/tutores/ HTTP/1.1" 200 363
INFO 2025-12-15 23:34:35,229 basehttp "GET /api/animais/ HTTP/1.1" 200 675
INFO 2025-12-15 23:34:35,238 basehttp "GET /api/veterinarios/ HTTP/1.1" 200 434
INFO 2025-12-15 23:34:35,244 basehttp "GET /api/planos/ HTTP/1.1" 200 1070
INFO 2025-12-15 23:34:36,776 basehttp "GET /api/clinicas/ HTTP/1.1" 200 647
INFO 2025-12-15 23:34:36,817 basehttp "GET /api/clinicas/ HTTP/1.1" 200 647
INFO 2025-12-15 23:34:38,498 basehttp "GET /api/planos/ HTTP/1.1" 200 1070
INFO 2025-12-15 23:34:38,541 basehttp "GET /api/planos/ HTTP/1.1" 200 1070
INFO 2025-12-15 23:35:42,566 basehttp "GET /api/planos/ HTTP/1.1" 200 1070
INFO 2025-12-15 23:35:42,624 basehttp "GET /api/planos/ HTTP/1.1" 200 1070
INFO 2025-12-15 23:36:46,428 autoreload Watching for file changes with StatReloader
INFO 2025-12-15 23:36:50,307 basehttp "GET /api/planos/ HTTP/1.1" 200 1070
INFO 2025-12-15 23:36:50,324 basehttp "GET /api/veterinarios/ HTTP/1.1" 200 434
INFO 2025-12-15 23:36:50,329 basehttp "GET /api/animais/ HTTP/1.1" 200 675
INFO 2025-12-15 23:36:50,344 basehttp "GET /api/tutores/ HTTP/1.1" 200 363
INFO 2025-12-15 23:36:50,371 basehttp "GET /api/veterinarios/ HTTP/1.1" 200 434
INFO 2025-12-15 23:36:50,381 basehttp "GET /api/planos/ HTTP/1.1" 200 1070
INFO 2025-12-15 23:36:50,396 basehttp "GET /api/tutores/ HTTP/1.1" 200 363
INFO 2025-12-15 23:36:50,413 basehttp "GET /api/animais/ HTTP/1.1" 200 675
INFO 2025-12-15 23:36:59,772 basehttp "GET /api/veterinarios/ HTTP/1.1" 200 434
INFO 2025-12-15 23:36:59,782 basehttp "GET /api/animais/ HTTP/1.1" 200 675
INFO 2025-12-15 23:36:59,786 basehttp "GET /api/clinicas/ HTTP/1.1" 200 647
INFO 2025-12-15 23:36:59,787 basehttp "GET /api/consultas/ HTTP/1.1" 200 2310
INFO 2025-12-15 23:36:59,906 basehttp "GET /api/animais/ HTTP/1.1" 200 675
INFO 2025-12-15 23:36:59,926 basehttp "GET /api/veterinarios/ HTTP/1.1" 200 434
INFO 2025-12-15 23:36:59,933 basehttp "GET /api/clinicas/ HTTP/1.1" 200 647
INFO 2025-12-15 23:36:59,945 basehttp "GET /api/consultas/ HTTP/1.1" 200 2310
INFO 2025-12-15 23:37:02,009 basehttp "GET /api/tutores/ HTTP/1.1" 200 363
INFO 2025-12-15 23:37:02,043 basehttp "GET /api/tutores/ HTTP/1.1" 200 363
INFO 2025-12-15 23:37:04,456 basehttp "GET /api/animais/ HTTP/1.1" 200 675
INFO 2025-12-15 23:37:04,469 basehttp "GET /api/tutores/ HTTP/1.1" 200 363
INFO 2025-12-15 23:37:04,508 basehttp "GET /api/animais/ HTTP/1.1" 200 675
INFO 2025-12-15 23:37:04,523 basehttp "GET /api/tutores/ HTTP/1.1" 200 363
INFO 2025-12-15 23:37:05,636 basehttp "GET /api/veterinarios/ HTTP/1.1" 200 434
INFO 2025-12-15 23:37:05,672 basehttp "GET /api/veterinarios/ HTTP/1.1" 200 434
INFO 2025-12-15 23:37:07,188 basehttp "GET /api/planos/ HTTP/1.1" 200 1070
INFO 2025-12-15 23:37:07,233 basehttp "GET /api/planos/ HTTP/1.1" 200 1070
INFO 2025-12-15 23:37:09,473 basehttp "GET /api/clinicas/ HTTP/1.1" 200 647
INFO 2025-12-15 23:37:09,509 basehttp "GET /api/clinicas/ HTTP/1.1" 200 647
INFO 2025-12-15 23:37:11,046 basehttp "GET /api/planos/ HTTP/1.1" 200 1070
INFO 2025-12-15 23:37:11,088 basehttp "GET /api/planos/ HTTP/1.1" 200 1070
INFO 2025-12-15 23:38:57,352 autoreload Watching for file changes with StatReloader
INFO 2025-12-15 23:39:20,991 basehttp "GET /api/planos/ HTTP/1.1" 200 1059
INFO 2025-12-15 23:39:21,023 basehttp "GET /api/planos/ HTTP/1.1" 200 1059
INFO 2025-12-15 23:39:27,892 basehttp "GET /api/tutores/ HTTP/1.1" 200 363
INFO 2025-12-15 23:39:27,911 basehttp "GET /api/veterinarios/ HTTP/1.1" 200 434
INFO 2025-12-15 23:39:27,912 basehttp "GET /api/animais/ HTTP/1.1" 200 675
INFO 2025-12-15 23:39:27,931 basehttp "GET /api/planos/ HTTP/1.1" 200 1059
INFO 2025-12-15 23:39:27,972 basehttp "GET /api/tutores/ HTTP/1.1" 200 363
INFO 2025-12-15 23:39:27,982 basehttp "GET /api/animais/ HTTP/1.1" 200 675
INFO 2025-12-15 23:39:27,988 basehttp "GET /api/veterinarios/ HTTP/1.1" 200 434
INFO 2025-12-15 23:39:27,996 basehttp "GET /api/planos/ HTTP/1.1" 200 1059
INFO 2025-12-15 23:39:31,962 basehttp "GET /api/animais/ HTTP/1.1" 200 675
INFO 2025-12-15 23:39:32,036 basehttp "GET /api/clinicas/ HTTP/1.1" 200 647
INFO 2025-12-15 23:39:32,068 basehttp "GET /api/consultas/ HTTP/1.1" 200 2310
INFO 2025-12-15 23:39:32,069 basehttp "GET /api/veterinarios/ HTTP/1.1" 200 434
INFO 2025-12-15 23:39:32,094 basehttp "GET /api/animais/ HTTP/1.1" 200 675
INFO 2025-12-15 23:39:32,112 basehttp "GET /api/clinicas/ HTTP/1.1" 200 647
INFO 2025-12-15 23:39:32,137 basehttp "GET /api/veterinarios/ HTTP/1.1" 200 434
INFO 2025-12-15 23:39:32,145 basehttp "GET /api/consultas/ HTTP/1.1" 200 2310
INFO 2025-12-15 23:39:35,124 basehttp "GET /api/tutores/ HTTP/1.1" 200 363
INFO 2025-12-15 23:39:35,168 basehttp "GET /api/tutores/ HTTP/1.1" 200 363
INFO 2025-12-15 23:39:37,340 basehttp "GET /api/animais/ HTTP/1.1" 200 675
INFO 2025-12-15 23:39:37,341 basehttp "GET /api/tutores/ HTTP/1.1" 200 363
INFO 2025-12-15 23:39:37,389 basehttp "GET /api/animais/ HTTP/1.1" 200 675
INFO 2025-12-15 23:39:37,399 basehttp "GET /api/tutores/ HTTP/1.1" 200 363
INFO 2025-12-15 23:39:38,899 basehttp "GET /api/veterinarios/ HTTP/1.1" 200 434
INFO 2025-12-15 23:39:38,939 basehttp "GET /api/veterinarios/ HTTP/1.1" 200 434
INFO 2025-12-15 23:39:40,739 basehttp "GET /api/planos/ HTTP/1.1" 200 1059
INFO 2025-12-15 23:39:40,775 basehttp "GET /api/planos/ HTTP/1.1" 200 1059
INFO 2025-12-15 23:39:42,173 basehttp "GET /api/veterinarios/ HTTP/1.1" 200 434
INFO 2025-12-15 23:39:42,204 basehttp "GET /api/veterinarios/ HTTP/1.1" 200 434
INFO 2025-12-15 23:39:44,053 basehttp "GET /api/animais/ HTTP/1.1" 200 675
INFO 2025-12-15 23:39:44,060 basehttp "GET /api/tutores/ HTTP/1.1" 200 363
INFO 2025-12-15 23:39:44,102 basehttp "GET /api/animais/ HTTP/1.1" 200 675
INFO 2025-12-15 23:39:44,112 basehttp "GET /api/tutores/ HTTP/1.1" 200 363
INFO 2025-12-15 23:39:45,690 basehttp "GET /api/tutores/ HTTP/1.1" 200 363
INFO 2025-12-15 23:39:45,731 basehttp "GET /api/tutores/ HTTP/1.1" 200 363
INFO 2025-12-15 23:39:48,246 basehttp "GET /api/animais/ HTTP/1.1" 200 675
INFO 2025-12-15 23:39:48,248 basehttp "GET /api/veterinarios/ HTTP/1.1" 200 434
INFO 2025-12-15 23:39:48,251 basehttp "GET /api/clinicas/ HTTP/1.1" 200 647
INFO 2025-12-15 23:39:48,254 basehttp "GET /api/consultas/ HTTP/1.1" 200 2310
INFO 2025-12-15 23:39:48,309 basehttp "GET /api/consultas/ HTTP/1.1" 200 2310
INFO 2025-12-15 23:39:48,325 basehttp "GET /api/clinicas/ HTTP/1.1" 200 647
INFO 2025-12-15 23:39:48,339 basehttp "GET /api/animais/ HTTP/1.1" 200 675
INFO 2025-12-15 23:39:48,346 basehttp "GET /api/veterinarios/ HTTP/1.1" 200 434
INFO 2025-12-15 23:39:49,723 basehttp "GET /api/tutores/ HTTP/1.1" 200 363
INFO 2025-12-15 23:39:49,737 basehttp "GET /api/planos/ HTTP/1.1" 200 1059
INFO 2025-12-15 23:39:49,755 basehttp "GET /api/veterinarios/ HTTP/1.1" 200 434
INFO 2025-12-15 23:39:49,756 basehttp "GET /api/animais/ HTTP/1.1" 200 675
INFO 2025-12-15 23:39:49,802 basehttp "GET /api/tutores/ HTTP/1.1" 200 363
INFO 2025-12-15 23:39:49,810 basehttp "GET /api/planos/ HTTP/1.1" 200 1059
INFO 2025-12-15 23:39:49,827 basehttp "GET /api/animais/ HTTP/1.1" 200 675
INFO 2025-12-15 23:39:49,838 basehttp "GET /api/veterinarios/ HTTP/1.1" 200 434
INFO 2025-12-15 23:39:51,773 basehttp "GET /api/veterinarios/ HTTP/1.1" 200 434
INFO 2025-12-15 23:39:51,804 basehttp "GET /api/veterinarios/ HTTP/1.1" 200 434
INFO 2025-12-15 23:46:10,399 autoreload Watching for file changes with StatReloader
INFO 2025-12-15 23:46:20,726 basehttp "GET /api/tutores/ HTTP/1.1" 200 363
INFO 2025-12-15 23:46:20,762 basehttp "GET /api/tutores/ HTTP/1.1" 200 363
INFO 2025-12-15 23:46:25,150 basehttp "GET /api/consultas/ HTTP/1.1" 200 2310
INFO 2025-12-15 23:46:25,152 basehttp "GET /api/veterinarios/ HTTP/1.1" 200 434
INFO 2025-12-15 23:46:25,163 basehttp "GET /api/animais/ HTTP/1.1" 200 675
INFO 2025-12-15 23:46:25,166 basehttp "GET /api/clinicas/ HTTP/1.1" 200 647
INFO 2025-12-15 23:46:25,236 basehttp "GET /api/animais/ HTTP/1.1" 200 675
INFO 2025-12-15 23:46:25,245 basehttp "GET /api/clinicas/ HTTP/1.1" 200 647
INFO 2025-12-15 23:46:25,251 basehttp "GET /api/consultas/ HTTP/1.1" 200 2310
INFO 2025-12-15 23:46:25,258 basehttp "GET /api/veterinarios/ HTTP/1.1" 200 434
INFO 2025-12-15 23:46:26,540 basehttp "GET /api/tutores/ HTTP/1.1" 200 363
INFO 2025-12-15 23:46:26,543 basehttp "GET /api/animais/ HTTP/1.1" 200 675
INFO 2025-12-15 23:46:26,559 basehttp "GET /api/veterinarios/ HTTP/1.1" 200 434
INFO 2025-12-15 23:46:26,566 basehttp "GET /api/planos/ HTTP/1.1" 200 1059
INFO 2025-12-15 23:46:26,613 basehttp "GET /api/tutores/ HTTP/1.1" 200 363
INFO 2025-12-15 23:46:26,631 basehttp "GET /api/animais/ HTTP/1.1" 200 675
INFO 2025-12-15 23:46:26,649 basehttp "GET /api/veterinarios/ HTTP/1.1" 200 434
INFO 2025-12-15 23:46:26,650 basehttp "GET /api/planos/ HTTP/1.1" 200 1059
INFO 2025-12-15 23:46:29,166 basehttp "GET /api/animais/ HTTP/1.1" 200 675
INFO 2025-12-15 23:46:29,167 basehttp "GET /api/consultas/ HTTP/1.1" 200 2310
INFO 2025-12-15 23:46:29,168 basehttp "GET /api/veterinarios/ HTTP/1.1" 200 434
INFO 2025-12-15 23:46:29,177 basehttp "GET /api/clinicas/ HTTP/1.1" 200 647
INFO 2025-12-15 23:46:29,274 basehttp "GET /api/consultas/ HTTP/1.1" 200 2310
INFO 2025-12-15 23:46:29,286 basehttp "GET /api/clinicas/ HTTP/1.1" 200 647
INFO 2025-12-15 23:46:29,290 basehttp "GET /api/animais/ HTTP/1.1" 200 675
INFO 2025-12-15 23:46:29,292 basehttp "GET /api/veterinarios/ HTTP/1.1" 200 434
INFO 2025-12-15 23:46:30,029 basehttp "GET /api/tutores/ HTTP/1.1" 200 363
INFO 2025-12-15 23:46:30,066 basehttp "GET /api/tutores/ HTTP/1.1" 200 363
INFO 2025-12-15 23:46:30,988 basehttp "GET /api/animais/ HTTP/1.1" 200 675
INFO 2025-12-15 23:46:30,995 basehttp "GET /api/tutores/ HTTP/1.1" 200 363
INFO 2025-12-15 23:46:31,041 basehttp "GET /api/animais/ HTTP/1.1" 200 675
INFO 2025-12-15 23:46:31,059 basehttp "GET /api/tutores/ HTTP/1.1" 200 363
INFO 2025-12-15 23:46:31,723 basehttp "GET /api/veterinarios/ HTTP/1.1" 200 434
INFO 2025-12-15 23:46:31,763 basehttp "GET /api/veterinarios/ HTTP/1.1" 200 434
INFO 2025-12-15 23:46:32,981 basehttp "GET /api/animais/ HTTP/1.1" 200 675
INFO 2025-12-15 23:46:32,982 basehttp "GET /api/tutores/ HTTP/1.1" 200 363
INFO 2025-12-15 23:46:33,028 basehttp "GET /api/animais/ HTTP/1.1" 200 675
INFO 2025-12-15 23:46:33,039 basehttp "GET /api/tutores/ HTTP/1.1" 200 363
INFO 2025-12-15 23:46:35,365 basehttp "GET /api/veterinarios/ HTTP/1.1" 200 434
INFO 2025-12-15 23:46:35,402 basehttp "GET /api/veterinarios/ HTTP/1.1" 200 434
INFO 2025-12-15 23:46:43,773 basehttp "GET /api/planos/ HTTP/1.1" 200 1059
INFO 2025-12-15 23:46:43,811 basehttp "GET /api/planos/ HTTP/1.1" 200 1059
INFO 2025-12-15 23:46:46,908 basehttp "GET /api/clinicas/ HTTP/1.1" 200 647
INFO 2025-12-15 23:46:46,947 basehttp "GET /api/clinicas/ HTTP/1.1" 200 647
INFO 2025-12-15 23:46:49,855 basehttp "GET /api/tutores/ HTTP/1.1" 200 363
INFO 2025-12-15 23:46:49,878 basehttp "GET /api/veterinarios/ HTTP/1.1" 200 434
INFO 2025-12-15 23:46:49,879 basehttp "GET /api/animais/ HTTP/1.1" 200 675
INFO 2025-12-15 23:46:49,899 basehttp "GET /api/planos/ HTTP/1.1" 200 1059
INFO 2025-12-15 23:46:49,929 basehttp "GET /api/tutores/ HTTP/1.1" 200 363
INFO 2025-12-15 23:46:49,944 basehttp "GET /api/veterinarios/ HTTP/1.1" 200 434
INFO 2025-12-15 23:46:49,957 basehttp "GET /api/animais/ HTTP/1.1" 200 675
INFO 2025-12-15 23:46:49,961 basehttp "GET /api/planos/ HTTP/1.1" 200 1059
INFO 2025-12-15 23:46:51,694 basehttp "GET /api/consultas/ HTTP/1.1" 200 2310
INFO 2025-12-15 23:46:51,709 basehttp "GET /api/animais/ HTTP/1.1" 200 675
INFO 2025-12-15 23:46:51,724 basehttp "GET /api/clinicas/ HTTP/1.1" 200 647
INFO 2025-12-15 23:46:51,744 basehttp "GET /api/veterinarios/ HTTP/1.1" 200 434
INFO 2025-12-15 23:46:51,782 basehttp "GET /api/consultas/ HTTP/1.1" 200 2310
INFO 2025-12-15 23:46:51,791 basehttp "GET /api/clinicas/ HTTP/1.1" 200 647
INFO 2025-12-15 23:46:51,792 basehttp "GET /api/animais/ HTTP/1.1" 200 675
INFO 2025-12-15 23:46:51,805 basehttp "GET /api/veterinarios/ HTTP/1.1" 200 434
INFO 2025-12-16 18:23:01,117 autoreload Watching for file changes with StatReloader
INFO 2025-12-16 18:23:10,167 basehttp "OPTIONS /api/tutores/ HTTP/1.1" 200 0
INFO 2025-12-16 18:23:10,169 basehttp "OPTIONS /api/animais/ HTTP/1.1" 200 0
INFO 2025-12-16 18:23:10,170 basehttp "OPTIONS /api/veterinarios/ HTTP/1.1" 200 0
INFO 2025-12-16 18:23:10,173 basehttp "OPTIONS /api/tutores/ HTTP/1.1" 200 0
INFO 2025-12-16 18:23:10,175 basehttp "OPTIONS /api/animais/ HTTP/1.1" 200 0
INFO 2025-12-16 18:23:10,176 basehttp "OPTIONS /api/planos/ HTTP/1.1" 200 0
INFO 2025-12-16 18:23:10,182 basehttp "OPTIONS /api/veterinarios/ HTTP/1.1" 200 0
INFO 2025-12-16 18:23:10,190 basehttp "OPTIONS /api/planos/ HTTP/1.1" 200 0
WARNING 2025-12-16 18:23:10,259 log Unauthorized: /api/animais/
WARNING 2025-12-16 18:23:10,264 basehttp "GET /api/animais/ HTTP/1.1" 401 191
WARNING 2025-12-16 18:23:10,261 log Unauthorized: /api/tutores/
WARNING 2025-12-16 18:23:10,265 basehttp "GET /api/tutores/ HTTP/1.1" 401 191
WARNING 2025-12-16 18:23:10,264 log Unauthorized: /api/veterinarios/
WARNING 2025-12-16 18:23:10,262 log Unauthorized: /api/planos/
WARNING 2025-12-16 18:23:10,269 basehttp "GET /api/planos/ HTTP/1.1" 401 191
WARNING 2025-12-16 18:23:10,270 basehttp "GET /api/veterinarios/ HTTP/1.1" 401 191
WARNING 2025-12-16 18:23:10,310 log Unauthorized: /api/animais/
WARNING 2025-12-16 18:23:10,314 log Unauthorized: /api/tutores/
WARNING 2025-12-16 18:23:10,319 basehttp "GET /api/animais/ HTTP/1.1" 401 191
WARNING 2025-12-16 18:23:10,318 log Unauthorized: /api/planos/
WARNING 2025-12-16 18:23:10,326 log Unauthorized: /api/veterinarios/
INFO 2025-12-16 18:23:10,329 basehttp "OPTIONS /api/auth/token/refresh/ HTTP/1.1" 200 0
INFO 2025-12-16 18:23:10,329 basehttp "OPTIONS /api/auth/token/refresh/ HTTP/1.1" 200 0
INFO 2025-12-16 18:23:10,329 basehttp "OPTIONS /api/auth/token/refresh/ HTTP/1.1" 200 0
WARNING 2025-12-16 18:23:10,329 basehttp "GET /api/planos/ HTTP/1.1" 401 191
WARNING 2025-12-16 18:23:10,329 basehttp "GET /api/tutores/ HTTP/1.1" 401 191
WARNING 2025-12-16 18:23:10,330 basehttp "GET /api/veterinarios/ HTTP/1.1" 401 191
INFO 2025-12-16 18:23:10,334 basehttp "OPTIONS /api/auth/token/refresh/ HTTP/1.1" 200 0
INFO 2025-12-16 18:23:10,366 basehttp "OPTIONS /api/auth/token/refresh/ HTTP/1.1" 200 0
INFO 2025-12-16 18:23:10,384 basehttp "OPTIONS /api/auth/token/refresh/ HTTP/1.1" 200 0
WARNING 2025-12-16 18:23:10,442 log Not Found: /api/auth/token/refresh/
WARNING 2025-12-16 18:23:10,447 log Not Found: /api/auth/token/refresh/
WARNING 2025-12-16 18:23:10,453 basehttp "POST /api/auth/token/refresh/ HTTP/1.1" 404 13429
WARNING 2025-12-16 18:23:10,457 log Not Found: /api/auth/token/refresh/
WARNING 2025-12-16 18:23:10,461 log Not Found: /api/auth/token/refresh/
WARNING 2025-12-16 18:23:10,462 basehttp "POST /api/auth/token/refresh/ HTTP/1.1" 404 13429
WARNING 2025-12-16 18:23:10,463 basehttp "POST /api/auth/token/refresh/ HTTP/1.1" 404 13429
WARNING 2025-12-16 18:23:10,468 log Not Found: /api/auth/token/refresh/
WARNING 2025-12-16 18:23:10,473 log Not Found: /api/auth/token/refresh/
WARNING 2025-12-16 18:23:10,473 basehttp "POST /api/auth/token/refresh/ HTTP/1.1" 404 13429
WARNING 2025-12-16 18:23:10,474 basehttp "POST /api/auth/token/refresh/ HTTP/1.1" 404 13429
WARNING 2025-12-16 18:23:10,474 basehttp "POST /api/auth/token/refresh/ HTTP/1.1" 404 13429
WARNING 2025-12-16 18:23:10,542 log Not Found: /api/auth/token/refresh/
WARNING 2025-12-16 18:23:10,546 log Not Found: /api/auth/token/refresh/
WARNING 2025-12-16 18:23:10,546 basehttp "POST /api/auth/token/refresh/ HTTP/1.1" 404 13429
WARNING 2025-12-16 18:23:10,546 basehttp "POST /api/auth/token/refresh/ HTTP/1.1" 404 13429
INFO 2025-12-16 18:23:36,024 basehttp "OPTIONS /api/auth/login/ HTTP/1.1" 200 0
INFO 2025-12-16 18:23:36,602 basehttp "POST /api/auth/login/ HTTP/1.1" 200 763
INFO 2025-12-16 18:23:36,848 basehttp "GET /api/planos/ HTTP/1.1" 200 1059
INFO 2025-12-16 18:23:36,848 basehttp "GET /api/veterinarios/ HTTP/1.1" 200 434
INFO 2025-12-16 18:23:36,853 basehttp "GET /api/tutores/ HTTP/1.1" 200 363
INFO 2025-12-16 18:23:36,861 basehttp "GET /api/animais/ HTTP/1.1" 200 675
INFO 2025-12-16 18:23:36,906 basehttp "GET /api/planos/ HTTP/1.1" 200 1059
INFO 2025-12-16 18:23:36,937 basehttp "GET /api/animais/ HTTP/1.1" 200 675
INFO 2025-12-16 18:23:36,943 basehttp "GET /api/veterinarios/ HTTP/1.1" 200 434
INFO 2025-12-16 18:23:36,944 basehttp "GET /api/tutores/ HTTP/1.1" 200 363
INFO 2025-12-16 18:23:42,231 basehttp "OPTIONS /api/consultas/ HTTP/1.1" 200 0
INFO 2025-12-16 18:23:42,246 basehttp "OPTIONS /api/clinicas/ HTTP/1.1" 200 0
INFO 2025-12-16 18:23:42,243 basehttp "OPTIONS /api/consultas/ HTTP/1.1" 200 0
INFO 2025-12-16 18:23:42,253 basehttp "OPTIONS /api/clinicas/ HTTP/1.1" 200 0
INFO 2025-12-16 18:23:42,277 basehttp "GET /api/animais/ HTTP/1.1" 200 675
INFO 2025-12-16 18:23:42,305 basehttp "GET /api/veterinarios/ HTTP/1.1" 200 434
INFO 2025-12-16 18:23:42,336 basehttp "GET /api/clinicas/ HTTP/1.1" 200 647
INFO 2025-12-16 18:23:42,339 basehttp "GET /api/consultas/ HTTP/1.1" 200 2310
INFO 2025-12-16 18:23:42,356 basehttp "GET /api/animais/ HTTP/1.1" 200 675
INFO 2025-12-16 18:23:42,363 basehttp "GET /api/veterinarios/ HTTP/1.1" 200 434
INFO 2025-12-16 18:23:42,395 basehttp "GET /api/consultas/ HTTP/1.1" 200 2310
INFO 2025-12-16 18:23:42,411 basehttp "GET /api/clinicas/ HTTP/1.1" 200 647
INFO 2025-12-16 18:23:44,337 basehttp "GET /api/tutores/ HTTP/1.1" 200 363
INFO 2025-12-16 18:23:44,368 basehttp "GET /api/tutores/ HTTP/1.1" 200 363
INFO 2025-12-16 18:23:46,570 basehttp "GET /api/animais/ HTTP/1.1" 200 675
INFO 2025-12-16 18:23:46,582 basehttp "GET /api/tutores/ HTTP/1.1" 200 363
INFO 2025-12-16 18:23:46,624 basehttp "GET /api/animais/ HTTP/1.1" 200 675
INFO 2025-12-16 18:23:46,627 basehttp "GET /api/tutores/ HTTP/1.1" 200 363
INFO 2025-12-16 18:23:47,298 basehttp "GET /api/veterinarios/ HTTP/1.1" 200 434
INFO 2025-12-16 18:23:47,391 basehttp "GET /api/veterinarios/ HTTP/1.1" 200 434
INFO 2025-12-16 18:23:48,549 basehttp "GET /api/planos/ HTTP/1.1" 200 1059
INFO 2025-12-16 18:23:48,584 basehttp "GET /api/planos/ HTTP/1.1" 200 1059
INFO 2025-12-16 18:23:52,070 basehttp "GET /api/clinicas/ HTTP/1.1" 200 647
INFO 2025-12-16 18:23:52,115 basehttp "GET /api/clinicas/ HTTP/1.1" 200 647
INFO 2025-12-16 18:23:53,048 basehttp "GET /api/animais/ HTTP/1.1" 200 675
INFO 2025-12-16 18:23:53,051 basehttp "GET /api/tutores/ HTTP/1.1" 200 363
INFO 2025-12-16 18:23:53,064 basehttp "GET /api/veterinarios/ HTTP/1.1" 200 434
INFO 2025-12-16 18:23:53,081 basehttp "GET /api/planos/ HTTP/1.1" 200 1059
INFO 2025-12-16 18:23:53,099 basehttp "GET /api/animais/ HTTP/1.1" 200 675
INFO 2025-12-16 18:23:53,121 basehttp "GET /api/tutores/ HTTP/1.1" 200 363
INFO 2025-12-16 18:23:53,124 basehttp "GET /api/veterinarios/ HTTP/1.1" 200 434
INFO 2025-12-16 18:23:53,133 basehttp "GET /api/planos/ HTTP/1.1" 200 1059
INFO 2025-12-25 17:37:59,159 autoreload Watching for file changes with StatReloader
INFO 2025-12-25 17:38:18,291 autoreload Watching for file changes with StatReloader
INFO 2025-12-25 17:38:48,311 basehttp "OPTIONS /api/auth/login/ HTTP/1.1" 200 0
WARNING 2025-12-25 17:38:49,137 log Unauthorized: /api/auth/login/
WARNING 2025-12-25 17:38:49,137 basehttp "POST /api/auth/login/ HTTP/1.1" 401 45
INFO 2025-12-25 17:38:54,126 basehttp "POST /api/auth/login/ HTTP/1.1" 200 763
INFO 2025-12-25 17:38:54,382 basehttp "OPTIONS /api/tutores/ HTTP/1.1" 200 0
INFO 2025-12-25 17:38:54,408 basehttp "OPTIONS /api/veterinarios/ HTTP/1.1" 200 0
INFO 2025-12-25 17:38:54,418 basehttp "OPTIONS /api/planos/ HTTP/1.1" 200 0
INFO 2025-12-25 17:38:54,418 basehttp "OPTIONS /api/tutores/ HTTP/1.1" 200 0
INFO 2025-12-25 17:38:54,419 basehttp "OPTIONS /api/animais/ HTTP/1.1" 200 0
INFO 2025-12-25 17:38:54,430 basehttp "OPTIONS /api/animais/ HTTP/1.1" 200 0
INFO 2025-12-25 17:38:54,432 basehttp "OPTIONS /api/veterinarios/ HTTP/1.1" 200 0
INFO 2025-12-25 17:38:54,466 basehttp "OPTIONS /api/planos/ HTTP/1.1" 200 0
INFO 2025-12-25 17:38:54,570 basehttp "GET /api/planos/ HTTP/1.1" 200 1059
INFO 2025-12-25 17:38:54,583 basehttp "GET /api/animais/ HTTP/1.1" 200 675
INFO 2025-12-25 17:38:54,587 basehttp "GET /api/tutores/ HTTP/1.1" 200 363
INFO 2025-12-25 17:38:54,598 basehttp "GET /api/veterinarios/ HTTP/1.1" 200 434
INFO 2025-12-25 17:38:54,662 basehttp "GET /api/tutores/ HTTP/1.1" 200 363
INFO 2025-12-25 17:38:54,675 basehttp "GET /api/veterinarios/ HTTP/1.1" 200 434
INFO 2025-12-25 17:38:54,682 basehttp "GET /api/planos/ HTTP/1.1" 200 1059
INFO 2025-12-25 17:38:54,698 basehttp "GET /api/animais/ HTTP/1.1" 200 675
INFO 2025-12-25 17:39:14,626 basehttp "POST /api/auth/login/ HTTP/1.1" 200 763
INFO 2025-12-25 17:39:15,048 basehttp "GET /api/animais/ HTTP/1.1" 200 675
INFO 2025-12-25 17:39:15,089 basehttp "GET /api/veterinarios/ HTTP/1.1" 200 434
INFO 2025-12-25 17:39:15,101 basehttp "GET /api/tutores/ HTTP/1.1" 200 363
INFO 2025-12-25 17:39:15,175 basehttp "GET /api/planos/ HTTP/1.1" 200 1059
INFO 2025-12-25 17:39:15,180 basehttp "GET /api/animais/ HTTP/1.1" 200 675
INFO 2025-12-25 17:39:15,226 basehttp "GET /api/veterinarios/ HTTP/1.1" 200 434
INFO 2025-12-25 17:39:15,275 basehttp "GET /api/tutores/ HTTP/1.1" 200 363
INFO 2025-12-25 17:39:15,277 basehttp "GET /api/planos/ HTTP/1.1" 200 1059
INFO 2025-12-25 17:39:19,188 basehttp "OPTIONS /api/consultas/ HTTP/1.1" 200 0
INFO 2025-12-25 17:39:19,223 basehttp "OPTIONS /api/clinicas/ HTTP/1.1" 200 0
INFO 2025-12-25 17:39:19,233 basehttp "OPTIONS /api/consultas/ HTTP/1.1" 200 0
INFO 2025-12-25 17:39:19,235 basehttp "OPTIONS /api/clinicas/ HTTP/1.1" 200 0
INFO 2025-12-25 17:39:19,290 basehttp "GET /api/veterinarios/ HTTP/1.1" 200 434
INFO 2025-12-25 17:39:19,322 basehttp "GET /api/animais/ HTTP/1.1" 200 675
INFO 2025-12-25 17:39:19,360 basehttp "GET /api/clinicas/ HTTP/1.1" 200 647
INFO 2025-12-25 17:39:19,373 basehttp "GET /api/consultas/ HTTP/1.1" 200 2310
INFO 2025-12-25 17:39:19,387 basehttp "GET /api/veterinarios/ HTTP/1.1" 200 434
INFO 2025-12-25 17:39:19,442 basehttp "GET /api/animais/ HTTP/1.1" 200 675
INFO 2025-12-25 17:39:19,462 basehttp "GET /api/clinicas/ HTTP/1.1" 200 647
INFO 2025-12-25 17:39:19,516 basehttp "GET /api/consultas/ HTTP/1.1" 200 2310
INFO 2025-12-25 17:39:21,088 basehttp "GET /api/tutores/ HTTP/1.1" 200 363
INFO 2025-12-25 17:39:21,143 basehttp "GET /api/tutores/ HTTP/1.1" 200 363
INFO 2025-12-25 17:39:23,806 basehttp "GET /api/tutores/ HTTP/1.1" 200 363
INFO 2025-12-25 17:39:23,853 basehttp "GET /api/animais/ HTTP/1.1" 200 675
INFO 2025-12-25 17:39:23,956 basehttp "GET /api/tutores/ HTTP/1.1" 200 363
INFO 2025-12-25 17:39:23,994 basehttp "GET /api/animais/ HTTP/1.1" 200 675
INFO 2025-12-25 17:39:26,139 basehttp "GET /api/veterinarios/ HTTP/1.1" 200 434
INFO 2025-12-25 17:39:26,200 basehttp "GET /api/veterinarios/ HTTP/1.1" 200 434
INFO 2025-12-25 17:39:28,618 basehttp "GET /api/planos/ HTTP/1.1" 200 1059
INFO 2025-12-25 17:39:28,683 basehttp "GET /api/planos/ HTTP/1.1" 200 1059
INFO 2025-12-25 17:39:30,695 basehttp "GET /api/clinicas/ HTTP/1.1" 200 647
INFO 2025-12-25 17:39:30,760 basehttp "GET /api/clinicas/ HTTP/1.1" 200 647
INFO 2025-12-30 10:06:13,852 autoreload Watching for file changes with StatReloader
INFO 2025-12-30 10:06:37,431 basehttp "OPTIONS /api/auth/login/ HTTP/1.1" 200 0
WARNING 2025-12-30 10:06:38,113 log Unauthorized: /api/auth/login/
WARNING 2025-12-30 10:06:38,114 basehttp "POST /api/auth/login/ HTTP/1.1" 401 45
INFO 2025-12-30 10:06:42,594 basehttp "POST /api/auth/login/ HTTP/1.1" 200 763
INFO 2025-12-30 10:06:42,842 basehttp "OPTIONS /api/tutores/ HTTP/1.1" 200 0
INFO 2025-12-30 10:06:42,856 basehttp "OPTIONS /api/planos/ HTTP/1.1" 200 0
INFO 2025-12-30 10:06:42,860 basehttp "OPTIONS /api/veterinarios/ HTTP/1.1" 200 0
INFO 2025-12-30 10:06:42,870 basehttp "OPTIONS /api/tutores/ HTTP/1.1" 200 0
INFO 2025-12-30 10:06:42,873 basehttp "OPTIONS /api/planos/ HTTP/1.1" 200 0
INFO 2025-12-30 10:06:42,876 basehttp "OPTIONS /api/veterinarios/ HTTP/1.1" 200 0
INFO 2025-12-30 10:06:42,875 basehttp "OPTIONS /api/animais/ HTTP/1.1" 200 0
INFO 2025-12-30 10:06:42,875 basehttp "OPTIONS /api/animais/ HTTP/1.1" 200 0
INFO 2025-12-30 10:06:42,942 basehttp "GET /api/animais/ HTTP/1.1" 200 675
INFO 2025-12-30 10:06:42,943 basehttp "GET /api/tutores/ HTTP/1.1" 200 363
INFO 2025-12-30 10:06:42,946 basehttp "GET /api/veterinarios/ HTTP/1.1" 200 434
INFO 2025-12-30 10:06:42,960 basehttp "GET /api/planos/ HTTP/1.1" 200 1059
INFO 2025-12-30 10:06:43,032 basehttp "GET /api/tutores/ HTTP/1.1" 200 363
INFO 2025-12-30 10:06:43,033 basehttp "GET /api/animais/ HTTP/1.1" 200 675
INFO 2025-12-30 10:06:43,041 basehttp "GET /api/veterinarios/ HTTP/1.1" 200 434
INFO 2025-12-30 10:06:43,048 basehttp "GET /api/planos/ HTTP/1.1" 200 1059
INFO 2025-12-30 10:06:47,902 basehttp "OPTIONS /api/consultas/ HTTP/1.1" 200 0
INFO 2025-12-30 10:06:47,923 basehttp "OPTIONS /api/clinicas/ HTTP/1.1" 200 0
INFO 2025-12-30 10:06:47,932 basehttp "OPTIONS /api/clinicas/ HTTP/1.1" 200 0
INFO 2025-12-30 10:06:47,925 basehttp "OPTIONS /api/consultas/ HTTP/1.1" 200 0
INFO 2025-12-30 10:06:47,997 basehttp "GET /api/veterinarios/ HTTP/1.1" 200 434
INFO 2025-12-30 10:06:48,016 basehttp "GET /api/animais/ HTTP/1.1" 200 675
INFO 2025-12-30 10:06:48,052 basehttp "GET /api/clinicas/ HTTP/1.1" 200 647
INFO 2025-12-30 10:06:48,052 basehttp "GET /api/consultas/ HTTP/1.1" 200 2310
INFO 2025-12-30 10:06:48,067 basehttp "GET /api/veterinarios/ HTTP/1.1" 200 434
INFO 2025-12-30 10:06:48,076 basehttp "GET /api/animais/ HTTP/1.1" 200 675
INFO 2025-12-30 10:06:48,148 basehttp "GET /api/clinicas/ HTTP/1.1" 200 647
INFO 2025-12-30 10:06:48,148 basehttp "GET /api/consultas/ HTTP/1.1" 200 2310
INFO 2025-12-30 10:06:52,297 basehttp "GET /api/tutores/ HTTP/1.1" 200 363
INFO 2025-12-30 10:06:52,345 basehttp "GET /api/tutores/ HTTP/1.1" 200 363
INFO 2025-12-30 10:06:54,258 basehttp "GET /api/animais/ HTTP/1.1" 200 675
INFO 2025-12-30 10:06:54,258 basehttp "GET /api/tutores/ HTTP/1.1" 200 363
INFO 2025-12-30 10:06:54,342 basehttp "GET /api/tutores/ HTTP/1.1" 200 363
INFO 2025-12-30 10:06:54,366 basehttp "GET /api/animais/ HTTP/1.1" 200 675
INFO 2025-12-30 10:06:55,695 basehttp "GET /api/veterinarios/ HTTP/1.1" 200 434
INFO 2025-12-30 10:06:55,732 basehttp "GET /api/veterinarios/ HTTP/1.1" 200 434
INFO 2025-12-30 10:06:57,354 basehttp "GET /api/planos/ HTTP/1.1" 200 1059
INFO 2025-12-30 10:06:57,392 basehttp "GET /api/planos/ HTTP/1.1" 200 1059
INFO 2025-12-30 10:07:08,882 basehttp "GET /api/clinicas/ HTTP/1.1" 200 647
INFO 2025-12-30 10:07:08,919 basehttp "GET /api/clinicas/ HTTP/1.1" 200 647
INFO 2025-12-30 10:07:13,679 basehttp "GET /api/planos/ HTTP/1.1" 200 1059
INFO 2025-12-30 10:07:13,714 basehttp "GET /api/planos/ HTTP/1.1" 200 1059
INFO 2025-12-30 10:07:26,866 basehttp "GET /api/animais/ HTTP/1.1" 200 675
INFO 2025-12-30 10:07:26,868 basehttp "GET /api/tutores/ HTTP/1.1" 200 363
INFO 2025-12-30 10:07:26,884 basehttp "GET /api/veterinarios/ HTTP/1.1" 200 434
INFO 2025-12-30 10:07:26,897 basehttp "GET /api/planos/ HTTP/1.1" 200 1059
INFO 2025-12-30 10:07:26,924 basehttp "GET /api/tutores/ HTTP/1.1" 200 363
INFO 2025-12-30 10:07:26,946 basehttp "GET /api/animais/ HTTP/1.1" 200 675
INFO 2025-12-30 10:07:26,954 basehttp "GET /api/planos/ HTTP/1.1" 200 1059
INFO 2025-12-30 10:07:26,962 basehttp "GET /api/veterinarios/ HTTP/1.1" 200 434
INFO 2025-12-30 10:07:31,937 basehttp "GET /api/clinicas/ HTTP/1.1" 200 647
INFO 2025-12-30 10:07:31,987 basehttp "GET /api/animais/ HTTP/1.1" 200 675
INFO 2025-12-30 10:07:32,036 basehttp "GET /api/veterinarios/ HTTP/1.1" 200 434
INFO 2025-12-30 10:07:32,036 basehttp "GET /api/consultas/ HTTP/1.1" 200 2310
INFO 2025-12-30 10:07:32,046 basehttp "GET /api/clinicas/ HTTP/1.1" 200 647
INFO 2025-12-30 10:07:32,072 basehttp "GET /api/animais/ HTTP/1.1" 200 675
INFO 2025-12-30 10:07:32,112 basehttp "GET /api/veterinarios/ HTTP/1.1" 200 434
INFO 2025-12-30 10:07:32,117 basehttp "GET /api/consultas/ HTTP/1.1" 200 2310
INFO 2025-12-30 10:07:36,474 basehttp "GET /api/tutores/ HTTP/1.1" 200 363
INFO 2025-12-30 10:07:36,508 basehttp "GET /api/tutores/ HTTP/1.1" 200 363
INFO 2025-12-30 10:07:40,315 basehttp "GET /api/animais/ HTTP/1.1" 200 675
INFO 2025-12-30 10:07:40,326 basehttp "GET /api/tutores/ HTTP/1.1" 200 363
INFO 2025-12-30 10:07:40,362 basehttp "GET /api/animais/ HTTP/1.1" 200 675
INFO 2025-12-30 10:07:40,373 basehttp "GET /api/tutores/ HTTP/1.1" 200 363
INFO 2025-12-30 10:07:44,650 basehttp "GET /api/veterinarios/ HTTP/1.1" 200 434
INFO 2025-12-30 10:07:44,687 basehttp "GET /api/veterinarios/ HTTP/1.1" 200 434
INFO 2025-12-30 10:07:48,979 basehttp "GET /api/planos/ HTTP/1.1" 200 1059
INFO 2025-12-30 10:07:49,010 basehttp "GET /api/planos/ HTTP/1.1" 200 1059
INFO 2025-12-30 10:54:35,467 basehttp "GET /api/planos/ HTTP/1.1" 200 1059
INFO 2025-12-30 10:57:18,146 basehttp "GET /api/planos/ HTTP/1.1" 200 1059
INFO 2025-12-30 10:57:18,191 basehttp "GET /api/planos/ HTTP/1.1" 200 1059
INFO 2025-12-30 10:57:26,172 basehttp "GET /api/clinicas/ HTTP/1.1" 200 647
INFO 2025-12-30 10:57:26,204 basehttp "GET /api/clinicas/ HTTP/1.1" 200 647
INFO 2025-12-30 10:57:27,442 basehttp "GET /api/planos/ HTTP/1.1" 200 1059
INFO 2025-12-30 10:57:27,477 basehttp "GET /api/planos/ HTTP/1.1" 200 1059
INFO 2025-12-30 10:57:28,898 basehttp "GET /api/clinicas/ HTTP/1.1" 200 647
INFO 2025-12-30 10:57:28,940 basehttp "GET /api/clinicas/ HTTP/1.1" 200 647
INFO 2025-12-30 10:57:30,037 basehttp "GET /api/tutores/ HTTP/1.1" 200 363
INFO 2025-12-30 10:57:30,062 basehttp "GET /api/veterinarios/ HTTP/1.1" 200 434
INFO 2025-12-30 10:57:30,062 basehttp "GET /api/animais/ HTTP/1.1" 200 675
INFO 2025-12-30 10:57:30,063 basehttp "GET /api/planos/ HTTP/1.1" 200 1059
INFO 2025-12-30 10:57:30,097 basehttp "GET /api/tutores/ HTTP/1.1" 200 363
INFO 2025-12-30 10:57:30,128 basehttp "GET /api/animais/ HTTP/1.1" 200 675
INFO 2025-12-30 10:57:30,134 basehttp "GET /api/veterinarios/ HTTP/1.1" 200 434
INFO 2025-12-30 10:57:30,146 basehttp "GET /api/planos/ HTTP/1.1" 200 1059
INFO 2025-12-30 10:57:33,506 basehttp "GET /api/consultas/ HTTP/1.1" 200 2310
INFO 2025-12-30 10:57:33,507 basehttp "GET /api/veterinarios/ HTTP/1.1" 200 434
INFO 2025-12-30 10:57:33,550 basehttp "GET /api/clinicas/ HTTP/1.1" 200 647
INFO 2025-12-30 10:57:33,553 basehttp "GET /api/animais/ HTTP/1.1" 200 675
INFO 2025-12-30 10:57:33,611 basehttp "GET /api/veterinarios/ HTTP/1.1" 200 434
INFO 2025-12-30 10:57:33,631 basehttp "GET /api/animais/ HTTP/1.1" 200 675
INFO 2025-12-30 10:57:33,651 basehttp "GET /api/clinicas/ HTTP/1.1" 200 647
INFO 2025-12-30 10:57:33,652 basehttp "GET /api/consultas/ HTTP/1.1" 200 2310
INFO 2025-12-30 10:57:35,126 basehttp "GET /api/tutores/ HTTP/1.1" 200 363
INFO 2025-12-30 10:57:35,169 basehttp "GET /api/tutores/ HTTP/1.1" 200 363
INFO 2025-12-30 10:57:37,262 basehttp "GET /api/consultas/ HTTP/1.1" 200 2310
INFO 2025-12-30 10:57:37,264 basehttp "GET /api/veterinarios/ HTTP/1.1" 200 434
INFO 2025-12-30 10:57:37,285 basehttp "GET /api/animais/ HTTP/1.1" 200 675
INFO 2025-12-30 10:57:37,285 basehttp "GET /api/clinicas/ HTTP/1.1" 200 647
INFO 2025-12-30 10:57:37,316 basehttp "GET /api/veterinarios/ HTTP/1.1" 200 434
INFO 2025-12-30 10:57:37,352 basehttp "GET /api/animais/ HTTP/1.1" 200 675
INFO 2025-12-30 10:57:37,356 basehttp "GET /api/consultas/ HTTP/1.1" 200 2310
INFO 2025-12-30 10:57:37,371 basehttp "GET /api/clinicas/ HTTP/1.1" 200 647
INFO 2025-12-30 10:57:38,484 basehttp "GET /api/tutores/ HTTP/1.1" 200 363
INFO 2025-12-30 10:57:38,532 basehttp "GET /api/tutores/ HTTP/1.1" 200 363
INFO 2025-12-30 10:57:39,955 basehttp "GET /api/animais/ HTTP/1.1" 200 675
INFO 2025-12-30 10:57:39,965 basehttp "GET /api/tutores/ HTTP/1.1" 200 363
INFO 2025-12-30 10:57:40,002 basehttp "GET /api/animais/ HTTP/1.1" 200 675
INFO 2025-12-30 10:57:40,012 basehttp "GET /api/tutores/ HTTP/1.1" 200 363
INFO 2025-12-30 10:57:41,419 basehttp "GET /api/veterinarios/ HTTP/1.1" 200 434
INFO 2025-12-30 10:57:41,458 basehttp "GET /api/veterinarios/ HTTP/1.1" 200 434
INFO 2025-12-30 10:58:03,059 basehttp "GET /api/animais/ HTTP/1.1" 200 675
INFO 2025-12-30 10:58:03,092 basehttp "GET /api/tutores/ HTTP/1.1" 200 363
INFO 2025-12-30 10:58:03,144 basehttp "GET /api/animais/ HTTP/1.1" 200 675
INFO 2025-12-30 10:58:03,172 basehttp "GET /api/tutores/ HTTP/1.1" 200 363
INFO 2025-12-30 10:58:05,230 basehttp "GET /api/veterinarios/ HTTP/1.1" 200 434
INFO 2025-12-30 10:58:05,268 basehttp "GET /api/veterinarios/ HTTP/1.1" 200 434
INFO 2025-12-30 10:58:07,078 basehttp "GET /api/planos/ HTTP/1.1" 200 1059
INFO 2025-12-30 10:58:07,116 basehttp "GET /api/planos/ HTTP/1.1" 200 1059
INFO 2025-12-30 10:58:08,607 basehttp "GET /api/veterinarios/ HTTP/1.1" 200 434
INFO 2025-12-30 10:58:08,657 basehttp "GET /api/veterinarios/ HTTP/1.1" 200 434
INFO 2025-12-30 10:58:09,924 basehttp "GET /api/animais/ HTTP/1.1" 200 675
INFO 2025-12-30 10:58:09,944 basehttp "GET /api/tutores/ HTTP/1.1" 200 363
INFO 2025-12-30 10:58:09,979 basehttp "GET /api/animais/ HTTP/1.1" 200 675
INFO 2025-12-30 10:58:09,995 basehttp "GET /api/tutores/ HTTP/1.1" 200 363
INFO 2025-12-30 10:58:11,487 basehttp "GET /api/tutores/ HTTP/1.1" 200 363
INFO 2025-12-30 10:58:11,534 basehttp "GET /api/tutores/ HTTP/1.1" 200 363
INFO 2025-12-30 10:58:13,992 basehttp "GET /api/consultas/ HTTP/1.1" 200 2310
INFO 2025-12-30 10:58:14,034 basehttp "GET /api/clinicas/ HTTP/1.1" 200 647
INFO 2025-12-30 10:58:14,062 basehttp "GET /api/animais/ HTTP/1.1" 200 675
INFO 2025-12-30 10:58:14,076 basehttp "GET /api/veterinarios/ HTTP/1.1" 200 434
INFO 2025-12-30 10:58:14,155 basehttp "GET /api/consultas/ HTTP/1.1" 200 2310
INFO 2025-12-30 10:58:14,161 basehttp "GET /api/clinicas/ HTTP/1.1" 200 647
INFO 2025-12-30 10:58:14,178 basehttp "GET /api/veterinarios/ HTTP/1.1" 200 434
INFO 2025-12-30 10:58:14,185 basehttp "GET /api/animais/ HTTP/1.1" 200 675
INFO 2025-12-30 10:58:22,353 basehttp "GET /api/animais/ HTTP/1.1" 200 675
INFO 2025-12-30 10:58:22,381 basehttp "GET /api/tutores/ HTTP/1.1" 200 363
INFO 2025-12-30 10:58:22,387 basehttp "GET /api/veterinarios/ HTTP/1.1" 200 434
INFO 2025-12-30 10:58:22,410 basehttp "GET /api/planos/ HTTP/1.1" 200 1059
INFO 2025-12-30 10:58:22,431 basehttp "GET /api/animais/ HTTP/1.1" 200 675
INFO 2025-12-30 10:58:22,461 basehttp "GET /api/veterinarios/ HTTP/1.1" 200 434
INFO 2025-12-30 10:58:22,467 basehttp "GET /api/tutores/ HTTP/1.1" 200 363
INFO 2025-12-30 10:58:22,476 basehttp "GET /api/planos/ HTTP/1.1" 200 1059
INFO 2025-12-30 10:59:48,024 basehttp "GET /api/animais/ HTTP/1.1" 200 675
INFO 2025-12-30 10:59:48,027 basehttp "GET /api/consultas/ HTTP/1.1" 200 2310
INFO 2025-12-30 10:59:48,062 basehttp "GET /api/clinicas/ HTTP/1.1" 200 647
INFO 2025-12-30 10:59:48,078 basehttp "GET /api/veterinarios/ HTTP/1.1" 200 434
INFO 2025-12-30 10:59:48,112 basehttp "GET /api/animais/ HTTP/1.1" 200 675
INFO 2025-12-30 10:59:48,115 basehttp "GET /api/consultas/ HTTP/1.1" 200 2310
INFO 2025-12-30 10:59:48,134 basehttp "GET /api/clinicas/ HTTP/1.1" 200 647
INFO 2025-12-30 10:59:48,142 basehttp "GET /api/veterinarios/ HTTP/1.1" 200 434
INFO 2025-12-30 11:00:03,726 basehttp "GET /api/planos/ HTTP/1.1" 200 1059
INFO 2025-12-30 11:00:03,726 basehttp "GET /api/tutores/ HTTP/1.1" 200 363
INFO 2025-12-30 11:00:03,759 basehttp "GET /api/animais/ HTTP/1.1" 200 675
INFO 2025-12-30 11:00:03,760 basehttp "GET /api/veterinarios/ HTTP/1.1" 200 434
INFO 2025-12-30 11:00:03,802 basehttp "GET /api/planos/ HTTP/1.1" 200 1059
INFO 2025-12-30 11:00:03,813 basehttp "GET /api/tutores/ HTTP/1.1" 200 363
INFO 2025-12-30 11:00:03,827 basehttp "GET /api/veterinarios/ HTTP/1.1" 200 434
INFO 2025-12-30 11:00:03,828 basehttp "GET /api/animais/ HTTP/1.1" 200 675
INFO 2025-12-30 11:18:20,412 autoreload /home/fabianosf/Desktop/Projetos/vetsystem/backend/api/models/__init__.py changed, reloading.
INFO 2025-12-30 11:18:21,723 autoreload Watching for file changes with StatReloader
INFO 2025-12-30 11:20:57,735 autoreload /home/fabianosf/Desktop/Projetos/vetsystem/backend/api/views.py changed, reloading.
INFO 2025-12-30 11:20:59,275 autoreload Watching for file changes with StatReloader
INFO 2025-12-30 11:21:23,950 autoreload /home/fabianosf/Desktop/Projetos/vetsystem/backend/api/views.py changed, reloading.
INFO 2025-12-30 11:21:25,049 autoreload Watching for file changes with StatReloader
INFO 2025-12-30 11:22:35,077 autoreload Watching for file changes with StatReloader
INFO 2025-12-30 11:24:49,727 autoreload Watching for file changes with StatReloader
INFO 2025-12-30 11:26:27,359 autoreload /home/fabianosf/Desktop/Projetos/vetsystem/backend/api/models/notificacao.py changed, reloading.
INFO 2025-12-30 11:26:28,464 autoreload Watching for file changes with StatReloader
INFO 2025-12-30 12:07:09,282 autoreload Watching for file changes with StatReloader
INFO 2025-12-30 12:07:17,097 basehttp "OPTIONS /api/notificacoes/nao_lidas/ HTTP/1.1" 200 0
INFO 2025-12-30 12:07:17,116 basehttp "OPTIONS /api/animais/ HTTP/1.1" 200 0
INFO 2025-12-30 12:07:17,118 basehttp "OPTIONS /api/animais/ HTTP/1.1" 200 0
INFO 2025-12-30 12:07:17,120 basehttp "OPTIONS /api/tutores/ HTTP/1.1" 200 0
INFO 2025-12-30 12:07:17,121 basehttp "OPTIONS /api/veterinarios/ HTTP/1.1" 200 0
INFO 2025-12-30 12:07:17,121 basehttp "OPTIONS /api/notificacoes/nao_lidas/ HTTP/1.1" 200 0
INFO 2025-12-30 12:07:17,122 basehttp "OPTIONS /api/tutores/ HTTP/1.1" 200 0
INFO 2025-12-30 12:07:17,122 basehttp "OPTIONS /api/planos/ HTTP/1.1" 200 0
INFO 2025-12-30 12:07:17,132 basehttp "OPTIONS /api/veterinarios/ HTTP/1.1" 200 0
INFO 2025-12-30 12:07:17,132 basehttp "OPTIONS /api/planos/ HTTP/1.1" 200 0
WARNING 2025-12-30 12:07:17,214 log Unauthorized: /api/notificacoes/nao_lidas/
WARNING 2025-12-30 12:07:17,216 log Unauthorized: /api/animais/
WARNING 2025-12-30 12:07:17,217 log Unauthorized: /api/veterinarios/
WARNING 2025-12-30 12:07:17,218 log Unauthorized: /api/tutores/
WARNING 2025-12-30 12:07:17,219 basehttp "GET /api/notificacoes/nao_lidas/ HTTP/1.1" 401 191
WARNING 2025-12-30 12:07:17,220 log Unauthorized: /api/planos/
WARNING 2025-12-30 12:07:17,220 basehttp "GET /api/veterinarios/ HTTP/1.1" 401 191
WARNING 2025-12-30 12:07:17,220 basehttp "GET /api/animais/ HTTP/1.1" 401 191
WARNING 2025-12-30 12:07:17,221 basehttp "GET /api/tutores/ HTTP/1.1" 401 191
WARNING 2025-12-30 12:07:17,221 basehttp "GET /api/planos/ HTTP/1.1" 401 191
WARNING 2025-12-30 12:07:17,262 log Unauthorized: /api/notificacoes/nao_lidas/
WARNING 2025-12-30 12:07:17,263 basehttp "GET /api/notificacoes/nao_lidas/ HTTP/1.1" 401 191
WARNING 2025-12-30 12:07:17,273 log Unauthorized: /api/animais/
WARNING 2025-12-30 12:07:17,276 log Unauthorized: /api/veterinarios/
WARNING 2025-12-30 12:07:17,279 log Unauthorized: /api/tutores/
WARNING 2025-12-30 12:07:17,286 basehttp "GET /api/tutores/ HTTP/1.1" 401 191
INFO 2025-12-30 12:07:17,284 basehttp "OPTIONS /api/auth/token/refresh/ HTTP/1.1" 200 0
INFO 2025-12-30 12:07:17,285 basehttp "OPTIONS /api/auth/token/refresh/ HTTP/1.1" 200 0
WARNING 2025-12-30 12:07:17,285 basehttp "GET /api/animais/ HTTP/1.1" 401 191
WARNING 2025-12-30 12:07:17,283 log Unauthorized: /api/planos/
WARNING 2025-12-30 12:07:17,286 basehttp "GET /api/veterinarios/ HTTP/1.1" 401 191
WARNING 2025-12-30 12:07:17,287 basehttp "GET /api/planos/ HTTP/1.1" 401 191
INFO 2025-12-30 12:07:17,325 basehttp "OPTIONS /api/auth/token/refresh/ HTTP/1.1" 200 0
INFO 2025-12-30 12:07:17,336 basehttp "OPTIONS /api/auth/token/refresh/ HTTP/1.1" 200 0
INFO 2025-12-30 12:07:17,338 basehttp "OPTIONS /api/auth/token/refresh/ HTTP/1.1" 200 0
INFO 2025-12-30 12:07:17,342 basehttp "OPTIONS /api/auth/token/refresh/ HTTP/1.1" 200 0
WARNING 2025-12-30 12:07:17,375 log Not Found: /api/auth/token/refresh/
WARNING 2025-12-30 12:07:17,381 log Not Found: /api/auth/token/refresh/
WARNING 2025-12-30 12:07:17,381 basehttp "POST /api/auth/token/refresh/ HTTP/1.1" 404 16729
WARNING 2025-12-30 12:07:17,384 basehttp "POST /api/auth/token/refresh/ HTTP/1.1" 404 16729
WARNING 2025-12-30 12:07:17,439 log Not Found: /api/auth/token/refresh/
WARNING 2025-12-30 12:07:17,465 basehttp "POST /api/auth/token/refresh/ HTTP/1.1" 404 16729
WARNING 2025-12-30 12:07:17,479 log Not Found: /api/auth/token/refresh/
WARNING 2025-12-30 12:07:17,518 basehttp "POST /api/auth/token/refresh/ HTTP/1.1" 404 16729
WARNING 2025-12-30 12:07:17,482 log Not Found: /api/auth/token/refresh/
WARNING 2025-12-30 12:07:17,527 basehttp "POST /api/auth/token/refresh/ HTTP/1.1" 404 16729
WARNING 2025-12-30 12:07:17,500 log Not Found: /api/auth/token/refresh/
WARNING 2025-12-30 12:07:17,534 basehttp "POST /api/auth/token/refresh/ HTTP/1.1" 404 16729
WARNING 2025-12-30 12:07:17,512 log Not Found: /api/auth/token/refresh/
WARNING 2025-12-30 12:07:17,533 log Not Found: /api/auth/token/refresh/
WARNING 2025-12-30 12:07:17,543 basehttp "POST /api/auth/token/refresh/ HTTP/1.1" 404 16729
WARNING 2025-12-30 12:07:17,542 basehttp "POST /api/auth/token/refresh/ HTTP/1.1" 404 16729
WARNING 2025-12-30 12:07:17,554 log Not Found: /api/auth/token/refresh/
WARNING 2025-12-30 12:07:17,554 basehttp "POST /api/auth/token/refresh/ HTTP/1.1" 404 16729
INFO 2025-12-30 12:07:25,072 basehttp "OPTIONS /api/auth/login/ HTTP/1.1" 200 0
INFO 2025-12-30 12:07:25,615 basehttp "POST /api/auth/login/ HTTP/1.1" 200 763
INFO 2025-12-30 12:07:25,870 basehttp "GET /api/notificacoes/nao_lidas/ HTTP/1.1" 200 24
INFO 2025-12-30 12:07:25,924 basehttp "GET /api/tutores/ HTTP/1.1" 200 363
INFO 2025-12-30 12:07:25,925 basehttp "GET /api/veterinarios/ HTTP/1.1" 200 434
INFO 2025-12-30 12:07:25,925 basehttp "GET /api/animais/ HTTP/1.1" 200 675
INFO 2025-12-30 12:07:25,926 basehttp "GET /api/planos/ HTTP/1.1" 200 1059
INFO 2025-12-30 12:07:25,951 basehttp "GET /api/notificacoes/nao_lidas/ HTTP/1.1" 200 24
INFO 2025-12-30 12:07:25,978 basehttp "GET /api/tutores/ HTTP/1.1" 200 363
INFO 2025-12-30 12:07:25,986 basehttp "GET /api/veterinarios/ HTTP/1.1" 200 434
INFO 2025-12-30 12:07:25,999 basehttp "GET /api/planos/ HTTP/1.1" 200 1059
INFO 2025-12-30 12:07:26,008 basehttp "GET /api/animais/ HTTP/1.1" 200 675
INFO 2025-12-30 12:07:36,026 basehttp "OPTIONS /api/consultas/ HTTP/1.1" 200 0
INFO 2025-12-30 12:07:36,041 basehttp "OPTIONS /api/consultas/ HTTP/1.1" 200 0
INFO 2025-12-30 12:07:36,045 basehttp "OPTIONS /api/clinicas/ HTTP/1.1" 200 0
INFO 2025-12-30 12:07:36,045 basehttp "OPTIONS /api/clinicas/ HTTP/1.1" 200 0
INFO 2025-12-30 12:07:36,072 basehttp "GET /api/animais/ HTTP/1.1" 200 675
INFO 2025-12-30 12:07:36,102 basehttp "GET /api/veterinarios/ HTTP/1.1" 200 434
INFO 2025-12-30 12:07:36,130 basehttp "GET /api/consultas/ HTTP/1.1" 200 2310
INFO 2025-12-30 12:07:36,150 basehttp "GET /api/clinicas/ HTTP/1.1" 200 647
INFO 2025-12-30 12:07:36,161 basehttp "GET /api/animais/ HTTP/1.1" 200 675
INFO 2025-12-30 12:07:36,164 basehttp "GET /api/veterinarios/ HTTP/1.1" 200 434
INFO 2025-12-30 12:07:36,180 basehttp "GET /api/consultas/ HTTP/1.1" 200 2310
INFO 2025-12-30 12:07:36,228 basehttp "GET /api/clinicas/ HTTP/1.1" 200 647
INFO 2025-12-30 12:07:37,998 basehttp "GET /api/tutores/ HTTP/1.1" 200 363
INFO 2025-12-30 12:07:38,035 basehttp "GET /api/tutores/ HTTP/1.1" 200 363
INFO 2025-12-30 12:07:39,873 basehttp "GET /api/animais/ HTTP/1.1" 200 675
INFO 2025-12-30 12:07:39,874 basehttp "GET /api/tutores/ HTTP/1.1" 200 363
INFO 2025-12-30 12:07:39,910 basehttp "GET /api/tutores/ HTTP/1.1" 200 363
INFO 2025-12-30 12:07:39,921 basehttp "GET /api/animais/ HTTP/1.1" 200 675
INFO 2025-12-30 12:07:41,682 basehttp "GET /api/veterinarios/ HTTP/1.1" 200 434
INFO 2025-12-30 12:07:41,715 basehttp "GET /api/veterinarios/ HTTP/1.1" 200 434
INFO 2025-12-30 12:07:42,555 basehttp "GET /api/planos/ HTTP/1.1" 200 1059
INFO 2025-12-30 12:07:42,595 basehttp "GET /api/planos/ HTTP/1.1" 200 1059
INFO 2025-12-30 12:07:43,551 basehttp "GET /api/clinicas/ HTTP/1.1" 200 647
INFO 2025-12-30 12:07:43,586 basehttp "GET /api/clinicas/ HTTP/1.1" 200 647
INFO 2025-12-30 12:07:45,106 basehttp "GET /api/tutores/ HTTP/1.1" 200 363
INFO 2025-12-30 12:07:45,107 basehttp "GET /api/animais/ HTTP/1.1" 200 675
INFO 2025-12-30 12:07:45,115 basehttp "GET /api/veterinarios/ HTTP/1.1" 200 434
INFO 2025-12-30 12:07:45,133 basehttp "GET /api/planos/ HTTP/1.1" 200 1059
INFO 2025-12-30 12:07:45,170 basehttp "GET /api/tutores/ HTTP/1.1" 200 363
INFO 2025-12-30 12:07:45,186 basehttp "GET /api/veterinarios/ HTTP/1.1" 200 434
INFO 2025-12-30 12:07:45,207 basehttp "GET /api/animais/ HTTP/1.1" 200 675
INFO 2025-12-30 12:07:45,211 basehttp "GET /api/planos/ HTTP/1.1" 200 1059
INFO 2025-12-30 12:07:55,851 basehttp "GET /api/notificacoes/nao_lidas/ HTTP/1.1" 200 24
INFO 2025-12-30 12:08:25,857 basehttp "GET /api/notificacoes/nao_lidas/ HTTP/1.1" 200 24
INFO 2025-12-30 12:08:56,425 basehttp "GET /api/notificacoes/nao_lidas/ HTTP/1.1" 200 24
INFO 2025-12-30 12:09:26,427 basehttp "GET /api/notificacoes/nao_lidas/ HTTP/1.1" 200 24
INFO 2025-12-30 12:09:56,418 basehttp "GET /api/notificacoes/nao_lidas/ HTTP/1.1" 200 24
INFO 2025-12-30 12:10:26,426 basehttp "GET /api/notificacoes/nao_lidas/ HTTP/1.1" 200 24
INFO 2025-12-30 12:11:29,420 basehttp "GET /api/notificacoes/nao_lidas/ HTTP/1.1" 200 24
INFO 2025-12-30 12:12:29,414 basehttp "GET /api/notificacoes/nao_lidas/ HTTP/1.1" 200 24
INFO 2025-12-30 12:13:29,416 basehttp "GET /api/notificacoes/nao_lidas/ HTTP/1.1" 200 24
INFO 2025-12-30 12:14:29,423 basehttp "GET /api/notificacoes/nao_lidas/ HTTP/1.1" 200 24
INFO 2025-12-30 12:15:29,415 basehttp "GET /api/notificacoes/nao_lidas/ HTTP/1.1" 200 24
INFO 2025-12-30 12:16:29,423 basehttp "GET /api/notificacoes/nao_lidas/ HTTP/1.1" 200 24
INFO 2025-12-30 12:17:29,428 basehttp "GET /api/notificacoes/nao_lidas/ HTTP/1.1" 200 24
INFO 2025-12-30 12:18:29,428 basehttp "GET /api/notificacoes/nao_lidas/ HTTP/1.1" 200 24
INFO 2025-12-30 12:19:29,426 basehttp "GET /api/notificacoes/nao_lidas/ HTTP/1.1" 200 24
INFO 2025-12-30 12:19:34,598 basehttp "GET /api/consultas/ HTTP/1.1" 200 2310
INFO 2025-12-30 12:19:34,635 basehttp "GET /api/clinicas/ HTTP/1.1" 200 647
INFO 2025-12-30 12:19:34,638 basehttp "GET /api/veterinarios/ HTTP/1.1" 200 434
INFO 2025-12-30 12:19:34,641 basehttp "GET /api/animais/ HTTP/1.1" 200 675
INFO 2025-12-30 12:19:34,676 basehttp "GET /api/consultas/ HTTP/1.1" 200 2310
INFO 2025-12-30 12:19:34,700 basehttp "GET /api/clinicas/ HTTP/1.1" 200 647
INFO 2025-12-30 12:19:34,708 basehttp "GET /api/veterinarios/ HTTP/1.1" 200 434
INFO 2025-12-30 12:19:34,720 basehttp "GET /api/animais/ HTTP/1.1" 200 675
INFO 2025-12-30 12:19:36,975 basehttp "GET /api/tutores/ HTTP/1.1" 200 363
INFO 2025-12-30 12:19:37,011 basehttp "GET /api/tutores/ HTTP/1.1" 200 363
INFO 2025-12-30 12:19:38,587 basehttp "GET /api/animais/ HTTP/1.1" 200 675
INFO 2025-12-30 12:19:38,588 basehttp "GET /api/tutores/ HTTP/1.1" 200 363
INFO 2025-12-30 12:19:38,635 basehttp "GET /api/animais/ HTTP/1.1" 200 675
INFO 2025-12-30 12:19:38,638 basehttp "GET /api/tutores/ HTTP/1.1" 200 363
INFO 2025-12-30 12:19:40,066 basehttp "GET /api/veterinarios/ HTTP/1.1" 200 434
INFO 2025-12-30 12:19:40,095 basehttp "GET /api/veterinarios/ HTTP/1.1" 200 434
INFO 2025-12-30 12:19:41,032 basehttp "GET /api/planos/ HTTP/1.1" 200 1059
INFO 2025-12-30 12:19:41,062 basehttp "GET /api/planos/ HTTP/1.1" 200 1059
INFO 2025-12-30 12:19:42,219 basehttp "GET /api/clinicas/ HTTP/1.1" 200 647
INFO 2025-12-30 12:19:42,253 basehttp "GET /api/clinicas/ HTTP/1.1" 200 647
INFO 2025-12-30 12:19:43,995 basehttp "GET /api/veterinarios/ HTTP/1.1" 200 434
INFO 2025-12-30 12:19:44,002 basehttp "GET /api/tutores/ HTTP/1.1" 200 363
INFO 2025-12-30 12:19:44,003 basehttp "GET /api/animais/ HTTP/1.1" 200 675
INFO 2025-12-30 12:19:44,003 basehttp "GET /api/planos/ HTTP/1.1" 200 1059
INFO 2025-12-30 12:19:44,039 basehttp "GET /api/veterinarios/ HTTP/1.1" 200 434
INFO 2025-12-30 12:19:44,063 basehttp "GET /api/planos/ HTTP/1.1" 200 1059
INFO 2025-12-30 12:19:44,065 basehttp "GET /api/tutores/ HTTP/1.1" 200 363
INFO 2025-12-30 12:19:44,075 basehttp "GET /api/animais/ HTTP/1.1" 200 675
INFO 2025-12-30 12:19:56,426 basehttp "GET /api/notificacoes/nao_lidas/ HTTP/1.1" 200 24
INFO 2025-12-30 12:20:26,426 basehttp "GET /api/notificacoes/nao_lidas/ HTTP/1.1" 200 24
INFO 2025-12-30 12:21:29,427 basehttp "GET /api/notificacoes/nao_lidas/ HTTP/1.1" 200 24
INFO 2025-12-30 12:22:29,428 basehttp "GET /api/notificacoes/nao_lidas/ HTTP/1.1" 200 24
INFO 2025-12-30 12:23:29,411 basehttp "GET /api/notificacoes/nao_lidas/ HTTP/1.1" 200 24
INFO 2025-12-30 12:24:29,415 basehttp "GET /api/notificacoes/nao_lidas/ HTTP/1.1" 200 24
INFO 2025-12-30 12:25:29,431 basehttp "GET /api/notificacoes/nao_lidas/ HTTP/1.1" 200 24
INFO 2025-12-30 12:26:19,446 basehttp "GET /api/notificacoes/nao_lidas/ HTTP/1.1" 200 24
INFO 2025-12-30 12:26:26,422 basehttp "GET /api/notificacoes/nao_lidas/ HTTP/1.1" 200 24
INFO 2025-12-30 12:26:56,428 basehttp "GET /api/notificacoes/nao_lidas/ HTTP/1.1" 200 24
INFO 2025-12-30 12:27:29,414 basehttp "GET /api/notificacoes/nao_lidas/ HTTP/1.1" 200 24
INFO 2025-12-30 13:46:01,082 autoreload Watching for file changes with StatReloader
INFO 2025-12-30 13:47:04,566 autoreload /home/fabianosf/Desktop/Projetos/vetsystem/backend/api/models/__init__.py changed, reloading.
INFO 2025-12-30 13:47:05,401 autoreload Watching for file changes with StatReloader
INFO 2025-12-30 13:48:13,503 autoreload /home/fabianosf/Desktop/Projetos/vetsystem/backend/api/admin.py changed, reloading.
INFO 2025-12-30 13:48:14,571 autoreload Watching for file changes with StatReloader
INFO 2025-12-30 13:48:30,402 autoreload Watching for file changes with StatReloader
INFO 2025-12-30 13:49:08,823 autoreload Watching for file changes with StatReloader
INFO 2025-12-30 13:49:47,795 autoreload Watching for file changes with StatReloader
INFO 2025-12-30 13:50:38,744 autoreload Watching for file changes with StatReloader
INFO 2025-12-30 13:52:08,552 autoreload Watching for file changes with StatReloader
INFO 2025-12-30 13:52:53,546 autoreload Watching for file changes with StatReloader
INFO 2025-12-30 13:53:44,725 autoreload Watching for file changes with StatReloader
INFO 2025-12-30 13:54:59,002 autoreload Watching for file changes with StatReloader
INFO 2025-12-30 13:58:34,059 autoreload Watching for file changes with StatReloader
INFO 2025-12-30 13:58:44,468 autoreload Watching for file changes with StatReloader
INFO 2025-12-30 14:47:59,519 autoreload Watching for file changes with StatReloader
ERROR 2025-12-30 14:48:30,806 log Internal Server Error: /api/health-checks/
Traceback (most recent call last):
  File "/home/fabianosf/Desktop/Projetos/vetsystem/backend/venv/lib/python3.12/site-packages/django/db/backends/utils.py", line 89, in _execute
    return self.cursor.execute(sql, params)
           ^^^^^^^^^^^^^^^^^^^^^^^^^^^^^^^^
psycopg2.errors.UndefinedTable: relation "health_checks" does not exist
LINE 1: SELECT COUNT(*) AS "__count" FROM "health_checks"
                                          ^


The above exception was the direct cause of the following exception:

Traceback (most recent call last):
  File "/home/fabianosf/Desktop/Projetos/vetsystem/backend/venv/lib/python3.12/site-packages/django/core/handlers/exception.py", line 55, in inner
    response = get_response(request)
               ^^^^^^^^^^^^^^^^^^^^^
  File "/home/fabianosf/Desktop/Projetos/vetsystem/backend/venv/lib/python3.12/site-packages/django/core/handlers/base.py", line 197, in _get_response
    response = wrapped_callback(request, *callback_args, **callback_kwargs)
               ^^^^^^^^^^^^^^^^^^^^^^^^^^^^^^^^^^^^^^^^^^^^^^^^^^^^^^^^^^^^
  File "/home/fabianosf/Desktop/Projetos/vetsystem/backend/venv/lib/python3.12/site-packages/django/views/decorators/csrf.py", line 56, in wrapper_view
    return view_func(*args, **kwargs)
           ^^^^^^^^^^^^^^^^^^^^^^^^^^
  File "/home/fabianosf/Desktop/Projetos/vetsystem/backend/venv/lib/python3.12/site-packages/rest_framework/viewsets.py", line 125, in view
    return self.dispatch(request, *args, **kwargs)
           ^^^^^^^^^^^^^^^^^^^^^^^^^^^^^^^^^^^^^^^
  File "/home/fabianosf/Desktop/Projetos/vetsystem/backend/venv/lib/python3.12/site-packages/rest_framework/views.py", line 509, in dispatch
    response = self.handle_exception(exc)
               ^^^^^^^^^^^^^^^^^^^^^^^^^^
  File "/home/fabianosf/Desktop/Projetos/vetsystem/backend/venv/lib/python3.12/site-packages/rest_framework/views.py", line 469, in handle_exception
    self.raise_uncaught_exception(exc)
  File "/home/fabianosf/Desktop/Projetos/vetsystem/backend/venv/lib/python3.12/site-packages/rest_framework/views.py", line 480, in raise_uncaught_exception
    raise exc
  File "/home/fabianosf/Desktop/Projetos/vetsystem/backend/venv/lib/python3.12/site-packages/rest_framework/views.py", line 506, in dispatch
    response = handler(request, *args, **kwargs)
               ^^^^^^^^^^^^^^^^^^^^^^^^^^^^^^^^^
  File "/home/fabianosf/Desktop/Projetos/vetsystem/backend/venv/lib/python3.12/site-packages/rest_framework/mixins.py", line 40, in list
    page = self.paginate_queryset(queryset)
           ^^^^^^^^^^^^^^^^^^^^^^^^^^^^^^^^
  File "/home/fabianosf/Desktop/Projetos/vetsystem/backend/venv/lib/python3.12/site-packages/rest_framework/generics.py", line 171, in paginate_queryset
    return self.paginator.paginate_queryset(queryset, self.request, view=self)
           ^^^^^^^^^^^^^^^^^^^^^^^^^^^^^^^^^^^^^^^^^^^^^^^^^^^^^^^^^^^^^^^^^^^
  File "/home/fabianosf/Desktop/Projetos/vetsystem/backend/venv/lib/python3.12/site-packages/rest_framework/pagination.py", line 204, in paginate_queryset
    self.page = paginator.page(page_number)
                ^^^^^^^^^^^^^^^^^^^^^^^^^^^
  File "/home/fabianosf/Desktop/Projetos/vetsystem/backend/venv/lib/python3.12/site-packages/django/core/paginator.py", line 72, in page
    number = self.validate_number(number)
             ^^^^^^^^^^^^^^^^^^^^^^^^^^^^
  File "/home/fabianosf/Desktop/Projetos/vetsystem/backend/venv/lib/python3.12/site-packages/django/core/paginator.py", line 53, in validate_number
    if number > self.num_pages:
                ^^^^^^^^^^^^^^
  File "/home/fabianosf/Desktop/Projetos/vetsystem/backend/venv/lib/python3.12/site-packages/django/utils/functional.py", line 57, in __get__
    res = instance.__dict__[self.name] = self.func(instance)
                                         ^^^^^^^^^^^^^^^^^^^
  File "/home/fabianosf/Desktop/Projetos/vetsystem/backend/venv/lib/python3.12/site-packages/django/core/paginator.py", line 99, in num_pages
    if self.count == 0 and not self.allow_empty_first_page:
       ^^^^^^^^^^
  File "/home/fabianosf/Desktop/Projetos/vetsystem/backend/venv/lib/python3.12/site-packages/django/utils/functional.py", line 57, in __get__
    res = instance.__dict__[self.name] = self.func(instance)
                                         ^^^^^^^^^^^^^^^^^^^
  File "/home/fabianosf/Desktop/Projetos/vetsystem/backend/venv/lib/python3.12/site-packages/django/core/paginator.py", line 93, in count
    return c()
           ^^^
  File "/home/fabianosf/Desktop/Projetos/vetsystem/backend/venv/lib/python3.12/site-packages/django/db/models/query.py", line 608, in count
    return self.query.get_count(using=self.db)
           ^^^^^^^^^^^^^^^^^^^^^^^^^^^^^^^^^^^
  File "/home/fabianosf/Desktop/Projetos/vetsystem/backend/venv/lib/python3.12/site-packages/django/db/models/sql/query.py", line 568, in get_count
    return obj.get_aggregation(using, {"__count": Count("*")})["__count"]
           ^^^^^^^^^^^^^^^^^^^^^^^^^^^^^^^^^^^^^^^^^^^^^^^^^^^
  File "/home/fabianosf/Desktop/Projetos/vetsystem/backend/venv/lib/python3.12/site-packages/django/db/models/sql/query.py", line 554, in get_aggregation
    result = compiler.execute_sql(SINGLE)
             ^^^^^^^^^^^^^^^^^^^^^^^^^^^^
  File "/home/fabianosf/Desktop/Projetos/vetsystem/backend/venv/lib/python3.12/site-packages/django/db/models/sql/compiler.py", line 1562, in execute_sql
    cursor.execute(sql, params)
  File "/home/fabianosf/Desktop/Projetos/vetsystem/backend/venv/lib/python3.12/site-packages/django/db/backends/utils.py", line 102, in execute
    return super().execute(sql, params)
           ^^^^^^^^^^^^^^^^^^^^^^^^^^^^
  File "/home/fabianosf/Desktop/Projetos/vetsystem/backend/venv/lib/python3.12/site-packages/django/db/backends/utils.py", line 67, in execute
    return self._execute_with_wrappers(
           ^^^^^^^^^^^^^^^^^^^^^^^^^^^^
  File "/home/fabianosf/Desktop/Projetos/vetsystem/backend/venv/lib/python3.12/site-packages/django/db/backends/utils.py", line 80, in _execute_with_wrappers
    return executor(sql, params, many, context)
           ^^^^^^^^^^^^^^^^^^^^^^^^^^^^^^^^^^^^
  File "/home/fabianosf/Desktop/Projetos/vetsystem/backend/venv/lib/python3.12/site-packages/django/db/backends/utils.py", line 84, in _execute
    with self.db.wrap_database_errors:
  File "/home/fabianosf/Desktop/Projetos/vetsystem/backend/venv/lib/python3.12/site-packages/django/db/utils.py", line 91, in __exit__
    raise dj_exc_value.with_traceback(traceback) from exc_value
  File "/home/fabianosf/Desktop/Projetos/vetsystem/backend/venv/lib/python3.12/site-packages/django/db/backends/utils.py", line 89, in _execute
    return self.cursor.execute(sql, params)
           ^^^^^^^^^^^^^^^^^^^^^^^^^^^^^^^^
django.db.utils.ProgrammingError: relation "health_checks" does not exist
LINE 1: SELECT COUNT(*) AS "__count" FROM "health_checks"
                                          ^

ERROR 2025-12-30 14:48:30,815 basehttp "GET /api/health-checks/ HTTP/1.1" 500 194567
INFO 2025-12-30 14:48:37,424 basehttp "GET /api/ HTTP/1.1" 200 556
ERROR 2025-12-30 14:48:51,865 log Internal Server Error: /api/health-checks/
Traceback (most recent call last):
  File "/home/fabianosf/Desktop/Projetos/vetsystem/backend/venv/lib/python3.12/site-packages/django/db/backends/utils.py", line 89, in _execute
    return self.cursor.execute(sql, params)
           ^^^^^^^^^^^^^^^^^^^^^^^^^^^^^^^^
psycopg2.errors.UndefinedTable: relation "health_checks" does not exist
LINE 1: SELECT COUNT(*) AS "__count" FROM "health_checks"
                                          ^


The above exception was the direct cause of the following exception:

Traceback (most recent call last):
  File "/home/fabianosf/Desktop/Projetos/vetsystem/backend/venv/lib/python3.12/site-packages/django/core/handlers/exception.py", line 55, in inner
    response = get_response(request)
               ^^^^^^^^^^^^^^^^^^^^^
  File "/home/fabianosf/Desktop/Projetos/vetsystem/backend/venv/lib/python3.12/site-packages/django/core/handlers/base.py", line 197, in _get_response
    response = wrapped_callback(request, *callback_args, **callback_kwargs)
               ^^^^^^^^^^^^^^^^^^^^^^^^^^^^^^^^^^^^^^^^^^^^^^^^^^^^^^^^^^^^
  File "/home/fabianosf/Desktop/Projetos/vetsystem/backend/venv/lib/python3.12/site-packages/django/views/decorators/csrf.py", line 56, in wrapper_view
    return view_func(*args, **kwargs)
           ^^^^^^^^^^^^^^^^^^^^^^^^^^
  File "/home/fabianosf/Desktop/Projetos/vetsystem/backend/venv/lib/python3.12/site-packages/rest_framework/viewsets.py", line 125, in view
    return self.dispatch(request, *args, **kwargs)
           ^^^^^^^^^^^^^^^^^^^^^^^^^^^^^^^^^^^^^^^
  File "/home/fabianosf/Desktop/Projetos/vetsystem/backend/venv/lib/python3.12/site-packages/rest_framework/views.py", line 509, in dispatch
    response = self.handle_exception(exc)
               ^^^^^^^^^^^^^^^^^^^^^^^^^^
  File "/home/fabianosf/Desktop/Projetos/vetsystem/backend/venv/lib/python3.12/site-packages/rest_framework/views.py", line 469, in handle_exception
    self.raise_uncaught_exception(exc)
  File "/home/fabianosf/Desktop/Projetos/vetsystem/backend/venv/lib/python3.12/site-packages/rest_framework/views.py", line 480, in raise_uncaught_exception
    raise exc
  File "/home/fabianosf/Desktop/Projetos/vetsystem/backend/venv/lib/python3.12/site-packages/rest_framework/views.py", line 506, in dispatch
    response = handler(request, *args, **kwargs)
               ^^^^^^^^^^^^^^^^^^^^^^^^^^^^^^^^^
  File "/home/fabianosf/Desktop/Projetos/vetsystem/backend/venv/lib/python3.12/site-packages/rest_framework/mixins.py", line 40, in list
    page = self.paginate_queryset(queryset)
           ^^^^^^^^^^^^^^^^^^^^^^^^^^^^^^^^
  File "/home/fabianosf/Desktop/Projetos/vetsystem/backend/venv/lib/python3.12/site-packages/rest_framework/generics.py", line 171, in paginate_queryset
    return self.paginator.paginate_queryset(queryset, self.request, view=self)
           ^^^^^^^^^^^^^^^^^^^^^^^^^^^^^^^^^^^^^^^^^^^^^^^^^^^^^^^^^^^^^^^^^^^
  File "/home/fabianosf/Desktop/Projetos/vetsystem/backend/venv/lib/python3.12/site-packages/rest_framework/pagination.py", line 204, in paginate_queryset
    self.page = paginator.page(page_number)
                ^^^^^^^^^^^^^^^^^^^^^^^^^^^
  File "/home/fabianosf/Desktop/Projetos/vetsystem/backend/venv/lib/python3.12/site-packages/django/core/paginator.py", line 72, in page
    number = self.validate_number(number)
             ^^^^^^^^^^^^^^^^^^^^^^^^^^^^
  File "/home/fabianosf/Desktop/Projetos/vetsystem/backend/venv/lib/python3.12/site-packages/django/core/paginator.py", line 53, in validate_number
    if number > self.num_pages:
                ^^^^^^^^^^^^^^
  File "/home/fabianosf/Desktop/Projetos/vetsystem/backend/venv/lib/python3.12/site-packages/django/utils/functional.py", line 57, in __get__
    res = instance.__dict__[self.name] = self.func(instance)
                                         ^^^^^^^^^^^^^^^^^^^
  File "/home/fabianosf/Desktop/Projetos/vetsystem/backend/venv/lib/python3.12/site-packages/django/core/paginator.py", line 99, in num_pages
    if self.count == 0 and not self.allow_empty_first_page:
       ^^^^^^^^^^
  File "/home/fabianosf/Desktop/Projetos/vetsystem/backend/venv/lib/python3.12/site-packages/django/utils/functional.py", line 57, in __get__
    res = instance.__dict__[self.name] = self.func(instance)
                                         ^^^^^^^^^^^^^^^^^^^
  File "/home/fabianosf/Desktop/Projetos/vetsystem/backend/venv/lib/python3.12/site-packages/django/core/paginator.py", line 93, in count
    return c()
           ^^^
  File "/home/fabianosf/Desktop/Projetos/vetsystem/backend/venv/lib/python3.12/site-packages/django/db/models/query.py", line 608, in count
    return self.query.get_count(using=self.db)
           ^^^^^^^^^^^^^^^^^^^^^^^^^^^^^^^^^^^
  File "/home/fabianosf/Desktop/Projetos/vetsystem/backend/venv/lib/python3.12/site-packages/django/db/models/sql/query.py", line 568, in get_count
    return obj.get_aggregation(using, {"__count": Count("*")})["__count"]
           ^^^^^^^^^^^^^^^^^^^^^^^^^^^^^^^^^^^^^^^^^^^^^^^^^^^
  File "/home/fabianosf/Desktop/Projetos/vetsystem/backend/venv/lib/python3.12/site-packages/django/db/models/sql/query.py", line 554, in get_aggregation
    result = compiler.execute_sql(SINGLE)
             ^^^^^^^^^^^^^^^^^^^^^^^^^^^^
  File "/home/fabianosf/Desktop/Projetos/vetsystem/backend/venv/lib/python3.12/site-packages/django/db/models/sql/compiler.py", line 1562, in execute_sql
    cursor.execute(sql, params)
  File "/home/fabianosf/Desktop/Projetos/vetsystem/backend/venv/lib/python3.12/site-packages/django/db/backends/utils.py", line 102, in execute
    return super().execute(sql, params)
           ^^^^^^^^^^^^^^^^^^^^^^^^^^^^
  File "/home/fabianosf/Desktop/Projetos/vetsystem/backend/venv/lib/python3.12/site-packages/django/db/backends/utils.py", line 67, in execute
    return self._execute_with_wrappers(
           ^^^^^^^^^^^^^^^^^^^^^^^^^^^^
  File "/home/fabianosf/Desktop/Projetos/vetsystem/backend/venv/lib/python3.12/site-packages/django/db/backends/utils.py", line 80, in _execute_with_wrappers
    return executor(sql, params, many, context)
           ^^^^^^^^^^^^^^^^^^^^^^^^^^^^^^^^^^^^
  File "/home/fabianosf/Desktop/Projetos/vetsystem/backend/venv/lib/python3.12/site-packages/django/db/backends/utils.py", line 84, in _execute
    with self.db.wrap_database_errors:
  File "/home/fabianosf/Desktop/Projetos/vetsystem/backend/venv/lib/python3.12/site-packages/django/db/utils.py", line 91, in __exit__
    raise dj_exc_value.with_traceback(traceback) from exc_value
  File "/home/fabianosf/Desktop/Projetos/vetsystem/backend/venv/lib/python3.12/site-packages/django/db/backends/utils.py", line 89, in _execute
    return self.cursor.execute(sql, params)
           ^^^^^^^^^^^^^^^^^^^^^^^^^^^^^^^^
django.db.utils.ProgrammingError: relation "health_checks" does not exist
LINE 1: SELECT COUNT(*) AS "__count" FROM "health_checks"
                                          ^

ERROR 2025-12-30 14:48:51,868 basehttp "GET /api/health-checks/ HTTP/1.1" 500 194567
ERROR 2025-12-30 14:52:08,899 log Internal Server Error: /api/health-checks/
Traceback (most recent call last):
  File "/home/fabianosf/Desktop/Projetos/vetsystem/backend/venv/lib/python3.12/site-packages/django/db/backends/utils.py", line 89, in _execute
    return self.cursor.execute(sql, params)
           ^^^^^^^^^^^^^^^^^^^^^^^^^^^^^^^^
psycopg2.errors.UndefinedTable: relation "health_checks" does not exist
LINE 1: SELECT COUNT(*) AS "__count" FROM "health_checks"
                                          ^


The above exception was the direct cause of the following exception:

Traceback (most recent call last):
  File "/home/fabianosf/Desktop/Projetos/vetsystem/backend/venv/lib/python3.12/site-packages/django/core/handlers/exception.py", line 55, in inner
    response = get_response(request)
               ^^^^^^^^^^^^^^^^^^^^^
  File "/home/fabianosf/Desktop/Projetos/vetsystem/backend/venv/lib/python3.12/site-packages/django/core/handlers/base.py", line 197, in _get_response
    response = wrapped_callback(request, *callback_args, **callback_kwargs)
               ^^^^^^^^^^^^^^^^^^^^^^^^^^^^^^^^^^^^^^^^^^^^^^^^^^^^^^^^^^^^
  File "/home/fabianosf/Desktop/Projetos/vetsystem/backend/venv/lib/python3.12/site-packages/django/views/decorators/csrf.py", line 56, in wrapper_view
    return view_func(*args, **kwargs)
           ^^^^^^^^^^^^^^^^^^^^^^^^^^
  File "/home/fabianosf/Desktop/Projetos/vetsystem/backend/venv/lib/python3.12/site-packages/rest_framework/viewsets.py", line 125, in view
    return self.dispatch(request, *args, **kwargs)
           ^^^^^^^^^^^^^^^^^^^^^^^^^^^^^^^^^^^^^^^
  File "/home/fabianosf/Desktop/Projetos/vetsystem/backend/venv/lib/python3.12/site-packages/rest_framework/views.py", line 509, in dispatch
    response = self.handle_exception(exc)
               ^^^^^^^^^^^^^^^^^^^^^^^^^^
  File "/home/fabianosf/Desktop/Projetos/vetsystem/backend/venv/lib/python3.12/site-packages/rest_framework/views.py", line 469, in handle_exception
    self.raise_uncaught_exception(exc)
  File "/home/fabianosf/Desktop/Projetos/vetsystem/backend/venv/lib/python3.12/site-packages/rest_framework/views.py", line 480, in raise_uncaught_exception
    raise exc
  File "/home/fabianosf/Desktop/Projetos/vetsystem/backend/venv/lib/python3.12/site-packages/rest_framework/views.py", line 506, in dispatch
    response = handler(request, *args, **kwargs)
               ^^^^^^^^^^^^^^^^^^^^^^^^^^^^^^^^^
  File "/home/fabianosf/Desktop/Projetos/vetsystem/backend/venv/lib/python3.12/site-packages/rest_framework/mixins.py", line 40, in list
    page = self.paginate_queryset(queryset)
           ^^^^^^^^^^^^^^^^^^^^^^^^^^^^^^^^
  File "/home/fabianosf/Desktop/Projetos/vetsystem/backend/venv/lib/python3.12/site-packages/rest_framework/generics.py", line 171, in paginate_queryset
    return self.paginator.paginate_queryset(queryset, self.request, view=self)
           ^^^^^^^^^^^^^^^^^^^^^^^^^^^^^^^^^^^^^^^^^^^^^^^^^^^^^^^^^^^^^^^^^^^
  File "/home/fabianosf/Desktop/Projetos/vetsystem/backend/venv/lib/python3.12/site-packages/rest_framework/pagination.py", line 204, in paginate_queryset
    self.page = paginator.page(page_number)
                ^^^^^^^^^^^^^^^^^^^^^^^^^^^
  File "/home/fabianosf/Desktop/Projetos/vetsystem/backend/venv/lib/python3.12/site-packages/django/core/paginator.py", line 72, in page
    number = self.validate_number(number)
             ^^^^^^^^^^^^^^^^^^^^^^^^^^^^
  File "/home/fabianosf/Desktop/Projetos/vetsystem/backend/venv/lib/python3.12/site-packages/django/core/paginator.py", line 53, in validate_number
    if number > self.num_pages:
                ^^^^^^^^^^^^^^
  File "/home/fabianosf/Desktop/Projetos/vetsystem/backend/venv/lib/python3.12/site-packages/django/utils/functional.py", line 57, in __get__
    res = instance.__dict__[self.name] = self.func(instance)
                                         ^^^^^^^^^^^^^^^^^^^
  File "/home/fabianosf/Desktop/Projetos/vetsystem/backend/venv/lib/python3.12/site-packages/django/core/paginator.py", line 99, in num_pages
    if self.count == 0 and not self.allow_empty_first_page:
       ^^^^^^^^^^
  File "/home/fabianosf/Desktop/Projetos/vetsystem/backend/venv/lib/python3.12/site-packages/django/utils/functional.py", line 57, in __get__
    res = instance.__dict__[self.name] = self.func(instance)
                                         ^^^^^^^^^^^^^^^^^^^
  File "/home/fabianosf/Desktop/Projetos/vetsystem/backend/venv/lib/python3.12/site-packages/django/core/paginator.py", line 93, in count
    return c()
           ^^^
  File "/home/fabianosf/Desktop/Projetos/vetsystem/backend/venv/lib/python3.12/site-packages/django/db/models/query.py", line 608, in count
    return self.query.get_count(using=self.db)
           ^^^^^^^^^^^^^^^^^^^^^^^^^^^^^^^^^^^
  File "/home/fabianosf/Desktop/Projetos/vetsystem/backend/venv/lib/python3.12/site-packages/django/db/models/sql/query.py", line 568, in get_count
    return obj.get_aggregation(using, {"__count": Count("*")})["__count"]
           ^^^^^^^^^^^^^^^^^^^^^^^^^^^^^^^^^^^^^^^^^^^^^^^^^^^
  File "/home/fabianosf/Desktop/Projetos/vetsystem/backend/venv/lib/python3.12/site-packages/django/db/models/sql/query.py", line 554, in get_aggregation
    result = compiler.execute_sql(SINGLE)
             ^^^^^^^^^^^^^^^^^^^^^^^^^^^^
  File "/home/fabianosf/Desktop/Projetos/vetsystem/backend/venv/lib/python3.12/site-packages/django/db/models/sql/compiler.py", line 1562, in execute_sql
    cursor.execute(sql, params)
  File "/home/fabianosf/Desktop/Projetos/vetsystem/backend/venv/lib/python3.12/site-packages/django/db/backends/utils.py", line 102, in execute
    return super().execute(sql, params)
           ^^^^^^^^^^^^^^^^^^^^^^^^^^^^
  File "/home/fabianosf/Desktop/Projetos/vetsystem/backend/venv/lib/python3.12/site-packages/django/db/backends/utils.py", line 67, in execute
    return self._execute_with_wrappers(
           ^^^^^^^^^^^^^^^^^^^^^^^^^^^^
  File "/home/fabianosf/Desktop/Projetos/vetsystem/backend/venv/lib/python3.12/site-packages/django/db/backends/utils.py", line 80, in _execute_with_wrappers
    return executor(sql, params, many, context)
           ^^^^^^^^^^^^^^^^^^^^^^^^^^^^^^^^^^^^
  File "/home/fabianosf/Desktop/Projetos/vetsystem/backend/venv/lib/python3.12/site-packages/django/db/backends/utils.py", line 84, in _execute
    with self.db.wrap_database_errors:
  File "/home/fabianosf/Desktop/Projetos/vetsystem/backend/venv/lib/python3.12/site-packages/django/db/utils.py", line 91, in __exit__
    raise dj_exc_value.with_traceback(traceback) from exc_value
  File "/home/fabianosf/Desktop/Projetos/vetsystem/backend/venv/lib/python3.12/site-packages/django/db/backends/utils.py", line 89, in _execute
    return self.cursor.execute(sql, params)
           ^^^^^^^^^^^^^^^^^^^^^^^^^^^^^^^^
django.db.utils.ProgrammingError: relation "health_checks" does not exist
LINE 1: SELECT COUNT(*) AS "__count" FROM "health_checks"
                                          ^

ERROR 2025-12-30 14:52:08,902 basehttp "GET /api/health-checks/ HTTP/1.1" 500 194567
INFO 2025-12-30 14:52:08,944 basehttp "GET /api/tutores/ HTTP/1.1" 200 345
INFO 2025-12-30 14:52:08,985 basehttp "GET /api/animais/ HTTP/1.1" 200 675
WARNING 2025-12-30 14:52:09,000 log Unauthorized: /api/tutores/
WARNING 2025-12-30 14:52:09,000 basehttp "POST /api/tutores/ HTTP/1.1" 401 68
INFO 2025-12-30 14:53:10,855 autoreload Watching for file changes with StatReloader
INFO 2025-12-30 14:55:07,787 autoreload Watching for file changes with StatReloader
INFO 2025-12-30 14:55:24,003 basehttp "GET /api/tutores/ HTTP/1.1" 200 345
INFO 2025-12-30 14:55:24,039 basehttp "GET /api/animais/ HTTP/1.1" 200 675
INFO 2025-12-30 14:55:24,073 basehttp "GET /api/veterinarios/ HTTP/1.1" 200 393
INFO 2025-12-30 14:55:24,110 basehttp "GET /api/consultas/ HTTP/1.1" 200 2310
INFO 2025-12-30 14:59:54,759 basehttp "POST /api/animais/ HTTP/1.1" 201 314
INFO 2025-12-30 14:59:54,803 basehttp "GET /api/animais/ HTTP/1.1" 200 990
INFO 2025-12-30 14:59:54,846 basehttp "GET /api/animais/12/ HTTP/1.1" 200 314
INFO 2025-12-30 14:59:54,887 basehttp "PATCH /api/animais/12/ HTTP/1.1" 200 314
INFO 2025-12-30 14:59:54,921 basehttp "GET /api/animais/12/ HTTP/1.1" 200 314
ERROR 2025-12-30 14:59:55,026 log Internal Server Error: /api/animais/14/
Traceback (most recent call last):
  File "/home/fabianosf/Desktop/Projetos/vetsystem/backend/venv/lib/python3.12/site-packages/django/db/backends/utils.py", line 89, in _execute
    return self.cursor.execute(sql, params)
           ^^^^^^^^^^^^^^^^^^^^^^^^^^^^^^^^
psycopg2.errors.UndefinedTable: relation "health_checks" does not exist
LINE 1: DELETE FROM "health_checks" WHERE "health_checks"."animal_id...
                    ^


The above exception was the direct cause of the following exception:

Traceback (most recent call last):
  File "/home/fabianosf/Desktop/Projetos/vetsystem/backend/venv/lib/python3.12/site-packages/django/core/handlers/exception.py", line 55, in inner
    response = get_response(request)
               ^^^^^^^^^^^^^^^^^^^^^
  File "/home/fabianosf/Desktop/Projetos/vetsystem/backend/venv/lib/python3.12/site-packages/django/core/handlers/base.py", line 197, in _get_response
    response = wrapped_callback(request, *callback_args, **callback_kwargs)
               ^^^^^^^^^^^^^^^^^^^^^^^^^^^^^^^^^^^^^^^^^^^^^^^^^^^^^^^^^^^^
  File "/home/fabianosf/Desktop/Projetos/vetsystem/backend/venv/lib/python3.12/site-packages/django/views/decorators/csrf.py", line 56, in wrapper_view
    return view_func(*args, **kwargs)
           ^^^^^^^^^^^^^^^^^^^^^^^^^^
  File "/home/fabianosf/Desktop/Projetos/vetsystem/backend/venv/lib/python3.12/site-packages/rest_framework/viewsets.py", line 125, in view
    return self.dispatch(request, *args, **kwargs)
           ^^^^^^^^^^^^^^^^^^^^^^^^^^^^^^^^^^^^^^^
  File "/home/fabianosf/Desktop/Projetos/vetsystem/backend/venv/lib/python3.12/site-packages/rest_framework/views.py", line 509, in dispatch
    response = self.handle_exception(exc)
               ^^^^^^^^^^^^^^^^^^^^^^^^^^
  File "/home/fabianosf/Desktop/Projetos/vetsystem/backend/venv/lib/python3.12/site-packages/rest_framework/views.py", line 469, in handle_exception
    self.raise_uncaught_exception(exc)
  File "/home/fabianosf/Desktop/Projetos/vetsystem/backend/venv/lib/python3.12/site-packages/rest_framework/views.py", line 480, in raise_uncaught_exception
    raise exc
  File "/home/fabianosf/Desktop/Projetos/vetsystem/backend/venv/lib/python3.12/site-packages/rest_framework/views.py", line 506, in dispatch
    response = handler(request, *args, **kwargs)
               ^^^^^^^^^^^^^^^^^^^^^^^^^^^^^^^^^
  File "/home/fabianosf/Desktop/Projetos/vetsystem/backend/venv/lib/python3.12/site-packages/rest_framework/mixins.py", line 91, in destroy
    self.perform_destroy(instance)
  File "/home/fabianosf/Desktop/Projetos/vetsystem/backend/venv/lib/python3.12/site-packages/rest_framework/mixins.py", line 95, in perform_destroy
    instance.delete()
  File "/home/fabianosf/Desktop/Projetos/vetsystem/backend/venv/lib/python3.12/site-packages/django/db/models/base.py", line 1132, in delete
    return collector.delete()
           ^^^^^^^^^^^^^^^^^^
  File "/home/fabianosf/Desktop/Projetos/vetsystem/backend/venv/lib/python3.12/site-packages/django/db/models/deletion.py", line 472, in delete
    count = qs._raw_delete(using=self.using)
            ^^^^^^^^^^^^^^^^^^^^^^^^^^^^^^^^
  File "/home/fabianosf/Desktop/Projetos/vetsystem/backend/venv/lib/python3.12/site-packages/django/db/models/query.py", line 1170, in _raw_delete
    cursor = query.get_compiler(using).execute_sql(CURSOR)
             ^^^^^^^^^^^^^^^^^^^^^^^^^^^^^^^^^^^^^^^^^^^^^
  File "/home/fabianosf/Desktop/Projetos/vetsystem/backend/venv/lib/python3.12/site-packages/django/db/models/sql/compiler.py", line 1562, in execute_sql
    cursor.execute(sql, params)
  File "/home/fabianosf/Desktop/Projetos/vetsystem/backend/venv/lib/python3.12/site-packages/django/db/backends/utils.py", line 102, in execute
    return super().execute(sql, params)
           ^^^^^^^^^^^^^^^^^^^^^^^^^^^^
  File "/home/fabianosf/Desktop/Projetos/vetsystem/backend/venv/lib/python3.12/site-packages/django/db/backends/utils.py", line 67, in execute
    return self._execute_with_wrappers(
           ^^^^^^^^^^^^^^^^^^^^^^^^^^^^
  File "/home/fabianosf/Desktop/Projetos/vetsystem/backend/venv/lib/python3.12/site-packages/django/db/backends/utils.py", line 80, in _execute_with_wrappers
    return executor(sql, params, many, context)
           ^^^^^^^^^^^^^^^^^^^^^^^^^^^^^^^^^^^^
  File "/home/fabianosf/Desktop/Projetos/vetsystem/backend/venv/lib/python3.12/site-packages/django/db/backends/utils.py", line 84, in _execute
    with self.db.wrap_database_errors:
  File "/home/fabianosf/Desktop/Projetos/vetsystem/backend/venv/lib/python3.12/site-packages/django/db/utils.py", line 91, in __exit__
    raise dj_exc_value.with_traceback(traceback) from exc_value
  File "/home/fabianosf/Desktop/Projetos/vetsystem/backend/venv/lib/python3.12/site-packages/django/db/backends/utils.py", line 89, in _execute
    return self.cursor.execute(sql, params)
           ^^^^^^^^^^^^^^^^^^^^^^^^^^^^^^^^
django.db.utils.ProgrammingError: relation "health_checks" does not exist
LINE 1: DELETE FROM "health_checks" WHERE "health_checks"."animal_id...
                    ^

ERROR 2025-12-30 14:59:55,031 basehttp "DELETE /api/animais/14/ HTTP/1.1" 500 160882
INFO 2025-12-30 14:59:55,084 basehttp "GET /api/animais/ HTTP/1.1" 200 990
INFO 2025-12-30 15:00:58,475 autoreload Watching for file changes with StatReloader
INFO 2025-12-30 16:39:50,962 autoreload Watching for file changes with StatReloader
INFO 2025-12-30 16:39:59,263 basehttp "POST /api/animais/ HTTP/1.1" 201 314
INFO 2025-12-30 16:39:59,323 basehttp "GET /api/animais/ HTTP/1.1" 200 1305
INFO 2025-12-30 16:39:59,382 basehttp "GET /api/animais/12/ HTTP/1.1" 200 314
INFO 2025-12-30 16:39:59,448 basehttp "PATCH /api/animais/12/ HTTP/1.1" 200 314
INFO 2025-12-30 16:39:59,588 basehttp "GET /api/animais/12/ HTTP/1.1" 200 314
ERROR 2025-12-30 16:39:59,957 log Internal Server Error: /api/animais/14/
Traceback (most recent call last):
  File "/home/fabianosf/Desktop/Projetos/vetsystem/backend/venv/lib/python3.12/site-packages/django/db/backends/utils.py", line 89, in _execute
    return self.cursor.execute(sql, params)
           ^^^^^^^^^^^^^^^^^^^^^^^^^^^^^^^^
psycopg2.errors.UndefinedTable: relation "health_checks" does not exist
LINE 1: DELETE FROM "health_checks" WHERE "health_checks"."animal_id...
                    ^


The above exception was the direct cause of the following exception:

Traceback (most recent call last):
  File "/home/fabianosf/Desktop/Projetos/vetsystem/backend/venv/lib/python3.12/site-packages/django/core/handlers/exception.py", line 55, in inner
    response = get_response(request)
               ^^^^^^^^^^^^^^^^^^^^^
  File "/home/fabianosf/Desktop/Projetos/vetsystem/backend/venv/lib/python3.12/site-packages/django/core/handlers/base.py", line 197, in _get_response
    response = wrapped_callback(request, *callback_args, **callback_kwargs)
               ^^^^^^^^^^^^^^^^^^^^^^^^^^^^^^^^^^^^^^^^^^^^^^^^^^^^^^^^^^^^
  File "/home/fabianosf/Desktop/Projetos/vetsystem/backend/venv/lib/python3.12/site-packages/django/views/decorators/csrf.py", line 56, in wrapper_view
    return view_func(*args, **kwargs)
           ^^^^^^^^^^^^^^^^^^^^^^^^^^
  File "/home/fabianosf/Desktop/Projetos/vetsystem/backend/venv/lib/python3.12/site-packages/rest_framework/viewsets.py", line 125, in view
    return self.dispatch(request, *args, **kwargs)
           ^^^^^^^^^^^^^^^^^^^^^^^^^^^^^^^^^^^^^^^
  File "/home/fabianosf/Desktop/Projetos/vetsystem/backend/venv/lib/python3.12/site-packages/rest_framework/views.py", line 509, in dispatch
    response = self.handle_exception(exc)
               ^^^^^^^^^^^^^^^^^^^^^^^^^^
  File "/home/fabianosf/Desktop/Projetos/vetsystem/backend/venv/lib/python3.12/site-packages/rest_framework/views.py", line 469, in handle_exception
    self.raise_uncaught_exception(exc)
  File "/home/fabianosf/Desktop/Projetos/vetsystem/backend/venv/lib/python3.12/site-packages/rest_framework/views.py", line 480, in raise_uncaught_exception
    raise exc
  File "/home/fabianosf/Desktop/Projetos/vetsystem/backend/venv/lib/python3.12/site-packages/rest_framework/views.py", line 506, in dispatch
    response = handler(request, *args, **kwargs)
               ^^^^^^^^^^^^^^^^^^^^^^^^^^^^^^^^^
  File "/home/fabianosf/Desktop/Projetos/vetsystem/backend/venv/lib/python3.12/site-packages/rest_framework/mixins.py", line 91, in destroy
    self.perform_destroy(instance)
  File "/home/fabianosf/Desktop/Projetos/vetsystem/backend/venv/lib/python3.12/site-packages/rest_framework/mixins.py", line 95, in perform_destroy
    instance.delete()
  File "/home/fabianosf/Desktop/Projetos/vetsystem/backend/venv/lib/python3.12/site-packages/django/db/models/base.py", line 1132, in delete
    return collector.delete()
           ^^^^^^^^^^^^^^^^^^
  File "/home/fabianosf/Desktop/Projetos/vetsystem/backend/venv/lib/python3.12/site-packages/django/db/models/deletion.py", line 472, in delete
    count = qs._raw_delete(using=self.using)
            ^^^^^^^^^^^^^^^^^^^^^^^^^^^^^^^^
  File "/home/fabianosf/Desktop/Projetos/vetsystem/backend/venv/lib/python3.12/site-packages/django/db/models/query.py", line 1170, in _raw_delete
    cursor = query.get_compiler(using).execute_sql(CURSOR)
             ^^^^^^^^^^^^^^^^^^^^^^^^^^^^^^^^^^^^^^^^^^^^^
  File "/home/fabianosf/Desktop/Projetos/vetsystem/backend/venv/lib/python3.12/site-packages/django/db/models/sql/compiler.py", line 1562, in execute_sql
    cursor.execute(sql, params)
  File "/home/fabianosf/Desktop/Projetos/vetsystem/backend/venv/lib/python3.12/site-packages/django/db/backends/utils.py", line 102, in execute
    return super().execute(sql, params)
           ^^^^^^^^^^^^^^^^^^^^^^^^^^^^
  File "/home/fabianosf/Desktop/Projetos/vetsystem/backend/venv/lib/python3.12/site-packages/django/db/backends/utils.py", line 67, in execute
    return self._execute_with_wrappers(
           ^^^^^^^^^^^^^^^^^^^^^^^^^^^^
  File "/home/fabianosf/Desktop/Projetos/vetsystem/backend/venv/lib/python3.12/site-packages/django/db/backends/utils.py", line 80, in _execute_with_wrappers
    return executor(sql, params, many, context)
           ^^^^^^^^^^^^^^^^^^^^^^^^^^^^^^^^^^^^
  File "/home/fabianosf/Desktop/Projetos/vetsystem/backend/venv/lib/python3.12/site-packages/django/db/backends/utils.py", line 84, in _execute
    with self.db.wrap_database_errors:
  File "/home/fabianosf/Desktop/Projetos/vetsystem/backend/venv/lib/python3.12/site-packages/django/db/utils.py", line 91, in __exit__
    raise dj_exc_value.with_traceback(traceback) from exc_value
  File "/home/fabianosf/Desktop/Projetos/vetsystem/backend/venv/lib/python3.12/site-packages/django/db/backends/utils.py", line 89, in _execute
    return self.cursor.execute(sql, params)
           ^^^^^^^^^^^^^^^^^^^^^^^^^^^^^^^^
django.db.utils.ProgrammingError: relation "health_checks" does not exist
LINE 1: DELETE FROM "health_checks" WHERE "health_checks"."animal_id...
                    ^

ERROR 2025-12-30 16:39:59,967 basehttp "DELETE /api/animais/14/ HTTP/1.1" 500 160874
INFO 2025-12-30 16:40:00,078 basehttp "GET /api/animais/ HTTP/1.1" 200 1305
INFO 2025-12-30 16:41:54,868 basehttp "DELETE /api/animais/14/ HTTP/1.1" 204 0
INFO 2025-12-30 16:41:54,912 basehttp "GET /api/animais/ HTTP/1.1" 200 990
WARNING 2025-12-30 16:51:05,975 log Bad Request: /api/tutores/
WARNING 2025-12-30 16:51:05,976 basehttp "POST /api/tutores/ HTTP/1.1" 400 88
INFO 2025-12-30 16:51:06,028 basehttp "POST /api/tutores/ HTTP/1.1" 201 284
INFO 2025-12-30 16:51:06,077 basehttp "GET /api/tutores/ HTTP/1.1" 200 630
WARNING 2025-12-30 16:51:06,094 log Not Found: /api/tutores/null/
WARNING 2025-12-30 16:51:06,095 basehttp "GET /api/tutores/null/ HTTP/1.1" 404 29
WARNING 2025-12-30 16:51:06,116 log Not Found: /api/tutores/null/
WARNING 2025-12-30 16:51:06,117 basehttp "PATCH /api/tutores/null/ HTTP/1.1" 404 29
INFO 2025-12-30 16:51:06,170 basehttp "GET /api/tutores/?search=JoÃ£o HTTP/1.1" 200 630
WARNING 2025-12-30 16:51:06,191 log Bad Request: /api/animais/
WARNING 2025-12-30 16:51:06,191 basehttp "POST /api/animais/ HTTP/1.1" 400 44
INFO 2025-12-30 16:51:06,238 basehttp "POST /api/animais/ HTTP/1.1" 201 317
INFO 2025-12-30 16:51:06,283 basehttp "GET /api/animais/ HTTP/1.1" 200 1308
WARNING 2025-12-30 16:51:06,300 log Not Found: /api/animais/null/
WARNING 2025-12-30 16:51:06,300 basehttp "GET /api/animais/null/ HTTP/1.1" 404 29
WARNING 2025-12-30 16:51:06,322 log Not Found: /api/animais/null/
WARNING 2025-12-30 16:51:06,323 basehttp "PATCH /api/animais/null/ HTTP/1.1" 404 29
INFO 2025-12-30 16:51:06,364 basehttp "GET /api/animais/?species=CACHORRO HTTP/1.1" 200 1308
WARNING 2025-12-30 16:51:06,408 log Bad Request: /api/veterinarios/
WARNING 2025-12-30 16:51:06,408 basehttp "POST /api/veterinarios/ HTTP/1.1" 400 99
WARNING 2025-12-30 16:51:06,449 log Bad Request: /api/veterinarios/
WARNING 2025-12-30 16:51:06,450 basehttp "POST /api/veterinarios/ HTTP/1.1" 400 99
INFO 2025-12-30 16:51:06,506 basehttp "GET /api/veterinarios/ HTTP/1.1" 200 393
WARNING 2025-12-30 16:51:06,520 log Not Found: /api/veterinarios/null/
WARNING 2025-12-30 16:51:06,521 basehttp "PATCH /api/veterinarios/null/ HTTP/1.1" 404 29
WARNING 2025-12-30 16:51:06,541 log Bad Request: /api/consultas/
WARNING 2025-12-30 16:51:06,542 basehttp "POST /api/consultas/ HTTP/1.1" 400 95
INFO 2025-12-30 16:51:06,591 basehttp "POST /api/consultas/ HTTP/1.1" 201 327
INFO 2025-12-30 16:51:06,635 basehttp "GET /api/consultas/ HTTP/1.1" 200 2638
WARNING 2025-12-30 16:51:06,654 log Not Found: /api/consultas/null/
WARNING 2025-12-30 16:51:06,654 basehttp "PATCH /api/consultas/null/ HTTP/1.1" 404 29
INFO 2025-12-30 16:51:06,713 basehttp "GET /api/consultas/?status=AGENDADA HTTP/1.1" 200 2638
WARNING 2025-12-30 16:51:06,748 log Bad Request: /api/vacinas/
WARNING 2025-12-30 16:51:06,749 basehttp "POST /api/vacinas/ HTTP/1.1" 400 45
WARNING 2025-12-30 16:51:06,820 log Bad Request: /api/vacinas/
WARNING 2025-12-30 16:51:06,823 basehttp "POST /api/vacinas/ HTTP/1.1" 400 161
INFO 2025-12-30 16:51:06,881 basehttp "GET /api/vacinas/ HTTP/1.1" 200 52
WARNING 2025-12-30 16:51:06,909 log Not Found: /api/vacinas/null/
WARNING 2025-12-30 16:51:06,910 basehttp "PATCH /api/vacinas/null/ HTTP/1.1" 404 29
WARNING 2025-12-30 16:51:06,931 log Bad Request: /api/exames/
WARNING 2025-12-30 16:51:06,931 basehttp "POST /api/exames/ HTTP/1.1" 400 174
WARNING 2025-12-30 16:51:06,982 log Bad Request: /api/exames/
WARNING 2025-12-30 16:51:06,983 basehttp "POST /api/exames/ HTTP/1.1" 400 118
INFO 2025-12-30 16:51:07,017 basehttp "GET /api/exames/ HTTP/1.1" 200 52
WARNING 2025-12-30 16:51:07,034 log Not Found: /api/exames/null/
WARNING 2025-12-30 16:51:07,036 basehttp "PATCH /api/exames/null/ HTTP/1.1" 404 29
INFO 2025-12-30 16:51:07,087 basehttp "POST /api/planos/ HTTP/1.1" 201 529
INFO 2025-12-30 16:51:07,129 basehttp "POST /api/planos/ HTTP/1.1" 201 507
INFO 2025-12-30 16:51:07,175 basehttp "GET /api/planos/ HTTP/1.1" 200 2097
INFO 2025-12-30 16:54:03,842 autoreload Watching for file changes with StatReloader
WARNING 2025-12-30 16:54:04,370 log Bad Request: /api/tutores/
WARNING 2025-12-30 16:54:04,373 basehttp "POST /api/tutores/ HTTP/1.1" 400 88
INFO 2025-12-30 16:55:57,340 autoreload Watching for file changes with StatReloader
WARNING 2025-12-30 16:55:57,862 log Bad Request: /api/tutores/
WARNING 2025-12-30 16:55:57,862 basehttp "POST /api/tutores/ HTTP/1.1" 400 88
INFO 2025-12-30 16:56:22,331 autoreload Watching for file changes with StatReloader
INFO 2025-12-30 17:07:16,239 autoreload Watching for file changes with StatReloader
INFO 2025-12-30 17:09:49,812 autoreload /home/fabianosf/Desktop/Projetos/vetsystem/backend/api/views/tutor_views.py changed, reloading.
INFO 2025-12-30 17:09:50,717 autoreload Watching for file changes with StatReloader
INFO 2025-12-30 17:09:56,453 autoreload /home/fabianosf/Desktop/Projetos/vetsystem/backend/api/views/animal_views.py changed, reloading.
INFO 2025-12-30 17:09:57,560 autoreload Watching for file changes with StatReloader
INFO 2025-12-30 17:10:03,372 autoreload /home/fabianosf/Desktop/Projetos/vetsystem/backend/api/views/veterinario_views.py changed, reloading.
INFO 2025-12-30 17:10:04,358 autoreload Watching for file changes with StatReloader
INFO 2025-12-30 17:11:14,379 autoreload Watching for file changes with StatReloader
INFO 2025-12-30 17:11:50,222 autoreload /home/fabianosf/Desktop/Projetos/vetsystem/backend/api/views/animal_views.py changed, reloading.
INFO 2025-12-30 17:11:51,144 autoreload Watching for file changes with StatReloader
INFO 2025-12-30 17:12:20,814 autoreload Watching for file changes with StatReloader
INFO 2025-12-30 17:13:02,306 autoreload Watching for file changes with StatReloader
INFO 2025-12-30 17:13:55,607 autoreload Watching for file changes with StatReloader
WARNING 2025-12-30 17:15:25,938 log Bad Request: /api/tutores/
WARNING 2025-12-30 17:15:25,939 basehttp "POST /api/tutores/ HTTP/1.1" 400 42
INFO 2025-12-30 17:15:26,004 basehttp "GET /api/tutores/ HTTP/1.1" 200 702
WARNING 2025-12-30 17:15:26,046 log Bad Request: /api/animais/
WARNING 2025-12-30 17:15:26,047 basehttp "POST /api/animais/ HTTP/1.1" 400 55
INFO 2025-12-30 17:15:26,102 basehttp "GET /api/animais/ HTTP/1.1" 200 1525
WARNING 2025-12-30 17:16:18,091 log Bad Request: /api/tutores/
WARNING 2025-12-30 17:16:18,091 basehttp "POST /api/tutores/ HTTP/1.1" 400 88
WARNING 2025-12-30 17:16:18,144 log Bad Request: /api/tutores/
WARNING 2025-12-30 17:16:18,144 basehttp "POST /api/tutores/ HTTP/1.1" 400 88
INFO 2025-12-30 17:16:18,198 basehttp "GET /api/tutores/ HTTP/1.1" 200 702
WARNING 2025-12-30 17:16:18,214 log Not Found: /api/tutores/null/
WARNING 2025-12-30 17:16:18,215 basehttp "GET /api/tutores/null/ HTTP/1.1" 404 29
WARNING 2025-12-30 17:16:18,234 log Not Found: /api/tutores/null/
WARNING 2025-12-30 17:16:18,235 basehttp "PATCH /api/tutores/null/ HTTP/1.1" 404 29
INFO 2025-12-30 17:16:18,286 basehttp "GET /api/tutores/?search=JoÃ£o HTTP/1.1" 200 381
WARNING 2025-12-30 17:16:18,301 log Bad Request: /api/animais/
WARNING 2025-12-30 17:16:18,302 basehttp "POST /api/animais/ HTTP/1.1" 400 44
WARNING 2025-12-30 17:16:18,323 log Bad Request: /api/animais/
WARNING 2025-12-30 17:16:18,324 basehttp "POST /api/animais/ HTTP/1.1" 400 44
INFO 2025-12-30 17:16:18,376 basehttp "GET /api/animais/ HTTP/1.1" 200 1525
WARNING 2025-12-30 17:16:18,397 log Not Found: /api/animais/null/
WARNING 2025-12-30 17:16:18,398 basehttp "GET /api/animais/null/ HTTP/1.1" 404 29
WARNING 2025-12-30 17:16:18,414 log Not Found: /api/animais/null/
WARNING 2025-12-30 17:16:18,415 basehttp "PATCH /api/animais/null/ HTTP/1.1" 404 29
INFO 2025-12-30 17:16:18,466 basehttp "GET /api/animais/?species=CACHORRO HTTP/1.1" 200 793
WARNING 2025-12-30 17:16:18,508 log Bad Request: /api/veterinarios/
WARNING 2025-12-30 17:16:18,508 basehttp "POST /api/veterinarios/ HTTP/1.1" 400 99
WARNING 2025-12-30 17:16:18,552 log Bad Request: /api/veterinarios/
WARNING 2025-12-30 17:16:18,552 basehttp "POST /api/veterinarios/ HTTP/1.1" 400 99
INFO 2025-12-30 17:16:18,602 basehttp "GET /api/veterinarios/ HTTP/1.1" 200 434
WARNING 2025-12-30 17:16:18,615 log Not Found: /api/veterinarios/null/
WARNING 2025-12-30 17:16:18,616 basehttp "PATCH /api/veterinarios/null/ HTTP/1.1" 404 29
WARNING 2025-12-30 17:16:18,633 log Bad Request: /api/consultas/
WARNING 2025-12-30 17:16:18,634 basehttp "POST /api/consultas/ HTTP/1.1" 400 95
WARNING 2025-12-30 17:16:18,655 log Bad Request: /api/consultas/
WARNING 2025-12-30 17:16:18,656 basehttp "POST /api/consultas/ HTTP/1.1" 400 45
INFO 2025-12-30 17:16:18,717 basehttp "GET /api/consultas/ HTTP/1.1" 200 3739
WARNING 2025-12-30 17:16:18,735 log Not Found: /api/consultas/null/
WARNING 2025-12-30 17:16:18,735 basehttp "PATCH /api/consultas/null/ HTTP/1.1" 404 29
INFO 2025-12-30 17:16:18,786 basehttp "GET /api/consultas/?status=AGENDADA HTTP/1.1" 200 971
WARNING 2025-12-30 17:16:18,804 log Bad Request: /api/vacinas/
WARNING 2025-12-30 17:16:18,805 basehttp "POST /api/vacinas/ HTTP/1.1" 400 45
WARNING 2025-12-30 17:16:18,826 log Bad Request: /api/vacinas/
WARNING 2025-12-30 17:16:18,827 basehttp "POST /api/vacinas/ HTTP/1.1" 400 205
INFO 2025-12-30 17:16:18,868 basehttp "GET /api/vacinas/ HTTP/1.1" 200 52
WARNING 2025-12-30 17:16:18,886 log Not Found: /api/vacinas/null/
WARNING 2025-12-30 17:16:18,887 basehttp "PATCH /api/vacinas/null/ HTTP/1.1" 404 29
WARNING 2025-12-30 17:16:18,909 log Bad Request: /api/exames/
WARNING 2025-12-30 17:16:18,909 basehttp "POST /api/exames/ HTTP/1.1" 400 174
WARNING 2025-12-30 17:16:18,932 log Bad Request: /api/exames/
WARNING 2025-12-30 17:16:18,933 basehttp "POST /api/exames/ HTTP/1.1" 400 162
INFO 2025-12-30 17:16:18,973 basehttp "GET /api/exames/ HTTP/1.1" 200 52
WARNING 2025-12-30 17:16:18,989 log Not Found: /api/exames/null/
WARNING 2025-12-30 17:16:18,989 basehttp "PATCH /api/exames/null/ HTTP/1.1" 404 29
ERROR 2025-12-30 17:16:19,131 log Internal Server Error: /api/planos/
Traceback (most recent call last):
  File "/home/fabianosf/Desktop/Projetos/vetsystem/backend/venv/lib/python3.12/site-packages/django/core/handlers/exception.py", line 55, in inner
    response = get_response(request)
               ^^^^^^^^^^^^^^^^^^^^^
  File "/home/fabianosf/Desktop/Projetos/vetsystem/backend/venv/lib/python3.12/site-packages/django/core/handlers/base.py", line 197, in _get_response
    response = wrapped_callback(request, *callback_args, **callback_kwargs)
               ^^^^^^^^^^^^^^^^^^^^^^^^^^^^^^^^^^^^^^^^^^^^^^^^^^^^^^^^^^^^
  File "/home/fabianosf/Desktop/Projetos/vetsystem/backend/venv/lib/python3.12/site-packages/django/views/decorators/csrf.py", line 56, in wrapper_view
    return view_func(*args, **kwargs)
           ^^^^^^^^^^^^^^^^^^^^^^^^^^
  File "/home/fabianosf/Desktop/Projetos/vetsystem/backend/venv/lib/python3.12/site-packages/rest_framework/viewsets.py", line 125, in view
    return self.dispatch(request, *args, **kwargs)
           ^^^^^^^^^^^^^^^^^^^^^^^^^^^^^^^^^^^^^^^
  File "/home/fabianosf/Desktop/Projetos/vetsystem/backend/venv/lib/python3.12/site-packages/rest_framework/views.py", line 509, in dispatch
    response = self.handle_exception(exc)
               ^^^^^^^^^^^^^^^^^^^^^^^^^^
  File "/home/fabianosf/Desktop/Projetos/vetsystem/backend/venv/lib/python3.12/site-packages/rest_framework/views.py", line 469, in handle_exception
    self.raise_uncaught_exception(exc)
  File "/home/fabianosf/Desktop/Projetos/vetsystem/backend/venv/lib/python3.12/site-packages/rest_framework/views.py", line 480, in raise_uncaught_exception
    raise exc
  File "/home/fabianosf/Desktop/Projetos/vetsystem/backend/venv/lib/python3.12/site-packages/rest_framework/views.py", line 506, in dispatch
    response = handler(request, *args, **kwargs)
               ^^^^^^^^^^^^^^^^^^^^^^^^^^^^^^^^^
  File "/home/fabianosf/Desktop/Projetos/vetsystem/backend/venv/lib/python3.12/site-packages/rest_framework/mixins.py", line 20, in create
    headers = self.get_success_headers(serializer.data)
                                       ^^^^^^^^^^^^^^^
  File "/home/fabianosf/Desktop/Projetos/vetsystem/backend/venv/lib/python3.12/site-packages/rest_framework/serializers.py", line 555, in data
    ret = super().data
          ^^^^^^^^^^^^
  File "/home/fabianosf/Desktop/Projetos/vetsystem/backend/venv/lib/python3.12/site-packages/rest_framework/serializers.py", line 253, in data
    self._data = self.to_representation(self.instance)
                 ^^^^^^^^^^^^^^^^^^^^^^^^^^^^^^^^^^^^^
  File "/home/fabianosf/Desktop/Projetos/vetsystem/backend/venv/lib/python3.12/site-packages/rest_framework/serializers.py", line 522, in to_representation
    ret[field.field_name] = field.to_representation(attribute)
                            ^^^^^^^^^^^^^^^^^^^^^^^^^^^^^^^^^^
  File "/home/fabianosf/Desktop/Projetos/vetsystem/backend/venv/lib/python3.12/site-packages/rest_framework/fields.py", line 1838, in to_representation
    return method(value)
           ^^^^^^^^^^^^^
  File "/home/fabianosf/Desktop/Projetos/vetsystem/backend/api/serializers/__init__.py", line 149, in get_total_contratos_ativos
    return obj.contratos.filter(status='ATIVO').count()
           ^^^^^^^^^^^^^^^^^^^^^^^^^^^^^^^^^^^^
  File "/home/fabianosf/Desktop/Projetos/vetsystem/backend/venv/lib/python3.12/site-packages/django/db/models/manager.py", line 87, in manager_method
    return getattr(self.get_queryset(), name)(*args, **kwargs)
           ^^^^^^^^^^^^^^^^^^^^^^^^^^^^^^^^^^^^^^^^^^^^^^^^^^^
  File "/home/fabianosf/Desktop/Projetos/vetsystem/backend/venv/lib/python3.12/site-packages/django/db/models/query.py", line 1436, in filter
    return self._filter_or_exclude(False, args, kwargs)
           ^^^^^^^^^^^^^^^^^^^^^^^^^^^^^^^^^^^^^^^^^^^^
  File "/home/fabianosf/Desktop/Projetos/vetsystem/backend/venv/lib/python3.12/site-packages/django/db/models/query.py", line 1454, in _filter_or_exclude
    clone._filter_or_exclude_inplace(negate, args, kwargs)
  File "/home/fabianosf/Desktop/Projetos/vetsystem/backend/venv/lib/python3.12/site-packages/django/db/models/query.py", line 1461, in _filter_or_exclude_inplace
    self._query.add_q(Q(*args, **kwargs))
  File "/home/fabianosf/Desktop/Projetos/vetsystem/backend/venv/lib/python3.12/site-packages/django/db/models/sql/query.py", line 1545, in add_q
    clause, _ = self._add_q(q_object, self.used_aliases)
                ^^^^^^^^^^^^^^^^^^^^^^^^^^^^^^^^^^^^^^^^
  File "/home/fabianosf/Desktop/Projetos/vetsystem/backend/venv/lib/python3.12/site-packages/django/db/models/sql/query.py", line 1576, in _add_q
    child_clause, needed_inner = self.build_filter(
                                 ^^^^^^^^^^^^^^^^^^
  File "/home/fabianosf/Desktop/Projetos/vetsystem/backend/venv/lib/python3.12/site-packages/django/db/models/sql/query.py", line 1426, in build_filter
    lookups, parts, reffed_expression = self.solve_lookup_type(arg, summarize)
                                        ^^^^^^^^^^^^^^^^^^^^^^^^^^^^^^^^^^^^^^
  File "/home/fabianosf/Desktop/Projetos/vetsystem/backend/venv/lib/python3.12/site-packages/django/db/models/sql/query.py", line 1236, in solve_lookup_type
    _, field, _, lookup_parts = self.names_to_path(lookup_splitted, self.get_meta())
                                ^^^^^^^^^^^^^^^^^^^^^^^^^^^^^^^^^^^^^^^^^^^^^^^^^^^^
  File "/home/fabianosf/Desktop/Projetos/vetsystem/backend/venv/lib/python3.12/site-packages/django/db/models/sql/query.py", line 1724, in names_to_path
    raise FieldError(
django.core.exceptions.FieldError: Cannot resolve keyword 'status' into field. Choices are: animal, animal_id, created_at, data_fim, data_inicio, id, is_active, observacoes, plano, plano_id, updated_at, valor_mensal
ERROR 2025-12-30 17:16:19,137 basehttp "POST /api/planos/ HTTP/1.1" 500 184226
ERROR 2025-12-30 17:16:19,256 log Internal Server Error: /api/planos/
Traceback (most recent call last):
  File "/home/fabianosf/Desktop/Projetos/vetsystem/backend/venv/lib/python3.12/site-packages/django/core/handlers/exception.py", line 55, in inner
    response = get_response(request)
               ^^^^^^^^^^^^^^^^^^^^^
  File "/home/fabianosf/Desktop/Projetos/vetsystem/backend/venv/lib/python3.12/site-packages/django/core/handlers/base.py", line 197, in _get_response
    response = wrapped_callback(request, *callback_args, **callback_kwargs)
               ^^^^^^^^^^^^^^^^^^^^^^^^^^^^^^^^^^^^^^^^^^^^^^^^^^^^^^^^^^^^
  File "/home/fabianosf/Desktop/Projetos/vetsystem/backend/venv/lib/python3.12/site-packages/django/views/decorators/csrf.py", line 56, in wrapper_view
    return view_func(*args, **kwargs)
           ^^^^^^^^^^^^^^^^^^^^^^^^^^
  File "/home/fabianosf/Desktop/Projetos/vetsystem/backend/venv/lib/python3.12/site-packages/rest_framework/viewsets.py", line 125, in view
    return self.dispatch(request, *args, **kwargs)
           ^^^^^^^^^^^^^^^^^^^^^^^^^^^^^^^^^^^^^^^
  File "/home/fabianosf/Desktop/Projetos/vetsystem/backend/venv/lib/python3.12/site-packages/rest_framework/views.py", line 509, in dispatch
    response = self.handle_exception(exc)
               ^^^^^^^^^^^^^^^^^^^^^^^^^^
  File "/home/fabianosf/Desktop/Projetos/vetsystem/backend/venv/lib/python3.12/site-packages/rest_framework/views.py", line 469, in handle_exception
    self.raise_uncaught_exception(exc)
  File "/home/fabianosf/Desktop/Projetos/vetsystem/backend/venv/lib/python3.12/site-packages/rest_framework/views.py", line 480, in raise_uncaught_exception
    raise exc
  File "/home/fabianosf/Desktop/Projetos/vetsystem/backend/venv/lib/python3.12/site-packages/rest_framework/views.py", line 506, in dispatch
    response = handler(request, *args, **kwargs)
               ^^^^^^^^^^^^^^^^^^^^^^^^^^^^^^^^^
  File "/home/fabianosf/Desktop/Projetos/vetsystem/backend/venv/lib/python3.12/site-packages/rest_framework/mixins.py", line 20, in create
    headers = self.get_success_headers(serializer.data)
                                       ^^^^^^^^^^^^^^^
  File "/home/fabianosf/Desktop/Projetos/vetsystem/backend/venv/lib/python3.12/site-packages/rest_framework/serializers.py", line 555, in data
    ret = super().data
          ^^^^^^^^^^^^
  File "/home/fabianosf/Desktop/Projetos/vetsystem/backend/venv/lib/python3.12/site-packages/rest_framework/serializers.py", line 253, in data
    self._data = self.to_representation(self.instance)
                 ^^^^^^^^^^^^^^^^^^^^^^^^^^^^^^^^^^^^^
  File "/home/fabianosf/Desktop/Projetos/vetsystem/backend/venv/lib/python3.12/site-packages/rest_framework/serializers.py", line 522, in to_representation
    ret[field.field_name] = field.to_representation(attribute)
                            ^^^^^^^^^^^^^^^^^^^^^^^^^^^^^^^^^^
  File "/home/fabianosf/Desktop/Projetos/vetsystem/backend/venv/lib/python3.12/site-packages/rest_framework/fields.py", line 1838, in to_representation
    return method(value)
           ^^^^^^^^^^^^^
  File "/home/fabianosf/Desktop/Projetos/vetsystem/backend/api/serializers/__init__.py", line 149, in get_total_contratos_ativos
    return obj.contratos.filter(status='ATIVO').count()
           ^^^^^^^^^^^^^^^^^^^^^^^^^^^^^^^^^^^^
  File "/home/fabianosf/Desktop/Projetos/vetsystem/backend/venv/lib/python3.12/site-packages/django/db/models/manager.py", line 87, in manager_method
    return getattr(self.get_queryset(), name)(*args, **kwargs)
           ^^^^^^^^^^^^^^^^^^^^^^^^^^^^^^^^^^^^^^^^^^^^^^^^^^^
  File "/home/fabianosf/Desktop/Projetos/vetsystem/backend/venv/lib/python3.12/site-packages/django/db/models/query.py", line 1436, in filter
    return self._filter_or_exclude(False, args, kwargs)
           ^^^^^^^^^^^^^^^^^^^^^^^^^^^^^^^^^^^^^^^^^^^^
  File "/home/fabianosf/Desktop/Projetos/vetsystem/backend/venv/lib/python3.12/site-packages/django/db/models/query.py", line 1454, in _filter_or_exclude
    clone._filter_or_exclude_inplace(negate, args, kwargs)
  File "/home/fabianosf/Desktop/Projetos/vetsystem/backend/venv/lib/python3.12/site-packages/django/db/models/query.py", line 1461, in _filter_or_exclude_inplace
    self._query.add_q(Q(*args, **kwargs))
  File "/home/fabianosf/Desktop/Projetos/vetsystem/backend/venv/lib/python3.12/site-packages/django/db/models/sql/query.py", line 1545, in add_q
    clause, _ = self._add_q(q_object, self.used_aliases)
                ^^^^^^^^^^^^^^^^^^^^^^^^^^^^^^^^^^^^^^^^
  File "/home/fabianosf/Desktop/Projetos/vetsystem/backend/venv/lib/python3.12/site-packages/django/db/models/sql/query.py", line 1576, in _add_q
    child_clause, needed_inner = self.build_filter(
                                 ^^^^^^^^^^^^^^^^^^
  File "/home/fabianosf/Desktop/Projetos/vetsystem/backend/venv/lib/python3.12/site-packages/django/db/models/sql/query.py", line 1426, in build_filter
    lookups, parts, reffed_expression = self.solve_lookup_type(arg, summarize)
                                        ^^^^^^^^^^^^^^^^^^^^^^^^^^^^^^^^^^^^^^
  File "/home/fabianosf/Desktop/Projetos/vetsystem/backend/venv/lib/python3.12/site-packages/django/db/models/sql/query.py", line 1236, in solve_lookup_type
    _, field, _, lookup_parts = self.names_to_path(lookup_splitted, self.get_meta())
                                ^^^^^^^^^^^^^^^^^^^^^^^^^^^^^^^^^^^^^^^^^^^^^^^^^^^^
  File "/home/fabianosf/Desktop/Projetos/vetsystem/backend/venv/lib/python3.12/site-packages/django/db/models/sql/query.py", line 1724, in names_to_path
    raise FieldError(
django.core.exceptions.FieldError: Cannot resolve keyword 'status' into field. Choices are: animal, animal_id, created_at, data_fim, data_inicio, id, is_active, observacoes, plano, plano_id, updated_at, valor_mensal
ERROR 2025-12-30 17:16:19,258 basehttp "POST /api/planos/ HTTP/1.1" 500 184862
ERROR 2025-12-30 17:16:19,399 log Internal Server Error: /api/planos/
Traceback (most recent call last):
  File "/home/fabianosf/Desktop/Projetos/vetsystem/backend/venv/lib/python3.12/site-packages/django/core/handlers/exception.py", line 55, in inner
    response = get_response(request)
               ^^^^^^^^^^^^^^^^^^^^^
  File "/home/fabianosf/Desktop/Projetos/vetsystem/backend/venv/lib/python3.12/site-packages/django/core/handlers/base.py", line 197, in _get_response
    response = wrapped_callback(request, *callback_args, **callback_kwargs)
               ^^^^^^^^^^^^^^^^^^^^^^^^^^^^^^^^^^^^^^^^^^^^^^^^^^^^^^^^^^^^
  File "/home/fabianosf/Desktop/Projetos/vetsystem/backend/venv/lib/python3.12/site-packages/django/views/decorators/csrf.py", line 56, in wrapper_view
    return view_func(*args, **kwargs)
           ^^^^^^^^^^^^^^^^^^^^^^^^^^
  File "/home/fabianosf/Desktop/Projetos/vetsystem/backend/venv/lib/python3.12/site-packages/rest_framework/viewsets.py", line 125, in view
    return self.dispatch(request, *args, **kwargs)
           ^^^^^^^^^^^^^^^^^^^^^^^^^^^^^^^^^^^^^^^
  File "/home/fabianosf/Desktop/Projetos/vetsystem/backend/venv/lib/python3.12/site-packages/rest_framework/views.py", line 509, in dispatch
    response = self.handle_exception(exc)
               ^^^^^^^^^^^^^^^^^^^^^^^^^^
  File "/home/fabianosf/Desktop/Projetos/vetsystem/backend/venv/lib/python3.12/site-packages/rest_framework/views.py", line 469, in handle_exception
    self.raise_uncaught_exception(exc)
  File "/home/fabianosf/Desktop/Projetos/vetsystem/backend/venv/lib/python3.12/site-packages/rest_framework/views.py", line 480, in raise_uncaught_exception
    raise exc
  File "/home/fabianosf/Desktop/Projetos/vetsystem/backend/venv/lib/python3.12/site-packages/rest_framework/views.py", line 506, in dispatch
    response = handler(request, *args, **kwargs)
               ^^^^^^^^^^^^^^^^^^^^^^^^^^^^^^^^^
  File "/home/fabianosf/Desktop/Projetos/vetsystem/backend/venv/lib/python3.12/site-packages/rest_framework/mixins.py", line 43, in list
    return self.get_paginated_response(serializer.data)
                                       ^^^^^^^^^^^^^^^
  File "/home/fabianosf/Desktop/Projetos/vetsystem/backend/venv/lib/python3.12/site-packages/rest_framework/serializers.py", line 768, in data
    ret = super().data
          ^^^^^^^^^^^^
  File "/home/fabianosf/Desktop/Projetos/vetsystem/backend/venv/lib/python3.12/site-packages/rest_framework/serializers.py", line 253, in data
    self._data = self.to_representation(self.instance)
                 ^^^^^^^^^^^^^^^^^^^^^^^^^^^^^^^^^^^^^
  File "/home/fabianosf/Desktop/Projetos/vetsystem/backend/venv/lib/python3.12/site-packages/rest_framework/serializers.py", line 687, in to_representation
    self.child.to_representation(item) for item in iterable
    ^^^^^^^^^^^^^^^^^^^^^^^^^^^^^^^^^^
  File "/home/fabianosf/Desktop/Projetos/vetsystem/backend/venv/lib/python3.12/site-packages/rest_framework/serializers.py", line 522, in to_representation
    ret[field.field_name] = field.to_representation(attribute)
                            ^^^^^^^^^^^^^^^^^^^^^^^^^^^^^^^^^^
  File "/home/fabianosf/Desktop/Projetos/vetsystem/backend/venv/lib/python3.12/site-packages/rest_framework/fields.py", line 1838, in to_representation
    return method(value)
           ^^^^^^^^^^^^^
  File "/home/fabianosf/Desktop/Projetos/vetsystem/backend/api/serializers/__init__.py", line 149, in get_total_contratos_ativos
    return obj.contratos.filter(status='ATIVO').count()
           ^^^^^^^^^^^^^^^^^^^^^^^^^^^^^^^^^^^^
  File "/home/fabianosf/Desktop/Projetos/vetsystem/backend/venv/lib/python3.12/site-packages/django/db/models/manager.py", line 87, in manager_method
    return getattr(self.get_queryset(), name)(*args, **kwargs)
           ^^^^^^^^^^^^^^^^^^^^^^^^^^^^^^^^^^^^^^^^^^^^^^^^^^^
  File "/home/fabianosf/Desktop/Projetos/vetsystem/backend/venv/lib/python3.12/site-packages/django/db/models/query.py", line 1436, in filter
    return self._filter_or_exclude(False, args, kwargs)
           ^^^^^^^^^^^^^^^^^^^^^^^^^^^^^^^^^^^^^^^^^^^^
  File "/home/fabianosf/Desktop/Projetos/vetsystem/backend/venv/lib/python3.12/site-packages/django/db/models/query.py", line 1454, in _filter_or_exclude
    clone._filter_or_exclude_inplace(negate, args, kwargs)
  File "/home/fabianosf/Desktop/Projetos/vetsystem/backend/venv/lib/python3.12/site-packages/django/db/models/query.py", line 1461, in _filter_or_exclude_inplace
    self._query.add_q(Q(*args, **kwargs))
  File "/home/fabianosf/Desktop/Projetos/vetsystem/backend/venv/lib/python3.12/site-packages/django/db/models/sql/query.py", line 1545, in add_q
    clause, _ = self._add_q(q_object, self.used_aliases)
                ^^^^^^^^^^^^^^^^^^^^^^^^^^^^^^^^^^^^^^^^
  File "/home/fabianosf/Desktop/Projetos/vetsystem/backend/venv/lib/python3.12/site-packages/django/db/models/sql/query.py", line 1576, in _add_q
    child_clause, needed_inner = self.build_filter(
                                 ^^^^^^^^^^^^^^^^^^
  File "/home/fabianosf/Desktop/Projetos/vetsystem/backend/venv/lib/python3.12/site-packages/django/db/models/sql/query.py", line 1426, in build_filter
    lookups, parts, reffed_expression = self.solve_lookup_type(arg, summarize)
                                        ^^^^^^^^^^^^^^^^^^^^^^^^^^^^^^^^^^^^^^
  File "/home/fabianosf/Desktop/Projetos/vetsystem/backend/venv/lib/python3.12/site-packages/django/db/models/sql/query.py", line 1236, in solve_lookup_type
    _, field, _, lookup_parts = self.names_to_path(lookup_splitted, self.get_meta())
                                ^^^^^^^^^^^^^^^^^^^^^^^^^^^^^^^^^^^^^^^^^^^^^^^^^^^^
  File "/home/fabianosf/Desktop/Projetos/vetsystem/backend/venv/lib/python3.12/site-packages/django/db/models/sql/query.py", line 1724, in names_to_path
    raise FieldError(
django.core.exceptions.FieldError: Cannot resolve keyword 'status' into field. Choices are: animal, animal_id, created_at, data_fim, data_inicio, id, is_active, observacoes, plano, plano_id, updated_at, valor_mensal
ERROR 2025-12-30 17:16:19,402 basehttp "GET /api/planos/ HTTP/1.1" 500 190875
INFO 2025-12-30 17:16:19,402 basehttp - Broken pipe from ('127.0.0.1', 47150)
WARNING 2025-12-30 17:19:21,225 log Bad Request: /api/tutores/
WARNING 2025-12-30 17:19:21,226 basehttp "POST /api/tutores/ HTTP/1.1" 400 42
INFO 2025-12-30 17:20:48,034 basehttp "POST /api/tutores/ HTTP/1.1" 201 328
INFO 2025-12-30 17:20:48,107 basehttp "GET /api/tutores/ HTTP/1.1" 200 1031
INFO 2025-12-30 17:20:48,152 basehttp "POST /api/animais/ HTTP/1.1" 201 389
INFO 2025-12-30 17:20:48,209 basehttp "GET /api/animais/ HTTP/1.1" 200 1915
INFO 2025-12-30 17:20:48,255 basehttp "PATCH /api/animais/17/ HTTP/1.1" 200 389
INFO 2025-12-30 17:20:48,304 basehttp "GET /api/tutores/?search=JoÃ£o HTTP/1.1" 200 710
INFO 2025-12-30 17:20:48,348 basehttp "GET /api/animais/?species=CACHORRO HTTP/1.1" 200 1183
INFO 2025-12-30 17:20:48,401 basehttp "GET /api/tutores/ HTTP/1.1" 200 1031
INFO 2025-12-30 17:20:48,440 basehttp "GET /api/animais/ HTTP/1.1" 200 1915
INFO 2025-12-30 17:20:48,491 basehttp "GET /api/consultas/ HTTP/1.1" 200 3739
INFO 2025-12-30 17:27:08,446 autoreload /home/fabianosf/Desktop/Projetos/vetsystem/backend/api/views/tutor_views.py changed, reloading.
INFO 2025-12-30 17:27:09,539 autoreload Watching for file changes with StatReloader
INFO 2025-12-30 17:30:36,840 autoreload /home/fabianosf/Desktop/Projetos/vetsystem/backend/api/filters.py changed, reloading.
INFO 2025-12-30 17:30:37,638 autoreload Watching for file changes with StatReloader
INFO 2025-12-30 17:32:31,437 autoreload Watching for file changes with StatReloader
INFO 2025-12-30 17:33:44,604 basehttp "GET /api/tutores/ HTTP/1.1" 200 1031
INFO 2025-12-30 17:33:44,657 basehttp "GET /api/animais/ HTTP/1.1" 200 1915
INFO 2025-12-30 17:35:52,008 basehttp "GET /api HTTP/1.1" 301 0
INFO 2025-12-30 17:35:52,041 basehttp "GET /api/ HTTP/1.1" 200 556
INFO 2025-12-30 17:35:52,089 basehttp "GET /api/tutores/ HTTP/1.1" 200 1031
INFO 2025-12-30 17:35:52,126 basehttp "GET /api/animais/ HTTP/1.1" 200 1915
INFO 2025-12-30 17:35:52,159 basehttp "GET /api/veterinarios/ HTTP/1.1" 200 434
INFO 2025-12-30 17:35:52,203 basehttp "GET /api/consultas/ HTTP/1.1" 200 3739
INFO 2025-12-30 17:35:52,234 basehttp "GET /api/vacinas/ HTTP/1.1" 200 52
INFO 2025-12-30 17:35:52,268 basehttp "GET /api/exames/ HTTP/1.1" 200 52
ERROR 2025-12-30 17:35:52,376 log Internal Server Error: /api/planos/
Traceback (most recent call last):
  File "/home/fabianosf/Desktop/Projetos/vetsystem/backend/venv/lib/python3.12/site-packages/django/core/handlers/exception.py", line 55, in inner
    response = get_response(request)
               ^^^^^^^^^^^^^^^^^^^^^
  File "/home/fabianosf/Desktop/Projetos/vetsystem/backend/venv/lib/python3.12/site-packages/django/core/handlers/base.py", line 197, in _get_response
    response = wrapped_callback(request, *callback_args, **callback_kwargs)
               ^^^^^^^^^^^^^^^^^^^^^^^^^^^^^^^^^^^^^^^^^^^^^^^^^^^^^^^^^^^^
  File "/home/fabianosf/Desktop/Projetos/vetsystem/backend/venv/lib/python3.12/site-packages/django/views/decorators/csrf.py", line 56, in wrapper_view
    return view_func(*args, **kwargs)
           ^^^^^^^^^^^^^^^^^^^^^^^^^^
  File "/home/fabianosf/Desktop/Projetos/vetsystem/backend/venv/lib/python3.12/site-packages/rest_framework/viewsets.py", line 125, in view
    return self.dispatch(request, *args, **kwargs)
           ^^^^^^^^^^^^^^^^^^^^^^^^^^^^^^^^^^^^^^^
  File "/home/fabianosf/Desktop/Projetos/vetsystem/backend/venv/lib/python3.12/site-packages/rest_framework/views.py", line 509, in dispatch
    response = self.handle_exception(exc)
               ^^^^^^^^^^^^^^^^^^^^^^^^^^
  File "/home/fabianosf/Desktop/Projetos/vetsystem/backend/venv/lib/python3.12/site-packages/rest_framework/views.py", line 469, in handle_exception
    self.raise_uncaught_exception(exc)
  File "/home/fabianosf/Desktop/Projetos/vetsystem/backend/venv/lib/python3.12/site-packages/rest_framework/views.py", line 480, in raise_uncaught_exception
    raise exc
  File "/home/fabianosf/Desktop/Projetos/vetsystem/backend/venv/lib/python3.12/site-packages/rest_framework/views.py", line 506, in dispatch
    response = handler(request, *args, **kwargs)
               ^^^^^^^^^^^^^^^^^^^^^^^^^^^^^^^^^
  File "/home/fabianosf/Desktop/Projetos/vetsystem/backend/venv/lib/python3.12/site-packages/rest_framework/mixins.py", line 43, in list
    return self.get_paginated_response(serializer.data)
                                       ^^^^^^^^^^^^^^^
  File "/home/fabianosf/Desktop/Projetos/vetsystem/backend/venv/lib/python3.12/site-packages/rest_framework/serializers.py", line 768, in data
    ret = super().data
          ^^^^^^^^^^^^
  File "/home/fabianosf/Desktop/Projetos/vetsystem/backend/venv/lib/python3.12/site-packages/rest_framework/serializers.py", line 253, in data
    self._data = self.to_representation(self.instance)
                 ^^^^^^^^^^^^^^^^^^^^^^^^^^^^^^^^^^^^^
  File "/home/fabianosf/Desktop/Projetos/vetsystem/backend/venv/lib/python3.12/site-packages/rest_framework/serializers.py", line 687, in to_representation
    self.child.to_representation(item) for item in iterable
    ^^^^^^^^^^^^^^^^^^^^^^^^^^^^^^^^^^
  File "/home/fabianosf/Desktop/Projetos/vetsystem/backend/venv/lib/python3.12/site-packages/rest_framework/serializers.py", line 522, in to_representation
    ret[field.field_name] = field.to_representation(attribute)
                            ^^^^^^^^^^^^^^^^^^^^^^^^^^^^^^^^^^
  File "/home/fabianosf/Desktop/Projetos/vetsystem/backend/venv/lib/python3.12/site-packages/rest_framework/fields.py", line 1838, in to_representation
    return method(value)
           ^^^^^^^^^^^^^
  File "/home/fabianosf/Desktop/Projetos/vetsystem/backend/api/serializers/__init__.py", line 149, in get_total_contratos_ativos
    return obj.contratos.filter(status='ATIVO').count()
           ^^^^^^^^^^^^^^^^^^^^^^^^^^^^^^^^^^^^
  File "/home/fabianosf/Desktop/Projetos/vetsystem/backend/venv/lib/python3.12/site-packages/django/db/models/manager.py", line 87, in manager_method
    return getattr(self.get_queryset(), name)(*args, **kwargs)
           ^^^^^^^^^^^^^^^^^^^^^^^^^^^^^^^^^^^^^^^^^^^^^^^^^^^
  File "/home/fabianosf/Desktop/Projetos/vetsystem/backend/venv/lib/python3.12/site-packages/django/db/models/query.py", line 1436, in filter
    return self._filter_or_exclude(False, args, kwargs)
           ^^^^^^^^^^^^^^^^^^^^^^^^^^^^^^^^^^^^^^^^^^^^
  File "/home/fabianosf/Desktop/Projetos/vetsystem/backend/venv/lib/python3.12/site-packages/django/db/models/query.py", line 1454, in _filter_or_exclude
    clone._filter_or_exclude_inplace(negate, args, kwargs)
  File "/home/fabianosf/Desktop/Projetos/vetsystem/backend/venv/lib/python3.12/site-packages/django/db/models/query.py", line 1461, in _filter_or_exclude_inplace
    self._query.add_q(Q(*args, **kwargs))
  File "/home/fabianosf/Desktop/Projetos/vetsystem/backend/venv/lib/python3.12/site-packages/django/db/models/sql/query.py", line 1545, in add_q
    clause, _ = self._add_q(q_object, self.used_aliases)
                ^^^^^^^^^^^^^^^^^^^^^^^^^^^^^^^^^^^^^^^^
  File "/home/fabianosf/Desktop/Projetos/vetsystem/backend/venv/lib/python3.12/site-packages/django/db/models/sql/query.py", line 1576, in _add_q
    child_clause, needed_inner = self.build_filter(
                                 ^^^^^^^^^^^^^^^^^^
  File "/home/fabianosf/Desktop/Projetos/vetsystem/backend/venv/lib/python3.12/site-packages/django/db/models/sql/query.py", line 1426, in build_filter
    lookups, parts, reffed_expression = self.solve_lookup_type(arg, summarize)
                                        ^^^^^^^^^^^^^^^^^^^^^^^^^^^^^^^^^^^^^^
  File "/home/fabianosf/Desktop/Projetos/vetsystem/backend/venv/lib/python3.12/site-packages/django/db/models/sql/query.py", line 1236, in solve_lookup_type
    _, field, _, lookup_parts = self.names_to_path(lookup_splitted, self.get_meta())
                                ^^^^^^^^^^^^^^^^^^^^^^^^^^^^^^^^^^^^^^^^^^^^^^^^^^^^
  File "/home/fabianosf/Desktop/Projetos/vetsystem/backend/venv/lib/python3.12/site-packages/django/db/models/sql/query.py", line 1724, in names_to_path
    raise FieldError(
django.core.exceptions.FieldError: Cannot resolve keyword 'status' into field. Choices are: animal, animal_id, created_at, data_fim, data_inicio, id, is_active, observacoes, plano, plano_id, updated_at, valor_mensal
ERROR 2025-12-30 17:35:52,381 basehttp "GET /api/planos/ HTTP/1.1" 500 191205
ERROR 2025-12-30 17:35:52,473 log Internal Server Error: /api/contratos/
Traceback (most recent call last):
  File "/home/fabianosf/Desktop/Projetos/vetsystem/backend/venv/lib/python3.12/site-packages/django/core/handlers/exception.py", line 55, in inner
    response = get_response(request)
               ^^^^^^^^^^^^^^^^^^^^^
  File "/home/fabianosf/Desktop/Projetos/vetsystem/backend/venv/lib/python3.12/site-packages/django/core/handlers/base.py", line 197, in _get_response
    response = wrapped_callback(request, *callback_args, **callback_kwargs)
               ^^^^^^^^^^^^^^^^^^^^^^^^^^^^^^^^^^^^^^^^^^^^^^^^^^^^^^^^^^^^
  File "/home/fabianosf/Desktop/Projetos/vetsystem/backend/venv/lib/python3.12/site-packages/django/views/decorators/csrf.py", line 56, in wrapper_view
    return view_func(*args, **kwargs)
           ^^^^^^^^^^^^^^^^^^^^^^^^^^
  File "/home/fabianosf/Desktop/Projetos/vetsystem/backend/venv/lib/python3.12/site-packages/rest_framework/viewsets.py", line 125, in view
    return self.dispatch(request, *args, **kwargs)
           ^^^^^^^^^^^^^^^^^^^^^^^^^^^^^^^^^^^^^^^
  File "/home/fabianosf/Desktop/Projetos/vetsystem/backend/venv/lib/python3.12/site-packages/rest_framework/views.py", line 509, in dispatch
    response = self.handle_exception(exc)
               ^^^^^^^^^^^^^^^^^^^^^^^^^^
  File "/home/fabianosf/Desktop/Projetos/vetsystem/backend/venv/lib/python3.12/site-packages/rest_framework/views.py", line 469, in handle_exception
    self.raise_uncaught_exception(exc)
  File "/home/fabianosf/Desktop/Projetos/vetsystem/backend/venv/lib/python3.12/site-packages/rest_framework/views.py", line 480, in raise_uncaught_exception
    raise exc
  File "/home/fabianosf/Desktop/Projetos/vetsystem/backend/venv/lib/python3.12/site-packages/rest_framework/views.py", line 506, in dispatch
    response = handler(request, *args, **kwargs)
               ^^^^^^^^^^^^^^^^^^^^^^^^^^^^^^^^^
  File "/home/fabianosf/Desktop/Projetos/vetsystem/backend/venv/lib/python3.12/site-packages/rest_framework/mixins.py", line 40, in list
    page = self.paginate_queryset(queryset)
           ^^^^^^^^^^^^^^^^^^^^^^^^^^^^^^^^
  File "/home/fabianosf/Desktop/Projetos/vetsystem/backend/venv/lib/python3.12/site-packages/rest_framework/generics.py", line 171, in paginate_queryset
    return self.paginator.paginate_queryset(queryset, self.request, view=self)
           ^^^^^^^^^^^^^^^^^^^^^^^^^^^^^^^^^^^^^^^^^^^^^^^^^^^^^^^^^^^^^^^^^^^
  File "/home/fabianosf/Desktop/Projetos/vetsystem/backend/venv/lib/python3.12/site-packages/rest_framework/pagination.py", line 216, in paginate_queryset
    return list(self.page)
           ^^^^^^^^^^^^^^^
  File "/home/fabianosf/Desktop/Projetos/vetsystem/backend/venv/lib/python3.12/site-packages/django/core/paginator.py", line 174, in __len__
    return len(self.object_list)
           ^^^^^^^^^^^^^^^^^^^^^
  File "/home/fabianosf/Desktop/Projetos/vetsystem/backend/venv/lib/python3.12/site-packages/django/db/models/query.py", line 380, in __len__
    self._fetch_all()
  File "/home/fabianosf/Desktop/Projetos/vetsystem/backend/venv/lib/python3.12/site-packages/django/db/models/query.py", line 1881, in _fetch_all
    self._result_cache = list(self._iterable_class(self))
                         ^^^^^^^^^^^^^^^^^^^^^^^^^^^^^^^^
  File "/home/fabianosf/Desktop/Projetos/vetsystem/backend/venv/lib/python3.12/site-packages/django/db/models/query.py", line 91, in __iter__
    results = compiler.execute_sql(
              ^^^^^^^^^^^^^^^^^^^^^
  File "/home/fabianosf/Desktop/Projetos/vetsystem/backend/venv/lib/python3.12/site-packages/django/db/models/sql/compiler.py", line 1549, in execute_sql
    sql, params = self.as_sql()
                  ^^^^^^^^^^^^^
  File "/home/fabianosf/Desktop/Projetos/vetsystem/backend/venv/lib/python3.12/site-packages/django/db/models/sql/compiler.py", line 736, in as_sql
    extra_select, order_by, group_by = self.pre_sql_setup(
                                       ^^^^^^^^^^^^^^^^^^^
  File "/home/fabianosf/Desktop/Projetos/vetsystem/backend/venv/lib/python3.12/site-packages/django/db/models/sql/compiler.py", line 84, in pre_sql_setup
    self.setup_query(with_col_aliases=with_col_aliases)
  File "/home/fabianosf/Desktop/Projetos/vetsystem/backend/venv/lib/python3.12/site-packages/django/db/models/sql/compiler.py", line 73, in setup_query
    self.select, self.klass_info, self.annotation_col_map = self.get_select(
                                                            ^^^^^^^^^^^^^^^^
  File "/home/fabianosf/Desktop/Projetos/vetsystem/backend/venv/lib/python3.12/site-packages/django/db/models/sql/compiler.py", line 279, in get_select
    related_klass_infos = self.get_related_selections(select, select_mask)
                          ^^^^^^^^^^^^^^^^^^^^^^^^^^^^^^^^^^^^^^^^^^^^^^^^
  File "/home/fabianosf/Desktop/Projetos/vetsystem/backend/venv/lib/python3.12/site-packages/django/db/models/sql/compiler.py", line 1367, in get_related_selections
    raise FieldError(
django.core.exceptions.FieldError: Invalid field name(s) given in select_related: 'tutor'. Choices are: animal, plano
ERROR 2025-12-30 17:35:52,476 basehttp "GET /api/contratos/ HTTP/1.1" 500 170092
INFO 2025-12-30 17:35:52,510 basehttp "GET /api/clinicas/ HTTP/1.1" 200 664
INFO 2025-12-30 17:35:52,556 basehttp "GET /api/tutores/?name=Silva HTTP/1.1" 200 710
INFO 2025-12-30 17:35:52,605 basehttp "GET /api/tutores/?search=Jo%C3%A3o HTTP/1.1" 200 710
INFO 2025-12-30 17:35:52,649 basehttp "GET /api/tutores/?ordering=name HTTP/1.1" 200 1031
INFO 2025-12-30 17:35:52,690 basehttp "GET /api/tutores/?has_animals=true HTTP/1.1" 200 1031
INFO 2025-12-30 17:35:52,726 basehttp "GET /api/animais/?species=CACHORRO HTTP/1.1" 200 1183
INFO 2025-12-30 17:35:52,763 basehttp "GET /api/animais/?species=GATO HTTP/1.1" 200 783
INFO 2025-12-30 17:35:52,805 basehttp "GET /api/animais/?gender=M HTTP/1.1" 200 1183
INFO 2025-12-30 17:35:52,850 basehttp "GET /api/animais/?breed=Golden HTTP/1.1" 200 441
INFO 2025-12-30 17:35:52,897 basehttp "GET /api/animais/?age_min=3&age_max=7 HTTP/1.1" 200 1915
INFO 2025-12-30 17:35:52,938 basehttp "GET /api/animais/?weight_min=20 HTTP/1.1" 200 812
INFO 2025-12-30 17:35:52,976 basehttp "GET /api/animais/?species=CACHORRO&gender=M&weight_min=20 HTTP/1.1" 200 812
INFO 2025-12-30 17:35:53,021 basehttp "GET /api/animais/?ordering=-weight HTTP/1.1" 200 1915
INFO 2025-12-30 17:35:53,070 basehttp "GET /api/consultas/?status=AGENDADA HTTP/1.1" 200 971
INFO 2025-12-30 17:35:53,123 basehttp "GET /api/consultas/?status=CONCLUIDA HTTP/1.1" 200 2383
INFO 2025-12-30 17:35:53,157 basehttp "GET /api/consultas/?tipo=ROTINA HTTP/1.1" 200 52
INFO 2025-12-30 17:35:53,201 basehttp "GET /api/consultas/?tipo=EMERGENCIA HTTP/1.1" 200 487
INFO 2025-12-30 17:35:53,243 basehttp "GET /api/consultas/?data_after=2025-12-01 HTTP/1.1" 200 2340
INFO 2025-12-30 17:35:53,289 basehttp "GET /api/consultas/?mes=12&ano=2025 HTTP/1.1" 200 2340
INFO 2025-12-30 17:35:53,324 basehttp "GET /api/consultas/?urgente=true HTTP/1.1" 200 487
INFO 2025-12-30 17:35:53,366 basehttp "GET /api/consultas/?pendente=true HTTP/1.1" 200 1407
INFO 2025-12-30 17:35:53,417 basehttp "GET /api/vacinas/?nome_vacina=V10 HTTP/1.1" 200 52
INFO 2025-12-30 17:35:53,491 basehttp "GET /api/vacinas/?atrasada=true HTTP/1.1" 200 52
INFO 2025-12-30 17:35:53,551 basehttp "GET /api/vacinas/?proxima=true HTTP/1.1" 200 52
INFO 2025-12-30 17:35:53,595 basehttp "GET /api/vacinas/?data_aplicacao_after=2025-11-01 HTTP/1.1" 200 52
INFO 2025-12-30 17:35:53,653 basehttp "GET /api/exames/?status=SOLICITADO HTTP/1.1" 200 52
INFO 2025-12-30 17:35:53,682 basehttp "GET /api/exames/?status=CONCLUIDO HTTP/1.1" 200 52
INFO 2025-12-30 17:35:53,716 basehttp "GET /api/exames/?pendente=true HTTP/1.1" 200 52
INFO 2025-12-30 17:35:53,749 basehttp "GET /api/exames/?tipo_exame=Hemograma HTTP/1.1" 200 52
ERROR 2025-12-30 17:35:53,852 log Internal Server Error: /api/planos/
Traceback (most recent call last):
  File "/home/fabianosf/Desktop/Projetos/vetsystem/backend/venv/lib/python3.12/site-packages/django/core/handlers/exception.py", line 55, in inner
    response = get_response(request)
               ^^^^^^^^^^^^^^^^^^^^^
  File "/home/fabianosf/Desktop/Projetos/vetsystem/backend/venv/lib/python3.12/site-packages/django/core/handlers/base.py", line 197, in _get_response
    response = wrapped_callback(request, *callback_args, **callback_kwargs)
               ^^^^^^^^^^^^^^^^^^^^^^^^^^^^^^^^^^^^^^^^^^^^^^^^^^^^^^^^^^^^
  File "/home/fabianosf/Desktop/Projetos/vetsystem/backend/venv/lib/python3.12/site-packages/django/views/decorators/csrf.py", line 56, in wrapper_view
    return view_func(*args, **kwargs)
           ^^^^^^^^^^^^^^^^^^^^^^^^^^
  File "/home/fabianosf/Desktop/Projetos/vetsystem/backend/venv/lib/python3.12/site-packages/rest_framework/viewsets.py", line 125, in view
    return self.dispatch(request, *args, **kwargs)
           ^^^^^^^^^^^^^^^^^^^^^^^^^^^^^^^^^^^^^^^
  File "/home/fabianosf/Desktop/Projetos/vetsystem/backend/venv/lib/python3.12/site-packages/rest_framework/views.py", line 509, in dispatch
    response = self.handle_exception(exc)
               ^^^^^^^^^^^^^^^^^^^^^^^^^^
  File "/home/fabianosf/Desktop/Projetos/vetsystem/backend/venv/lib/python3.12/site-packages/rest_framework/views.py", line 469, in handle_exception
    self.raise_uncaught_exception(exc)
  File "/home/fabianosf/Desktop/Projetos/vetsystem/backend/venv/lib/python3.12/site-packages/rest_framework/views.py", line 480, in raise_uncaught_exception
    raise exc
  File "/home/fabianosf/Desktop/Projetos/vetsystem/backend/venv/lib/python3.12/site-packages/rest_framework/views.py", line 506, in dispatch
    response = handler(request, *args, **kwargs)
               ^^^^^^^^^^^^^^^^^^^^^^^^^^^^^^^^^
  File "/home/fabianosf/Desktop/Projetos/vetsystem/backend/venv/lib/python3.12/site-packages/rest_framework/mixins.py", line 43, in list
    return self.get_paginated_response(serializer.data)
                                       ^^^^^^^^^^^^^^^
  File "/home/fabianosf/Desktop/Projetos/vetsystem/backend/venv/lib/python3.12/site-packages/rest_framework/serializers.py", line 768, in data
    ret = super().data
          ^^^^^^^^^^^^
  File "/home/fabianosf/Desktop/Projetos/vetsystem/backend/venv/lib/python3.12/site-packages/rest_framework/serializers.py", line 253, in data
    self._data = self.to_representation(self.instance)
                 ^^^^^^^^^^^^^^^^^^^^^^^^^^^^^^^^^^^^^
  File "/home/fabianosf/Desktop/Projetos/vetsystem/backend/venv/lib/python3.12/site-packages/rest_framework/serializers.py", line 687, in to_representation
    self.child.to_representation(item) for item in iterable
    ^^^^^^^^^^^^^^^^^^^^^^^^^^^^^^^^^^
  File "/home/fabianosf/Desktop/Projetos/vetsystem/backend/venv/lib/python3.12/site-packages/rest_framework/serializers.py", line 522, in to_representation
    ret[field.field_name] = field.to_representation(attribute)
                            ^^^^^^^^^^^^^^^^^^^^^^^^^^^^^^^^^^
  File "/home/fabianosf/Desktop/Projetos/vetsystem/backend/venv/lib/python3.12/site-packages/rest_framework/fields.py", line 1838, in to_representation
    return method(value)
           ^^^^^^^^^^^^^
  File "/home/fabianosf/Desktop/Projetos/vetsystem/backend/api/serializers/__init__.py", line 149, in get_total_contratos_ativos
    return obj.contratos.filter(status='ATIVO').count()
           ^^^^^^^^^^^^^^^^^^^^^^^^^^^^^^^^^^^^
  File "/home/fabianosf/Desktop/Projetos/vetsystem/backend/venv/lib/python3.12/site-packages/django/db/models/manager.py", line 87, in manager_method
    return getattr(self.get_queryset(), name)(*args, **kwargs)
           ^^^^^^^^^^^^^^^^^^^^^^^^^^^^^^^^^^^^^^^^^^^^^^^^^^^
  File "/home/fabianosf/Desktop/Projetos/vetsystem/backend/venv/lib/python3.12/site-packages/django/db/models/query.py", line 1436, in filter
    return self._filter_or_exclude(False, args, kwargs)
           ^^^^^^^^^^^^^^^^^^^^^^^^^^^^^^^^^^^^^^^^^^^^
  File "/home/fabianosf/Desktop/Projetos/vetsystem/backend/venv/lib/python3.12/site-packages/django/db/models/query.py", line 1454, in _filter_or_exclude
    clone._filter_or_exclude_inplace(negate, args, kwargs)
  File "/home/fabianosf/Desktop/Projetos/vetsystem/backend/venv/lib/python3.12/site-packages/django/db/models/query.py", line 1461, in _filter_or_exclude_inplace
    self._query.add_q(Q(*args, **kwargs))
  File "/home/fabianosf/Desktop/Projetos/vetsystem/backend/venv/lib/python3.12/site-packages/django/db/models/sql/query.py", line 1545, in add_q
    clause, _ = self._add_q(q_object, self.used_aliases)
                ^^^^^^^^^^^^^^^^^^^^^^^^^^^^^^^^^^^^^^^^
  File "/home/fabianosf/Desktop/Projetos/vetsystem/backend/venv/lib/python3.12/site-packages/django/db/models/sql/query.py", line 1576, in _add_q
    child_clause, needed_inner = self.build_filter(
                                 ^^^^^^^^^^^^^^^^^^
  File "/home/fabianosf/Desktop/Projetos/vetsystem/backend/venv/lib/python3.12/site-packages/django/db/models/sql/query.py", line 1426, in build_filter
    lookups, parts, reffed_expression = self.solve_lookup_type(arg, summarize)
                                        ^^^^^^^^^^^^^^^^^^^^^^^^^^^^^^^^^^^^^^
  File "/home/fabianosf/Desktop/Projetos/vetsystem/backend/venv/lib/python3.12/site-packages/django/db/models/sql/query.py", line 1236, in solve_lookup_type
    _, field, _, lookup_parts = self.names_to_path(lookup_splitted, self.get_meta())
                                ^^^^^^^^^^^^^^^^^^^^^^^^^^^^^^^^^^^^^^^^^^^^^^^^^^^^
  File "/home/fabianosf/Desktop/Projetos/vetsystem/backend/venv/lib/python3.12/site-packages/django/db/models/sql/query.py", line 1724, in names_to_path
    raise FieldError(
django.core.exceptions.FieldError: Cannot resolve keyword 'status' into field. Choices are: animal, animal_id, created_at, data_fim, data_inicio, id, is_active, observacoes, plano, plano_id, updated_at, valor_mensal
ERROR 2025-12-30 17:35:53,854 basehttp "GET /api/planos/?preco_max=150 HTTP/1.1" 500 190599
ERROR 2025-12-30 17:35:54,452 log Internal Server Error: /api/planos/
Traceback (most recent call last):
  File "/home/fabianosf/Desktop/Projetos/vetsystem/backend/venv/lib/python3.12/site-packages/django/core/handlers/exception.py", line 55, in inner
    response = get_response(request)
               ^^^^^^^^^^^^^^^^^^^^^
  File "/home/fabianosf/Desktop/Projetos/vetsystem/backend/venv/lib/python3.12/site-packages/django/core/handlers/base.py", line 197, in _get_response
    response = wrapped_callback(request, *callback_args, **callback_kwargs)
               ^^^^^^^^^^^^^^^^^^^^^^^^^^^^^^^^^^^^^^^^^^^^^^^^^^^^^^^^^^^^
  File "/home/fabianosf/Desktop/Projetos/vetsystem/backend/venv/lib/python3.12/site-packages/django/views/decorators/csrf.py", line 56, in wrapper_view
    return view_func(*args, **kwargs)
           ^^^^^^^^^^^^^^^^^^^^^^^^^^
  File "/home/fabianosf/Desktop/Projetos/vetsystem/backend/venv/lib/python3.12/site-packages/rest_framework/viewsets.py", line 125, in view
    return self.dispatch(request, *args, **kwargs)
           ^^^^^^^^^^^^^^^^^^^^^^^^^^^^^^^^^^^^^^^
  File "/home/fabianosf/Desktop/Projetos/vetsystem/backend/venv/lib/python3.12/site-packages/rest_framework/views.py", line 509, in dispatch
    response = self.handle_exception(exc)
               ^^^^^^^^^^^^^^^^^^^^^^^^^^
  File "/home/fabianosf/Desktop/Projetos/vetsystem/backend/venv/lib/python3.12/site-packages/rest_framework/views.py", line 469, in handle_exception
    self.raise_uncaught_exception(exc)
  File "/home/fabianosf/Desktop/Projetos/vetsystem/backend/venv/lib/python3.12/site-packages/rest_framework/views.py", line 480, in raise_uncaught_exception
    raise exc
  File "/home/fabianosf/Desktop/Projetos/vetsystem/backend/venv/lib/python3.12/site-packages/rest_framework/views.py", line 506, in dispatch
    response = handler(request, *args, **kwargs)
               ^^^^^^^^^^^^^^^^^^^^^^^^^^^^^^^^^
  File "/home/fabianosf/Desktop/Projetos/vetsystem/backend/venv/lib/python3.12/site-packages/rest_framework/mixins.py", line 43, in list
    return self.get_paginated_response(serializer.data)
                                       ^^^^^^^^^^^^^^^
  File "/home/fabianosf/Desktop/Projetos/vetsystem/backend/venv/lib/python3.12/site-packages/rest_framework/serializers.py", line 768, in data
    ret = super().data
          ^^^^^^^^^^^^
  File "/home/fabianosf/Desktop/Projetos/vetsystem/backend/venv/lib/python3.12/site-packages/rest_framework/serializers.py", line 253, in data
    self._data = self.to_representation(self.instance)
                 ^^^^^^^^^^^^^^^^^^^^^^^^^^^^^^^^^^^^^
  File "/home/fabianosf/Desktop/Projetos/vetsystem/backend/venv/lib/python3.12/site-packages/rest_framework/serializers.py", line 687, in to_representation
    self.child.to_representation(item) for item in iterable
    ^^^^^^^^^^^^^^^^^^^^^^^^^^^^^^^^^^
  File "/home/fabianosf/Desktop/Projetos/vetsystem/backend/venv/lib/python3.12/site-packages/rest_framework/serializers.py", line 522, in to_representation
    ret[field.field_name] = field.to_representation(attribute)
                            ^^^^^^^^^^^^^^^^^^^^^^^^^^^^^^^^^^
  File "/home/fabianosf/Desktop/Projetos/vetsystem/backend/venv/lib/python3.12/site-packages/rest_framework/fields.py", line 1838, in to_representation
    return method(value)
           ^^^^^^^^^^^^^
  File "/home/fabianosf/Desktop/Projetos/vetsystem/backend/api/serializers/__init__.py", line 149, in get_total_contratos_ativos
    return obj.contratos.filter(status='ATIVO').count()
           ^^^^^^^^^^^^^^^^^^^^^^^^^^^^^^^^^^^^
  File "/home/fabianosf/Desktop/Projetos/vetsystem/backend/venv/lib/python3.12/site-packages/django/db/models/manager.py", line 87, in manager_method
    return getattr(self.get_queryset(), name)(*args, **kwargs)
           ^^^^^^^^^^^^^^^^^^^^^^^^^^^^^^^^^^^^^^^^^^^^^^^^^^^
  File "/home/fabianosf/Desktop/Projetos/vetsystem/backend/venv/lib/python3.12/site-packages/django/db/models/query.py", line 1436, in filter
    return self._filter_or_exclude(False, args, kwargs)
           ^^^^^^^^^^^^^^^^^^^^^^^^^^^^^^^^^^^^^^^^^^^^
  File "/home/fabianosf/Desktop/Projetos/vetsystem/backend/venv/lib/python3.12/site-packages/django/db/models/query.py", line 1454, in _filter_or_exclude
    clone._filter_or_exclude_inplace(negate, args, kwargs)
  File "/home/fabianosf/Desktop/Projetos/vetsystem/backend/venv/lib/python3.12/site-packages/django/db/models/query.py", line 1461, in _filter_or_exclude_inplace
    self._query.add_q(Q(*args, **kwargs))
  File "/home/fabianosf/Desktop/Projetos/vetsystem/backend/venv/lib/python3.12/site-packages/django/db/models/sql/query.py", line 1545, in add_q
    clause, _ = self._add_q(q_object, self.used_aliases)
                ^^^^^^^^^^^^^^^^^^^^^^^^^^^^^^^^^^^^^^^^
  File "/home/fabianosf/Desktop/Projetos/vetsystem/backend/venv/lib/python3.12/site-packages/django/db/models/sql/query.py", line 1576, in _add_q
    child_clause, needed_inner = self.build_filter(
                                 ^^^^^^^^^^^^^^^^^^
  File "/home/fabianosf/Desktop/Projetos/vetsystem/backend/venv/lib/python3.12/site-packages/django/db/models/sql/query.py", line 1426, in build_filter
    lookups, parts, reffed_expression = self.solve_lookup_type(arg, summarize)
                                        ^^^^^^^^^^^^^^^^^^^^^^^^^^^^^^^^^^^^^^
  File "/home/fabianosf/Desktop/Projetos/vetsystem/backend/venv/lib/python3.12/site-packages/django/db/models/sql/query.py", line 1236, in solve_lookup_type
    _, field, _, lookup_parts = self.names_to_path(lookup_splitted, self.get_meta())
                                ^^^^^^^^^^^^^^^^^^^^^^^^^^^^^^^^^^^^^^^^^^^^^^^^^^^^
  File "/home/fabianosf/Desktop/Projetos/vetsystem/backend/venv/lib/python3.12/site-packages/django/db/models/sql/query.py", line 1724, in names_to_path
    raise FieldError(
django.core.exceptions.FieldError: Cannot resolve keyword 'status' into field. Choices are: animal, animal_id, created_at, data_fim, data_inicio, id, is_active, observacoes, plano, plano_id, updated_at, valor_mensal
ERROR 2025-12-30 17:35:54,458 basehttp "GET /api/planos/?preco_min=100&preco_max=200 HTTP/1.1" 500 190296
ERROR 2025-12-30 17:35:54,783 log Internal Server Error: /api/planos/
Traceback (most recent call last):
  File "/home/fabianosf/Desktop/Projetos/vetsystem/backend/venv/lib/python3.12/site-packages/django/core/handlers/exception.py", line 55, in inner
    response = get_response(request)
               ^^^^^^^^^^^^^^^^^^^^^
  File "/home/fabianosf/Desktop/Projetos/vetsystem/backend/venv/lib/python3.12/site-packages/django/core/handlers/base.py", line 197, in _get_response
    response = wrapped_callback(request, *callback_args, **callback_kwargs)
               ^^^^^^^^^^^^^^^^^^^^^^^^^^^^^^^^^^^^^^^^^^^^^^^^^^^^^^^^^^^^
  File "/home/fabianosf/Desktop/Projetos/vetsystem/backend/venv/lib/python3.12/site-packages/django/views/decorators/csrf.py", line 56, in wrapper_view
    return view_func(*args, **kwargs)
           ^^^^^^^^^^^^^^^^^^^^^^^^^^
  File "/home/fabianosf/Desktop/Projetos/vetsystem/backend/venv/lib/python3.12/site-packages/rest_framework/viewsets.py", line 125, in view
    return self.dispatch(request, *args, **kwargs)
           ^^^^^^^^^^^^^^^^^^^^^^^^^^^^^^^^^^^^^^^
  File "/home/fabianosf/Desktop/Projetos/vetsystem/backend/venv/lib/python3.12/site-packages/rest_framework/views.py", line 509, in dispatch
    response = self.handle_exception(exc)
               ^^^^^^^^^^^^^^^^^^^^^^^^^^
  File "/home/fabianosf/Desktop/Projetos/vetsystem/backend/venv/lib/python3.12/site-packages/rest_framework/views.py", line 469, in handle_exception
    self.raise_uncaught_exception(exc)
  File "/home/fabianosf/Desktop/Projetos/vetsystem/backend/venv/lib/python3.12/site-packages/rest_framework/views.py", line 480, in raise_uncaught_exception
    raise exc
  File "/home/fabianosf/Desktop/Projetos/vetsystem/backend/venv/lib/python3.12/site-packages/rest_framework/views.py", line 506, in dispatch
    response = handler(request, *args, **kwargs)
               ^^^^^^^^^^^^^^^^^^^^^^^^^^^^^^^^^
  File "/home/fabianosf/Desktop/Projetos/vetsystem/backend/venv/lib/python3.12/site-packages/rest_framework/mixins.py", line 43, in list
    return self.get_paginated_response(serializer.data)
                                       ^^^^^^^^^^^^^^^
  File "/home/fabianosf/Desktop/Projetos/vetsystem/backend/venv/lib/python3.12/site-packages/rest_framework/serializers.py", line 768, in data
    ret = super().data
          ^^^^^^^^^^^^
  File "/home/fabianosf/Desktop/Projetos/vetsystem/backend/venv/lib/python3.12/site-packages/rest_framework/serializers.py", line 253, in data
    self._data = self.to_representation(self.instance)
                 ^^^^^^^^^^^^^^^^^^^^^^^^^^^^^^^^^^^^^
  File "/home/fabianosf/Desktop/Projetos/vetsystem/backend/venv/lib/python3.12/site-packages/rest_framework/serializers.py", line 687, in to_representation
    self.child.to_representation(item) for item in iterable
    ^^^^^^^^^^^^^^^^^^^^^^^^^^^^^^^^^^
  File "/home/fabianosf/Desktop/Projetos/vetsystem/backend/venv/lib/python3.12/site-packages/rest_framework/serializers.py", line 522, in to_representation
    ret[field.field_name] = field.to_representation(attribute)
                            ^^^^^^^^^^^^^^^^^^^^^^^^^^^^^^^^^^
  File "/home/fabianosf/Desktop/Projetos/vetsystem/backend/venv/lib/python3.12/site-packages/rest_framework/fields.py", line 1838, in to_representation
    return method(value)
           ^^^^^^^^^^^^^
  File "/home/fabianosf/Desktop/Projetos/vetsystem/backend/api/serializers/__init__.py", line 149, in get_total_contratos_ativos
    return obj.contratos.filter(status='ATIVO').count()
           ^^^^^^^^^^^^^^^^^^^^^^^^^^^^^^^^^^^^
  File "/home/fabianosf/Desktop/Projetos/vetsystem/backend/venv/lib/python3.12/site-packages/django/db/models/manager.py", line 87, in manager_method
    return getattr(self.get_queryset(), name)(*args, **kwargs)
           ^^^^^^^^^^^^^^^^^^^^^^^^^^^^^^^^^^^^^^^^^^^^^^^^^^^
  File "/home/fabianosf/Desktop/Projetos/vetsystem/backend/venv/lib/python3.12/site-packages/django/db/models/query.py", line 1436, in filter
    return self._filter_or_exclude(False, args, kwargs)
           ^^^^^^^^^^^^^^^^^^^^^^^^^^^^^^^^^^^^^^^^^^^^
  File "/home/fabianosf/Desktop/Projetos/vetsystem/backend/venv/lib/python3.12/site-packages/django/db/models/query.py", line 1454, in _filter_or_exclude
    clone._filter_or_exclude_inplace(negate, args, kwargs)
  File "/home/fabianosf/Desktop/Projetos/vetsystem/backend/venv/lib/python3.12/site-packages/django/db/models/query.py", line 1461, in _filter_or_exclude_inplace
    self._query.add_q(Q(*args, **kwargs))
  File "/home/fabianosf/Desktop/Projetos/vetsystem/backend/venv/lib/python3.12/site-packages/django/db/models/sql/query.py", line 1545, in add_q
    clause, _ = self._add_q(q_object, self.used_aliases)
                ^^^^^^^^^^^^^^^^^^^^^^^^^^^^^^^^^^^^^^^^
  File "/home/fabianosf/Desktop/Projetos/vetsystem/backend/venv/lib/python3.12/site-packages/django/db/models/sql/query.py", line 1576, in _add_q
    child_clause, needed_inner = self.build_filter(
                                 ^^^^^^^^^^^^^^^^^^
  File "/home/fabianosf/Desktop/Projetos/vetsystem/backend/venv/lib/python3.12/site-packages/django/db/models/sql/query.py", line 1426, in build_filter
    lookups, parts, reffed_expression = self.solve_lookup_type(arg, summarize)
                                        ^^^^^^^^^^^^^^^^^^^^^^^^^^^^^^^^^^^^^^
  File "/home/fabianosf/Desktop/Projetos/vetsystem/backend/venv/lib/python3.12/site-packages/django/db/models/sql/query.py", line 1236, in solve_lookup_type
    _, field, _, lookup_parts = self.names_to_path(lookup_splitted, self.get_meta())
                                ^^^^^^^^^^^^^^^^^^^^^^^^^^^^^^^^^^^^^^^^^^^^^^^^^^^^
  File "/home/fabianosf/Desktop/Projetos/vetsystem/backend/venv/lib/python3.12/site-packages/django/db/models/sql/query.py", line 1724, in names_to_path
    raise FieldError(
django.core.exceptions.FieldError: Cannot resolve keyword 'status' into field. Choices are: animal, animal_id, created_at, data_fim, data_inicio, id, is_active, observacoes, plano, plano_id, updated_at, valor_mensal
ERROR 2025-12-30 17:35:54,786 basehttp "GET /api/planos/?telemedicina=true HTTP/1.1" 500 190678
ERROR 2025-12-30 17:35:55,148 log Internal Server Error: /api/planos/
Traceback (most recent call last):
  File "/home/fabianosf/Desktop/Projetos/vetsystem/backend/venv/lib/python3.12/site-packages/django/core/handlers/exception.py", line 55, in inner
    response = get_response(request)
               ^^^^^^^^^^^^^^^^^^^^^
  File "/home/fabianosf/Desktop/Projetos/vetsystem/backend/venv/lib/python3.12/site-packages/django/core/handlers/base.py", line 197, in _get_response
    response = wrapped_callback(request, *callback_args, **callback_kwargs)
               ^^^^^^^^^^^^^^^^^^^^^^^^^^^^^^^^^^^^^^^^^^^^^^^^^^^^^^^^^^^^
  File "/home/fabianosf/Desktop/Projetos/vetsystem/backend/venv/lib/python3.12/site-packages/django/views/decorators/csrf.py", line 56, in wrapper_view
    return view_func(*args, **kwargs)
           ^^^^^^^^^^^^^^^^^^^^^^^^^^
  File "/home/fabianosf/Desktop/Projetos/vetsystem/backend/venv/lib/python3.12/site-packages/rest_framework/viewsets.py", line 125, in view
    return self.dispatch(request, *args, **kwargs)
           ^^^^^^^^^^^^^^^^^^^^^^^^^^^^^^^^^^^^^^^
  File "/home/fabianosf/Desktop/Projetos/vetsystem/backend/venv/lib/python3.12/site-packages/rest_framework/views.py", line 509, in dispatch
    response = self.handle_exception(exc)
               ^^^^^^^^^^^^^^^^^^^^^^^^^^
  File "/home/fabianosf/Desktop/Projetos/vetsystem/backend/venv/lib/python3.12/site-packages/rest_framework/views.py", line 469, in handle_exception
    self.raise_uncaught_exception(exc)
  File "/home/fabianosf/Desktop/Projetos/vetsystem/backend/venv/lib/python3.12/site-packages/rest_framework/views.py", line 480, in raise_uncaught_exception
    raise exc
  File "/home/fabianosf/Desktop/Projetos/vetsystem/backend/venv/lib/python3.12/site-packages/rest_framework/views.py", line 506, in dispatch
    response = handler(request, *args, **kwargs)
               ^^^^^^^^^^^^^^^^^^^^^^^^^^^^^^^^^
  File "/home/fabianosf/Desktop/Projetos/vetsystem/backend/venv/lib/python3.12/site-packages/rest_framework/mixins.py", line 43, in list
    return self.get_paginated_response(serializer.data)
                                       ^^^^^^^^^^^^^^^
  File "/home/fabianosf/Desktop/Projetos/vetsystem/backend/venv/lib/python3.12/site-packages/rest_framework/serializers.py", line 768, in data
    ret = super().data
          ^^^^^^^^^^^^
  File "/home/fabianosf/Desktop/Projetos/vetsystem/backend/venv/lib/python3.12/site-packages/rest_framework/serializers.py", line 253, in data
    self._data = self.to_representation(self.instance)
                 ^^^^^^^^^^^^^^^^^^^^^^^^^^^^^^^^^^^^^
  File "/home/fabianosf/Desktop/Projetos/vetsystem/backend/venv/lib/python3.12/site-packages/rest_framework/serializers.py", line 687, in to_representation
    self.child.to_representation(item) for item in iterable
    ^^^^^^^^^^^^^^^^^^^^^^^^^^^^^^^^^^
  File "/home/fabianosf/Desktop/Projetos/vetsystem/backend/venv/lib/python3.12/site-packages/rest_framework/serializers.py", line 522, in to_representation
    ret[field.field_name] = field.to_representation(attribute)
                            ^^^^^^^^^^^^^^^^^^^^^^^^^^^^^^^^^^
  File "/home/fabianosf/Desktop/Projetos/vetsystem/backend/venv/lib/python3.12/site-packages/rest_framework/fields.py", line 1838, in to_representation
    return method(value)
           ^^^^^^^^^^^^^
  File "/home/fabianosf/Desktop/Projetos/vetsystem/backend/api/serializers/__init__.py", line 149, in get_total_contratos_ativos
    return obj.contratos.filter(status='ATIVO').count()
           ^^^^^^^^^^^^^^^^^^^^^^^^^^^^^^^^^^^^
  File "/home/fabianosf/Desktop/Projetos/vetsystem/backend/venv/lib/python3.12/site-packages/django/db/models/manager.py", line 87, in manager_method
    return getattr(self.get_queryset(), name)(*args, **kwargs)
           ^^^^^^^^^^^^^^^^^^^^^^^^^^^^^^^^^^^^^^^^^^^^^^^^^^^
  File "/home/fabianosf/Desktop/Projetos/vetsystem/backend/venv/lib/python3.12/site-packages/django/db/models/query.py", line 1436, in filter
    return self._filter_or_exclude(False, args, kwargs)
           ^^^^^^^^^^^^^^^^^^^^^^^^^^^^^^^^^^^^^^^^^^^^
  File "/home/fabianosf/Desktop/Projetos/vetsystem/backend/venv/lib/python3.12/site-packages/django/db/models/query.py", line 1454, in _filter_or_exclude
    clone._filter_or_exclude_inplace(negate, args, kwargs)
  File "/home/fabianosf/Desktop/Projetos/vetsystem/backend/venv/lib/python3.12/site-packages/django/db/models/query.py", line 1461, in _filter_or_exclude_inplace
    self._query.add_q(Q(*args, **kwargs))
  File "/home/fabianosf/Desktop/Projetos/vetsystem/backend/venv/lib/python3.12/site-packages/django/db/models/sql/query.py", line 1545, in add_q
    clause, _ = self._add_q(q_object, self.used_aliases)
                ^^^^^^^^^^^^^^^^^^^^^^^^^^^^^^^^^^^^^^^^
  File "/home/fabianosf/Desktop/Projetos/vetsystem/backend/venv/lib/python3.12/site-packages/django/db/models/sql/query.py", line 1576, in _add_q
    child_clause, needed_inner = self.build_filter(
                                 ^^^^^^^^^^^^^^^^^^
  File "/home/fabianosf/Desktop/Projetos/vetsystem/backend/venv/lib/python3.12/site-packages/django/db/models/sql/query.py", line 1426, in build_filter
    lookups, parts, reffed_expression = self.solve_lookup_type(arg, summarize)
                                        ^^^^^^^^^^^^^^^^^^^^^^^^^^^^^^^^^^^^^^
  File "/home/fabianosf/Desktop/Projetos/vetsystem/backend/venv/lib/python3.12/site-packages/django/db/models/sql/query.py", line 1236, in solve_lookup_type
    _, field, _, lookup_parts = self.names_to_path(lookup_splitted, self.get_meta())
                                ^^^^^^^^^^^^^^^^^^^^^^^^^^^^^^^^^^^^^^^^^^^^^^^^^^^^
  File "/home/fabianosf/Desktop/Projetos/vetsystem/backend/venv/lib/python3.12/site-packages/django/db/models/sql/query.py", line 1724, in names_to_path
    raise FieldError(
django.core.exceptions.FieldError: Cannot resolve keyword 'status' into field. Choices are: animal, animal_id, created_at, data_fim, data_inicio, id, is_active, observacoes, plano, plano_id, updated_at, valor_mensal
ERROR 2025-12-30 17:35:55,151 basehttp "GET /api/planos/?atendimento_24h=true HTTP/1.1" 500 190345
ERROR 2025-12-30 17:35:55,533 log Internal Server Error: /api/contratos/
Traceback (most recent call last):
  File "/home/fabianosf/Desktop/Projetos/vetsystem/backend/venv/lib/python3.12/site-packages/django/core/handlers/exception.py", line 55, in inner
    response = get_response(request)
               ^^^^^^^^^^^^^^^^^^^^^
  File "/home/fabianosf/Desktop/Projetos/vetsystem/backend/venv/lib/python3.12/site-packages/django/core/handlers/base.py", line 197, in _get_response
    response = wrapped_callback(request, *callback_args, **callback_kwargs)
               ^^^^^^^^^^^^^^^^^^^^^^^^^^^^^^^^^^^^^^^^^^^^^^^^^^^^^^^^^^^^
  File "/home/fabianosf/Desktop/Projetos/vetsystem/backend/venv/lib/python3.12/site-packages/django/views/decorators/csrf.py", line 56, in wrapper_view
    return view_func(*args, **kwargs)
           ^^^^^^^^^^^^^^^^^^^^^^^^^^
  File "/home/fabianosf/Desktop/Projetos/vetsystem/backend/venv/lib/python3.12/site-packages/rest_framework/viewsets.py", line 125, in view
    return self.dispatch(request, *args, **kwargs)
           ^^^^^^^^^^^^^^^^^^^^^^^^^^^^^^^^^^^^^^^
  File "/home/fabianosf/Desktop/Projetos/vetsystem/backend/venv/lib/python3.12/site-packages/rest_framework/views.py", line 509, in dispatch
    response = self.handle_exception(exc)
               ^^^^^^^^^^^^^^^^^^^^^^^^^^
  File "/home/fabianosf/Desktop/Projetos/vetsystem/backend/venv/lib/python3.12/site-packages/rest_framework/views.py", line 469, in handle_exception
    self.raise_uncaught_exception(exc)
  File "/home/fabianosf/Desktop/Projetos/vetsystem/backend/venv/lib/python3.12/site-packages/rest_framework/views.py", line 480, in raise_uncaught_exception
    raise exc
  File "/home/fabianosf/Desktop/Projetos/vetsystem/backend/venv/lib/python3.12/site-packages/rest_framework/views.py", line 506, in dispatch
    response = handler(request, *args, **kwargs)
               ^^^^^^^^^^^^^^^^^^^^^^^^^^^^^^^^^
  File "/home/fabianosf/Desktop/Projetos/vetsystem/backend/venv/lib/python3.12/site-packages/rest_framework/mixins.py", line 38, in list
    queryset = self.filter_queryset(self.get_queryset())
               ^^^^^^^^^^^^^^^^^^^^^^^^^^^^^^^^^^^^^^^^^
  File "/home/fabianosf/Desktop/Projetos/vetsystem/backend/venv/lib/python3.12/site-packages/rest_framework/generics.py", line 150, in filter_queryset
    queryset = backend().filter_queryset(self.request, queryset, self)
               ^^^^^^^^^^^^^^^^^^^^^^^^^^^^^^^^^^^^^^^^^^^^^^^^^^^^^^^
  File "/home/fabianosf/Desktop/Projetos/vetsystem/backend/venv/lib/python3.12/site-packages/django_filters/rest_framework/backends.py", line 74, in filter_queryset
    return filterset.qs
           ^^^^^^^^^^^^
  File "/home/fabianosf/Desktop/Projetos/vetsystem/backend/venv/lib/python3.12/site-packages/django_filters/filterset.py", line 230, in qs
    qs = self.filter_queryset(qs)
         ^^^^^^^^^^^^^^^^^^^^^^^^
  File "/home/fabianosf/Desktop/Projetos/vetsystem/backend/venv/lib/python3.12/site-packages/django_filters/filterset.py", line 213, in filter_queryset
    queryset = self.filters[name].filter(queryset, value)
               ^^^^^^^^^^^^^^^^^^^^^^^^^^^^^^^^^^^^^^^^^^
  File "/home/fabianosf/Desktop/Projetos/vetsystem/backend/venv/lib/python3.12/site-packages/django_filters/filters.py", line 159, in filter
    qs = self.get_method(qs)(**{lookup: value})
         ^^^^^^^^^^^^^^^^^^^^^^^^^^^^^^^^^^^^^^
  File "/home/fabianosf/Desktop/Projetos/vetsystem/backend/venv/lib/python3.12/site-packages/django/db/models/query.py", line 1436, in filter
    return self._filter_or_exclude(False, args, kwargs)
           ^^^^^^^^^^^^^^^^^^^^^^^^^^^^^^^^^^^^^^^^^^^^
  File "/home/fabianosf/Desktop/Projetos/vetsystem/backend/venv/lib/python3.12/site-packages/django/db/models/query.py", line 1454, in _filter_or_exclude
    clone._filter_or_exclude_inplace(negate, args, kwargs)
  File "/home/fabianosf/Desktop/Projetos/vetsystem/backend/venv/lib/python3.12/site-packages/django/db/models/query.py", line 1461, in _filter_or_exclude_inplace
    self._query.add_q(Q(*args, **kwargs))
  File "/home/fabianosf/Desktop/Projetos/vetsystem/backend/venv/lib/python3.12/site-packages/django/db/models/sql/query.py", line 1545, in add_q
    clause, _ = self._add_q(q_object, self.used_aliases)
                ^^^^^^^^^^^^^^^^^^^^^^^^^^^^^^^^^^^^^^^^
  File "/home/fabianosf/Desktop/Projetos/vetsystem/backend/venv/lib/python3.12/site-packages/django/db/models/sql/query.py", line 1576, in _add_q
    child_clause, needed_inner = self.build_filter(
                                 ^^^^^^^^^^^^^^^^^^
  File "/home/fabianosf/Desktop/Projetos/vetsystem/backend/venv/lib/python3.12/site-packages/django/db/models/sql/query.py", line 1426, in build_filter
    lookups, parts, reffed_expression = self.solve_lookup_type(arg, summarize)
                                        ^^^^^^^^^^^^^^^^^^^^^^^^^^^^^^^^^^^^^^
  File "/home/fabianosf/Desktop/Projetos/vetsystem/backend/venv/lib/python3.12/site-packages/django/db/models/sql/query.py", line 1236, in solve_lookup_type
    _, field, _, lookup_parts = self.names_to_path(lookup_splitted, self.get_meta())
                                ^^^^^^^^^^^^^^^^^^^^^^^^^^^^^^^^^^^^^^^^^^^^^^^^^^^^
  File "/home/fabianosf/Desktop/Projetos/vetsystem/backend/venv/lib/python3.12/site-packages/django/db/models/sql/query.py", line 1724, in names_to_path
    raise FieldError(
django.core.exceptions.FieldError: Cannot resolve keyword 'status' into field. Choices are: animal, animal_id, created_at, data_fim, data_inicio, id, is_active, observacoes, plano, plano_id, updated_at, valor_mensal
ERROR 2025-12-30 17:35:55,538 basehttp "GET /api/contratos/?status=ATIVO HTTP/1.1" 500 168264
ERROR 2025-12-30 17:35:56,026 log Internal Server Error: /api/contratos/
Traceback (most recent call last):
  File "/home/fabianosf/Desktop/Projetos/vetsystem/backend/venv/lib/python3.12/site-packages/django/core/handlers/exception.py", line 55, in inner
    response = get_response(request)
               ^^^^^^^^^^^^^^^^^^^^^
  File "/home/fabianosf/Desktop/Projetos/vetsystem/backend/venv/lib/python3.12/site-packages/django/core/handlers/base.py", line 197, in _get_response
    response = wrapped_callback(request, *callback_args, **callback_kwargs)
               ^^^^^^^^^^^^^^^^^^^^^^^^^^^^^^^^^^^^^^^^^^^^^^^^^^^^^^^^^^^^
  File "/home/fabianosf/Desktop/Projetos/vetsystem/backend/venv/lib/python3.12/site-packages/django/views/decorators/csrf.py", line 56, in wrapper_view
    return view_func(*args, **kwargs)
           ^^^^^^^^^^^^^^^^^^^^^^^^^^
  File "/home/fabianosf/Desktop/Projetos/vetsystem/backend/venv/lib/python3.12/site-packages/rest_framework/viewsets.py", line 125, in view
    return self.dispatch(request, *args, **kwargs)
           ^^^^^^^^^^^^^^^^^^^^^^^^^^^^^^^^^^^^^^^
  File "/home/fabianosf/Desktop/Projetos/vetsystem/backend/venv/lib/python3.12/site-packages/rest_framework/views.py", line 509, in dispatch
    response = self.handle_exception(exc)
               ^^^^^^^^^^^^^^^^^^^^^^^^^^
  File "/home/fabianosf/Desktop/Projetos/vetsystem/backend/venv/lib/python3.12/site-packages/rest_framework/views.py", line 469, in handle_exception
    self.raise_uncaught_exception(exc)
  File "/home/fabianosf/Desktop/Projetos/vetsystem/backend/venv/lib/python3.12/site-packages/rest_framework/views.py", line 480, in raise_uncaught_exception
    raise exc
  File "/home/fabianosf/Desktop/Projetos/vetsystem/backend/venv/lib/python3.12/site-packages/rest_framework/views.py", line 506, in dispatch
    response = handler(request, *args, **kwargs)
               ^^^^^^^^^^^^^^^^^^^^^^^^^^^^^^^^^
  File "/home/fabianosf/Desktop/Projetos/vetsystem/backend/venv/lib/python3.12/site-packages/rest_framework/mixins.py", line 38, in list
    queryset = self.filter_queryset(self.get_queryset())
               ^^^^^^^^^^^^^^^^^^^^^^^^^^^^^^^^^^^^^^^^^
  File "/home/fabianosf/Desktop/Projetos/vetsystem/backend/venv/lib/python3.12/site-packages/rest_framework/generics.py", line 150, in filter_queryset
    queryset = backend().filter_queryset(self.request, queryset, self)
               ^^^^^^^^^^^^^^^^^^^^^^^^^^^^^^^^^^^^^^^^^^^^^^^^^^^^^^^
  File "/home/fabianosf/Desktop/Projetos/vetsystem/backend/venv/lib/python3.12/site-packages/django_filters/rest_framework/backends.py", line 74, in filter_queryset
    return filterset.qs
           ^^^^^^^^^^^^
  File "/home/fabianosf/Desktop/Projetos/vetsystem/backend/venv/lib/python3.12/site-packages/django_filters/filterset.py", line 230, in qs
    qs = self.filter_queryset(qs)
         ^^^^^^^^^^^^^^^^^^^^^^^^
  File "/home/fabianosf/Desktop/Projetos/vetsystem/backend/venv/lib/python3.12/site-packages/django_filters/filterset.py", line 213, in filter_queryset
    queryset = self.filters[name].filter(queryset, value)
               ^^^^^^^^^^^^^^^^^^^^^^^^^^^^^^^^^^^^^^^^^^
  File "/home/fabianosf/Desktop/Projetos/vetsystem/backend/venv/lib/python3.12/site-packages/django_filters/filters.py", line 820, in __call__
    return self.method(qs, self.f.field_name, value)
           ^^^^^^^^^^^^^^^^^^^^^^^^^^^^^^^^^^^^^^^^^
  File "/home/fabianosf/Desktop/Projetos/vetsystem/backend/api/filters.py", line 229, in filter_ativo
    return queryset.filter(status='ATIVO')
           ^^^^^^^^^^^^^^^^^^^^^^^^^^^^^^^
  File "/home/fabianosf/Desktop/Projetos/vetsystem/backend/venv/lib/python3.12/site-packages/django/db/models/query.py", line 1436, in filter
    return self._filter_or_exclude(False, args, kwargs)
           ^^^^^^^^^^^^^^^^^^^^^^^^^^^^^^^^^^^^^^^^^^^^
  File "/home/fabianosf/Desktop/Projetos/vetsystem/backend/venv/lib/python3.12/site-packages/django/db/models/query.py", line 1454, in _filter_or_exclude
    clone._filter_or_exclude_inplace(negate, args, kwargs)
  File "/home/fabianosf/Desktop/Projetos/vetsystem/backend/venv/lib/python3.12/site-packages/django/db/models/query.py", line 1461, in _filter_or_exclude_inplace
    self._query.add_q(Q(*args, **kwargs))
  File "/home/fabianosf/Desktop/Projetos/vetsystem/backend/venv/lib/python3.12/site-packages/django/db/models/sql/query.py", line 1545, in add_q
    clause, _ = self._add_q(q_object, self.used_aliases)
                ^^^^^^^^^^^^^^^^^^^^^^^^^^^^^^^^^^^^^^^^
  File "/home/fabianosf/Desktop/Projetos/vetsystem/backend/venv/lib/python3.12/site-packages/django/db/models/sql/query.py", line 1576, in _add_q
    child_clause, needed_inner = self.build_filter(
                                 ^^^^^^^^^^^^^^^^^^
  File "/home/fabianosf/Desktop/Projetos/vetsystem/backend/venv/lib/python3.12/site-packages/django/db/models/sql/query.py", line 1426, in build_filter
    lookups, parts, reffed_expression = self.solve_lookup_type(arg, summarize)
                                        ^^^^^^^^^^^^^^^^^^^^^^^^^^^^^^^^^^^^^^
  File "/home/fabianosf/Desktop/Projetos/vetsystem/backend/venv/lib/python3.12/site-packages/django/db/models/sql/query.py", line 1236, in solve_lookup_type
    _, field, _, lookup_parts = self.names_to_path(lookup_splitted, self.get_meta())
                                ^^^^^^^^^^^^^^^^^^^^^^^^^^^^^^^^^^^^^^^^^^^^^^^^^^^^
  File "/home/fabianosf/Desktop/Projetos/vetsystem/backend/venv/lib/python3.12/site-packages/django/db/models/sql/query.py", line 1724, in names_to_path
    raise FieldError(
django.core.exceptions.FieldError: Cannot resolve keyword 'status' into field. Choices are: animal, animal_id, created_at, data_fim, data_inicio, id, is_active, observacoes, plano, plano_id, updated_at, valor_mensal
ERROR 2025-12-30 17:35:56,030 basehttp "GET /api/contratos/?ativo=true HTTP/1.1" 500 172453
INFO 2025-12-30 17:35:56,305 basehttp "GET /api/clinicas/?atendimento_24h=true HTTP/1.1" 200 52
INFO 2025-12-30 17:35:56,336 basehttp "GET /api/clinicas/?atende_emergencia=true HTTP/1.1" 200 52
INFO 2025-12-30 17:35:56,366 basehttp "GET /api/clinicas/?tem_internacao=true HTTP/1.1" 200 52
INFO 2025-12-30 17:35:56,399 basehttp "GET /api/animais/?page=1 HTTP/1.1" 200 1915
INFO 2025-12-30 17:35:56,438 basehttp "GET /api/animais/?page_size=5 HTTP/1.1" 200 1915
INFO 2025-12-30 17:35:56,477 basehttp "GET /api/animais/?ordering=name HTTP/1.1" 200 1915
INFO 2025-12-30 17:35:56,516 basehttp "GET /api/animais/?ordering=-name HTTP/1.1" 200 1915
INFO 2025-12-30 17:35:56,553 basehttp "GET /api/animais/?ordering=-weight HTTP/1.1" 200 1915
INFO 2025-12-30 17:35:56,596 basehttp "GET /api/consultas/?ordering=data%2Chorario HTTP/1.1" 200 3739
INFO 2025-12-30 17:38:56,474 basehttp "GET /api HTTP/1.1" 301 0
INFO 2025-12-30 17:38:56,480 basehttp "GET /api/ HTTP/1.1" 200 556
INFO 2025-12-30 17:38:56,524 basehttp "GET /api/tutores/ HTTP/1.1" 200 1031
INFO 2025-12-30 17:38:56,560 basehttp "GET /api/animais/ HTTP/1.1" 200 1915
INFO 2025-12-30 17:38:56,588 basehttp "GET /api/veterinarios/ HTTP/1.1" 200 434
INFO 2025-12-30 17:38:56,633 basehttp "GET /api/consultas/ HTTP/1.1" 200 3739
INFO 2025-12-30 17:38:56,661 basehttp "GET /api/vacinas/ HTTP/1.1" 200 52
INFO 2025-12-30 17:38:56,688 basehttp "GET /api/exames/ HTTP/1.1" 200 52
ERROR 2025-12-30 17:38:56,787 log Internal Server Error: /api/planos/
Traceback (most recent call last):
  File "/home/fabianosf/Desktop/Projetos/vetsystem/backend/venv/lib/python3.12/site-packages/django/core/handlers/exception.py", line 55, in inner
    response = get_response(request)
               ^^^^^^^^^^^^^^^^^^^^^
  File "/home/fabianosf/Desktop/Projetos/vetsystem/backend/venv/lib/python3.12/site-packages/django/core/handlers/base.py", line 197, in _get_response
    response = wrapped_callback(request, *callback_args, **callback_kwargs)
               ^^^^^^^^^^^^^^^^^^^^^^^^^^^^^^^^^^^^^^^^^^^^^^^^^^^^^^^^^^^^
  File "/home/fabianosf/Desktop/Projetos/vetsystem/backend/venv/lib/python3.12/site-packages/django/views/decorators/csrf.py", line 56, in wrapper_view
    return view_func(*args, **kwargs)
           ^^^^^^^^^^^^^^^^^^^^^^^^^^
  File "/home/fabianosf/Desktop/Projetos/vetsystem/backend/venv/lib/python3.12/site-packages/rest_framework/viewsets.py", line 125, in view
    return self.dispatch(request, *args, **kwargs)
           ^^^^^^^^^^^^^^^^^^^^^^^^^^^^^^^^^^^^^^^
  File "/home/fabianosf/Desktop/Projetos/vetsystem/backend/venv/lib/python3.12/site-packages/rest_framework/views.py", line 509, in dispatch
    response = self.handle_exception(exc)
               ^^^^^^^^^^^^^^^^^^^^^^^^^^
  File "/home/fabianosf/Desktop/Projetos/vetsystem/backend/venv/lib/python3.12/site-packages/rest_framework/views.py", line 469, in handle_exception
    self.raise_uncaught_exception(exc)
  File "/home/fabianosf/Desktop/Projetos/vetsystem/backend/venv/lib/python3.12/site-packages/rest_framework/views.py", line 480, in raise_uncaught_exception
    raise exc
  File "/home/fabianosf/Desktop/Projetos/vetsystem/backend/venv/lib/python3.12/site-packages/rest_framework/views.py", line 506, in dispatch
    response = handler(request, *args, **kwargs)
               ^^^^^^^^^^^^^^^^^^^^^^^^^^^^^^^^^
  File "/home/fabianosf/Desktop/Projetos/vetsystem/backend/venv/lib/python3.12/site-packages/rest_framework/mixins.py", line 43, in list
    return self.get_paginated_response(serializer.data)
                                       ^^^^^^^^^^^^^^^
  File "/home/fabianosf/Desktop/Projetos/vetsystem/backend/venv/lib/python3.12/site-packages/rest_framework/serializers.py", line 768, in data
    ret = super().data
          ^^^^^^^^^^^^
  File "/home/fabianosf/Desktop/Projetos/vetsystem/backend/venv/lib/python3.12/site-packages/rest_framework/serializers.py", line 253, in data
    self._data = self.to_representation(self.instance)
                 ^^^^^^^^^^^^^^^^^^^^^^^^^^^^^^^^^^^^^
  File "/home/fabianosf/Desktop/Projetos/vetsystem/backend/venv/lib/python3.12/site-packages/rest_framework/serializers.py", line 687, in to_representation
    self.child.to_representation(item) for item in iterable
    ^^^^^^^^^^^^^^^^^^^^^^^^^^^^^^^^^^
  File "/home/fabianosf/Desktop/Projetos/vetsystem/backend/venv/lib/python3.12/site-packages/rest_framework/serializers.py", line 522, in to_representation
    ret[field.field_name] = field.to_representation(attribute)
                            ^^^^^^^^^^^^^^^^^^^^^^^^^^^^^^^^^^
  File "/home/fabianosf/Desktop/Projetos/vetsystem/backend/venv/lib/python3.12/site-packages/rest_framework/fields.py", line 1838, in to_representation
    return method(value)
           ^^^^^^^^^^^^^
  File "/home/fabianosf/Desktop/Projetos/vetsystem/backend/api/serializers/__init__.py", line 149, in get_total_contratos_ativos
    return obj.contratos.filter(status='ATIVO').count()
           ^^^^^^^^^^^^^^^^^^^^^^^^^^^^^^^^^^^^
  File "/home/fabianosf/Desktop/Projetos/vetsystem/backend/venv/lib/python3.12/site-packages/django/db/models/manager.py", line 87, in manager_method
    return getattr(self.get_queryset(), name)(*args, **kwargs)
           ^^^^^^^^^^^^^^^^^^^^^^^^^^^^^^^^^^^^^^^^^^^^^^^^^^^
  File "/home/fabianosf/Desktop/Projetos/vetsystem/backend/venv/lib/python3.12/site-packages/django/db/models/query.py", line 1436, in filter
    return self._filter_or_exclude(False, args, kwargs)
           ^^^^^^^^^^^^^^^^^^^^^^^^^^^^^^^^^^^^^^^^^^^^
  File "/home/fabianosf/Desktop/Projetos/vetsystem/backend/venv/lib/python3.12/site-packages/django/db/models/query.py", line 1454, in _filter_or_exclude
    clone._filter_or_exclude_inplace(negate, args, kwargs)
  File "/home/fabianosf/Desktop/Projetos/vetsystem/backend/venv/lib/python3.12/site-packages/django/db/models/query.py", line 1461, in _filter_or_exclude_inplace
    self._query.add_q(Q(*args, **kwargs))
  File "/home/fabianosf/Desktop/Projetos/vetsystem/backend/venv/lib/python3.12/site-packages/django/db/models/sql/query.py", line 1545, in add_q
    clause, _ = self._add_q(q_object, self.used_aliases)
                ^^^^^^^^^^^^^^^^^^^^^^^^^^^^^^^^^^^^^^^^
  File "/home/fabianosf/Desktop/Projetos/vetsystem/backend/venv/lib/python3.12/site-packages/django/db/models/sql/query.py", line 1576, in _add_q
    child_clause, needed_inner = self.build_filter(
                                 ^^^^^^^^^^^^^^^^^^
  File "/home/fabianosf/Desktop/Projetos/vetsystem/backend/venv/lib/python3.12/site-packages/django/db/models/sql/query.py", line 1426, in build_filter
    lookups, parts, reffed_expression = self.solve_lookup_type(arg, summarize)
                                        ^^^^^^^^^^^^^^^^^^^^^^^^^^^^^^^^^^^^^^
  File "/home/fabianosf/Desktop/Projetos/vetsystem/backend/venv/lib/python3.12/site-packages/django/db/models/sql/query.py", line 1236, in solve_lookup_type
    _, field, _, lookup_parts = self.names_to_path(lookup_splitted, self.get_meta())
                                ^^^^^^^^^^^^^^^^^^^^^^^^^^^^^^^^^^^^^^^^^^^^^^^^^^^^
  File "/home/fabianosf/Desktop/Projetos/vetsystem/backend/venv/lib/python3.12/site-packages/django/db/models/sql/query.py", line 1724, in names_to_path
    raise FieldError(
django.core.exceptions.FieldError: Cannot resolve keyword 'status' into field. Choices are: animal, animal_id, created_at, data_fim, data_inicio, id, is_active, observacoes, plano, plano_id, updated_at, valor_mensal
ERROR 2025-12-30 17:38:56,789 basehttp "GET /api/planos/ HTTP/1.1" 500 191205
ERROR 2025-12-30 17:38:56,895 log Internal Server Error: /api/contratos/
Traceback (most recent call last):
  File "/home/fabianosf/Desktop/Projetos/vetsystem/backend/venv/lib/python3.12/site-packages/django/core/handlers/exception.py", line 55, in inner
    response = get_response(request)
               ^^^^^^^^^^^^^^^^^^^^^
  File "/home/fabianosf/Desktop/Projetos/vetsystem/backend/venv/lib/python3.12/site-packages/django/core/handlers/base.py", line 197, in _get_response
    response = wrapped_callback(request, *callback_args, **callback_kwargs)
               ^^^^^^^^^^^^^^^^^^^^^^^^^^^^^^^^^^^^^^^^^^^^^^^^^^^^^^^^^^^^
  File "/home/fabianosf/Desktop/Projetos/vetsystem/backend/venv/lib/python3.12/site-packages/django/views/decorators/csrf.py", line 56, in wrapper_view
    return view_func(*args, **kwargs)
           ^^^^^^^^^^^^^^^^^^^^^^^^^^
  File "/home/fabianosf/Desktop/Projetos/vetsystem/backend/venv/lib/python3.12/site-packages/rest_framework/viewsets.py", line 125, in view
    return self.dispatch(request, *args, **kwargs)
           ^^^^^^^^^^^^^^^^^^^^^^^^^^^^^^^^^^^^^^^
  File "/home/fabianosf/Desktop/Projetos/vetsystem/backend/venv/lib/python3.12/site-packages/rest_framework/views.py", line 509, in dispatch
    response = self.handle_exception(exc)
               ^^^^^^^^^^^^^^^^^^^^^^^^^^
  File "/home/fabianosf/Desktop/Projetos/vetsystem/backend/venv/lib/python3.12/site-packages/rest_framework/views.py", line 469, in handle_exception
    self.raise_uncaught_exception(exc)
  File "/home/fabianosf/Desktop/Projetos/vetsystem/backend/venv/lib/python3.12/site-packages/rest_framework/views.py", line 480, in raise_uncaught_exception
    raise exc
  File "/home/fabianosf/Desktop/Projetos/vetsystem/backend/venv/lib/python3.12/site-packages/rest_framework/views.py", line 506, in dispatch
    response = handler(request, *args, **kwargs)
               ^^^^^^^^^^^^^^^^^^^^^^^^^^^^^^^^^
  File "/home/fabianosf/Desktop/Projetos/vetsystem/backend/venv/lib/python3.12/site-packages/rest_framework/mixins.py", line 40, in list
    page = self.paginate_queryset(queryset)
           ^^^^^^^^^^^^^^^^^^^^^^^^^^^^^^^^
  File "/home/fabianosf/Desktop/Projetos/vetsystem/backend/venv/lib/python3.12/site-packages/rest_framework/generics.py", line 171, in paginate_queryset
    return self.paginator.paginate_queryset(queryset, self.request, view=self)
           ^^^^^^^^^^^^^^^^^^^^^^^^^^^^^^^^^^^^^^^^^^^^^^^^^^^^^^^^^^^^^^^^^^^
  File "/home/fabianosf/Desktop/Projetos/vetsystem/backend/venv/lib/python3.12/site-packages/rest_framework/pagination.py", line 216, in paginate_queryset
    return list(self.page)
           ^^^^^^^^^^^^^^^
  File "/home/fabianosf/Desktop/Projetos/vetsystem/backend/venv/lib/python3.12/site-packages/django/core/paginator.py", line 174, in __len__
    return len(self.object_list)
           ^^^^^^^^^^^^^^^^^^^^^
  File "/home/fabianosf/Desktop/Projetos/vetsystem/backend/venv/lib/python3.12/site-packages/django/db/models/query.py", line 380, in __len__
    self._fetch_all()
  File "/home/fabianosf/Desktop/Projetos/vetsystem/backend/venv/lib/python3.12/site-packages/django/db/models/query.py", line 1881, in _fetch_all
    self._result_cache = list(self._iterable_class(self))
                         ^^^^^^^^^^^^^^^^^^^^^^^^^^^^^^^^
  File "/home/fabianosf/Desktop/Projetos/vetsystem/backend/venv/lib/python3.12/site-packages/django/db/models/query.py", line 91, in __iter__
    results = compiler.execute_sql(
              ^^^^^^^^^^^^^^^^^^^^^
  File "/home/fabianosf/Desktop/Projetos/vetsystem/backend/venv/lib/python3.12/site-packages/django/db/models/sql/compiler.py", line 1549, in execute_sql
    sql, params = self.as_sql()
                  ^^^^^^^^^^^^^
  File "/home/fabianosf/Desktop/Projetos/vetsystem/backend/venv/lib/python3.12/site-packages/django/db/models/sql/compiler.py", line 736, in as_sql
    extra_select, order_by, group_by = self.pre_sql_setup(
                                       ^^^^^^^^^^^^^^^^^^^
  File "/home/fabianosf/Desktop/Projetos/vetsystem/backend/venv/lib/python3.12/site-packages/django/db/models/sql/compiler.py", line 84, in pre_sql_setup
    self.setup_query(with_col_aliases=with_col_aliases)
  File "/home/fabianosf/Desktop/Projetos/vetsystem/backend/venv/lib/python3.12/site-packages/django/db/models/sql/compiler.py", line 73, in setup_query
    self.select, self.klass_info, self.annotation_col_map = self.get_select(
                                                            ^^^^^^^^^^^^^^^^
  File "/home/fabianosf/Desktop/Projetos/vetsystem/backend/venv/lib/python3.12/site-packages/django/db/models/sql/compiler.py", line 279, in get_select
    related_klass_infos = self.get_related_selections(select, select_mask)
                          ^^^^^^^^^^^^^^^^^^^^^^^^^^^^^^^^^^^^^^^^^^^^^^^^
  File "/home/fabianosf/Desktop/Projetos/vetsystem/backend/venv/lib/python3.12/site-packages/django/db/models/sql/compiler.py", line 1367, in get_related_selections
    raise FieldError(
django.core.exceptions.FieldError: Invalid field name(s) given in select_related: 'tutor'. Choices are: animal, plano
ERROR 2025-12-30 17:38:56,899 basehttp "GET /api/contratos/ HTTP/1.1" 500 170092
INFO 2025-12-30 17:38:56,935 basehttp "GET /api/clinicas/ HTTP/1.1" 200 664
INFO 2025-12-30 17:38:56,978 basehttp "GET /api/tutores/?name=Silva HTTP/1.1" 200 710
INFO 2025-12-30 17:38:57,020 basehttp "GET /api/tutores/?search=Jo%C3%A3o HTTP/1.1" 200 710
INFO 2025-12-30 17:38:57,057 basehttp "GET /api/tutores/?ordering=name HTTP/1.1" 200 1031
INFO 2025-12-30 17:38:57,098 basehttp "GET /api/tutores/?has_animals=true HTTP/1.1" 200 1031
INFO 2025-12-30 17:38:57,134 basehttp "GET /api/animais/?species=CACHORRO HTTP/1.1" 200 1183
INFO 2025-12-30 17:38:57,170 basehttp "GET /api/animais/?species=GATO HTTP/1.1" 200 783
INFO 2025-12-30 17:38:57,207 basehttp "GET /api/animais/?gender=M HTTP/1.1" 200 1183
INFO 2025-12-30 17:38:57,245 basehttp "GET /api/animais/?breed=Golden HTTP/1.1" 200 441
INFO 2025-12-30 17:38:57,287 basehttp "GET /api/animais/?age_min=3&age_max=7 HTTP/1.1" 200 1915
INFO 2025-12-30 17:38:57,322 basehttp "GET /api/animais/?weight_min=20 HTTP/1.1" 200 812
INFO 2025-12-30 17:38:57,355 basehttp "GET /api/animais/?species=CACHORRO&gender=M&weight_min=20 HTTP/1.1" 200 812
INFO 2025-12-30 17:38:57,397 basehttp "GET /api/animais/?ordering=-weight HTTP/1.1" 200 1915
INFO 2025-12-30 17:38:57,445 basehttp "GET /api/consultas/?status=AGENDADA HTTP/1.1" 200 971
INFO 2025-12-30 17:38:57,489 basehttp "GET /api/consultas/?status=CONCLUIDA HTTP/1.1" 200 2383
INFO 2025-12-30 17:38:57,523 basehttp "GET /api/consultas/?tipo=ROTINA HTTP/1.1" 200 52
INFO 2025-12-30 17:38:57,562 basehttp "GET /api/consultas/?tipo=EMERGENCIA HTTP/1.1" 200 487
INFO 2025-12-30 17:38:57,602 basehttp "GET /api/consultas/?data_after=2025-12-01 HTTP/1.1" 200 2340
INFO 2025-12-30 17:38:57,641 basehttp "GET /api/consultas/?mes=12&ano=2025 HTTP/1.1" 200 2340
INFO 2025-12-30 17:38:57,679 basehttp "GET /api/consultas/?urgente=true HTTP/1.1" 200 487
INFO 2025-12-30 17:38:57,734 basehttp "GET /api/consultas/?pendente=true HTTP/1.1" 200 1407
INFO 2025-12-30 17:38:57,763 basehttp "GET /api/vacinas/?nome_vacina=V10 HTTP/1.1" 200 52
INFO 2025-12-30 17:38:57,793 basehttp "GET /api/vacinas/?atrasada=true HTTP/1.1" 200 52
INFO 2025-12-30 17:38:57,822 basehttp "GET /api/vacinas/?proxima=true HTTP/1.1" 200 52
INFO 2025-12-30 17:38:57,851 basehttp "GET /api/vacinas/?data_aplicacao_after=2025-11-01 HTTP/1.1" 200 52
INFO 2025-12-30 17:38:57,881 basehttp "GET /api/exames/?status=SOLICITADO HTTP/1.1" 200 52
INFO 2025-12-30 17:38:57,914 basehttp "GET /api/exames/?status=CONCLUIDO HTTP/1.1" 200 52
INFO 2025-12-30 17:38:57,946 basehttp "GET /api/exames/?pendente=true HTTP/1.1" 200 52
INFO 2025-12-30 17:38:57,978 basehttp "GET /api/exames/?tipo_exame=Hemograma HTTP/1.1" 200 52
ERROR 2025-12-30 17:38:58,096 log Internal Server Error: /api/planos/
Traceback (most recent call last):
  File "/home/fabianosf/Desktop/Projetos/vetsystem/backend/venv/lib/python3.12/site-packages/django/core/handlers/exception.py", line 55, in inner
    response = get_response(request)
               ^^^^^^^^^^^^^^^^^^^^^
  File "/home/fabianosf/Desktop/Projetos/vetsystem/backend/venv/lib/python3.12/site-packages/django/core/handlers/base.py", line 197, in _get_response
    response = wrapped_callback(request, *callback_args, **callback_kwargs)
               ^^^^^^^^^^^^^^^^^^^^^^^^^^^^^^^^^^^^^^^^^^^^^^^^^^^^^^^^^^^^
  File "/home/fabianosf/Desktop/Projetos/vetsystem/backend/venv/lib/python3.12/site-packages/django/views/decorators/csrf.py", line 56, in wrapper_view
    return view_func(*args, **kwargs)
           ^^^^^^^^^^^^^^^^^^^^^^^^^^
  File "/home/fabianosf/Desktop/Projetos/vetsystem/backend/venv/lib/python3.12/site-packages/rest_framework/viewsets.py", line 125, in view
    return self.dispatch(request, *args, **kwargs)
           ^^^^^^^^^^^^^^^^^^^^^^^^^^^^^^^^^^^^^^^
  File "/home/fabianosf/Desktop/Projetos/vetsystem/backend/venv/lib/python3.12/site-packages/rest_framework/views.py", line 509, in dispatch
    response = self.handle_exception(exc)
               ^^^^^^^^^^^^^^^^^^^^^^^^^^
  File "/home/fabianosf/Desktop/Projetos/vetsystem/backend/venv/lib/python3.12/site-packages/rest_framework/views.py", line 469, in handle_exception
    self.raise_uncaught_exception(exc)
  File "/home/fabianosf/Desktop/Projetos/vetsystem/backend/venv/lib/python3.12/site-packages/rest_framework/views.py", line 480, in raise_uncaught_exception
    raise exc
  File "/home/fabianosf/Desktop/Projetos/vetsystem/backend/venv/lib/python3.12/site-packages/rest_framework/views.py", line 506, in dispatch
    response = handler(request, *args, **kwargs)
               ^^^^^^^^^^^^^^^^^^^^^^^^^^^^^^^^^
  File "/home/fabianosf/Desktop/Projetos/vetsystem/backend/venv/lib/python3.12/site-packages/rest_framework/mixins.py", line 43, in list
    return self.get_paginated_response(serializer.data)
                                       ^^^^^^^^^^^^^^^
  File "/home/fabianosf/Desktop/Projetos/vetsystem/backend/venv/lib/python3.12/site-packages/rest_framework/serializers.py", line 768, in data
    ret = super().data
          ^^^^^^^^^^^^
  File "/home/fabianosf/Desktop/Projetos/vetsystem/backend/venv/lib/python3.12/site-packages/rest_framework/serializers.py", line 253, in data
    self._data = self.to_representation(self.instance)
                 ^^^^^^^^^^^^^^^^^^^^^^^^^^^^^^^^^^^^^
  File "/home/fabianosf/Desktop/Projetos/vetsystem/backend/venv/lib/python3.12/site-packages/rest_framework/serializers.py", line 687, in to_representation
    self.child.to_representation(item) for item in iterable
    ^^^^^^^^^^^^^^^^^^^^^^^^^^^^^^^^^^
  File "/home/fabianosf/Desktop/Projetos/vetsystem/backend/venv/lib/python3.12/site-packages/rest_framework/serializers.py", line 522, in to_representation
    ret[field.field_name] = field.to_representation(attribute)
                            ^^^^^^^^^^^^^^^^^^^^^^^^^^^^^^^^^^
  File "/home/fabianosf/Desktop/Projetos/vetsystem/backend/venv/lib/python3.12/site-packages/rest_framework/fields.py", line 1838, in to_representation
    return method(value)
           ^^^^^^^^^^^^^
  File "/home/fabianosf/Desktop/Projetos/vetsystem/backend/api/serializers/__init__.py", line 149, in get_total_contratos_ativos
    return obj.contratos.filter(status='ATIVO').count()
           ^^^^^^^^^^^^^^^^^^^^^^^^^^^^^^^^^^^^
  File "/home/fabianosf/Desktop/Projetos/vetsystem/backend/venv/lib/python3.12/site-packages/django/db/models/manager.py", line 87, in manager_method
    return getattr(self.get_queryset(), name)(*args, **kwargs)
           ^^^^^^^^^^^^^^^^^^^^^^^^^^^^^^^^^^^^^^^^^^^^^^^^^^^
  File "/home/fabianosf/Desktop/Projetos/vetsystem/backend/venv/lib/python3.12/site-packages/django/db/models/query.py", line 1436, in filter
    return self._filter_or_exclude(False, args, kwargs)
           ^^^^^^^^^^^^^^^^^^^^^^^^^^^^^^^^^^^^^^^^^^^^
  File "/home/fabianosf/Desktop/Projetos/vetsystem/backend/venv/lib/python3.12/site-packages/django/db/models/query.py", line 1454, in _filter_or_exclude
    clone._filter_or_exclude_inplace(negate, args, kwargs)
  File "/home/fabianosf/Desktop/Projetos/vetsystem/backend/venv/lib/python3.12/site-packages/django/db/models/query.py", line 1461, in _filter_or_exclude_inplace
    self._query.add_q(Q(*args, **kwargs))
  File "/home/fabianosf/Desktop/Projetos/vetsystem/backend/venv/lib/python3.12/site-packages/django/db/models/sql/query.py", line 1545, in add_q
    clause, _ = self._add_q(q_object, self.used_aliases)
                ^^^^^^^^^^^^^^^^^^^^^^^^^^^^^^^^^^^^^^^^
  File "/home/fabianosf/Desktop/Projetos/vetsystem/backend/venv/lib/python3.12/site-packages/django/db/models/sql/query.py", line 1576, in _add_q
    child_clause, needed_inner = self.build_filter(
                                 ^^^^^^^^^^^^^^^^^^
  File "/home/fabianosf/Desktop/Projetos/vetsystem/backend/venv/lib/python3.12/site-packages/django/db/models/sql/query.py", line 1426, in build_filter
    lookups, parts, reffed_expression = self.solve_lookup_type(arg, summarize)
                                        ^^^^^^^^^^^^^^^^^^^^^^^^^^^^^^^^^^^^^^
  File "/home/fabianosf/Desktop/Projetos/vetsystem/backend/venv/lib/python3.12/site-packages/django/db/models/sql/query.py", line 1236, in solve_lookup_type
    _, field, _, lookup_parts = self.names_to_path(lookup_splitted, self.get_meta())
                                ^^^^^^^^^^^^^^^^^^^^^^^^^^^^^^^^^^^^^^^^^^^^^^^^^^^^
  File "/home/fabianosf/Desktop/Projetos/vetsystem/backend/venv/lib/python3.12/site-packages/django/db/models/sql/query.py", line 1724, in names_to_path
    raise FieldError(
django.core.exceptions.FieldError: Cannot resolve keyword 'status' into field. Choices are: animal, animal_id, created_at, data_fim, data_inicio, id, is_active, observacoes, plano, plano_id, updated_at, valor_mensal
ERROR 2025-12-30 17:38:58,099 basehttp "GET /api/planos/?preco_max=150 HTTP/1.1" 500 190599
ERROR 2025-12-30 17:38:58,213 log Internal Server Error: /api/planos/
Traceback (most recent call last):
  File "/home/fabianosf/Desktop/Projetos/vetsystem/backend/venv/lib/python3.12/site-packages/django/core/handlers/exception.py", line 55, in inner
    response = get_response(request)
               ^^^^^^^^^^^^^^^^^^^^^
  File "/home/fabianosf/Desktop/Projetos/vetsystem/backend/venv/lib/python3.12/site-packages/django/core/handlers/base.py", line 197, in _get_response
    response = wrapped_callback(request, *callback_args, **callback_kwargs)
               ^^^^^^^^^^^^^^^^^^^^^^^^^^^^^^^^^^^^^^^^^^^^^^^^^^^^^^^^^^^^
  File "/home/fabianosf/Desktop/Projetos/vetsystem/backend/venv/lib/python3.12/site-packages/django/views/decorators/csrf.py", line 56, in wrapper_view
    return view_func(*args, **kwargs)
           ^^^^^^^^^^^^^^^^^^^^^^^^^^
  File "/home/fabianosf/Desktop/Projetos/vetsystem/backend/venv/lib/python3.12/site-packages/rest_framework/viewsets.py", line 125, in view
    return self.dispatch(request, *args, **kwargs)
           ^^^^^^^^^^^^^^^^^^^^^^^^^^^^^^^^^^^^^^^
  File "/home/fabianosf/Desktop/Projetos/vetsystem/backend/venv/lib/python3.12/site-packages/rest_framework/views.py", line 509, in dispatch
    response = self.handle_exception(exc)
               ^^^^^^^^^^^^^^^^^^^^^^^^^^
  File "/home/fabianosf/Desktop/Projetos/vetsystem/backend/venv/lib/python3.12/site-packages/rest_framework/views.py", line 469, in handle_exception
    self.raise_uncaught_exception(exc)
  File "/home/fabianosf/Desktop/Projetos/vetsystem/backend/venv/lib/python3.12/site-packages/rest_framework/views.py", line 480, in raise_uncaught_exception
    raise exc
  File "/home/fabianosf/Desktop/Projetos/vetsystem/backend/venv/lib/python3.12/site-packages/rest_framework/views.py", line 506, in dispatch
    response = handler(request, *args, **kwargs)
               ^^^^^^^^^^^^^^^^^^^^^^^^^^^^^^^^^
  File "/home/fabianosf/Desktop/Projetos/vetsystem/backend/venv/lib/python3.12/site-packages/rest_framework/mixins.py", line 43, in list
    return self.get_paginated_response(serializer.data)
                                       ^^^^^^^^^^^^^^^
  File "/home/fabianosf/Desktop/Projetos/vetsystem/backend/venv/lib/python3.12/site-packages/rest_framework/serializers.py", line 768, in data
    ret = super().data
          ^^^^^^^^^^^^
  File "/home/fabianosf/Desktop/Projetos/vetsystem/backend/venv/lib/python3.12/site-packages/rest_framework/serializers.py", line 253, in data
    self._data = self.to_representation(self.instance)
                 ^^^^^^^^^^^^^^^^^^^^^^^^^^^^^^^^^^^^^
  File "/home/fabianosf/Desktop/Projetos/vetsystem/backend/venv/lib/python3.12/site-packages/rest_framework/serializers.py", line 687, in to_representation
    self.child.to_representation(item) for item in iterable
    ^^^^^^^^^^^^^^^^^^^^^^^^^^^^^^^^^^
  File "/home/fabianosf/Desktop/Projetos/vetsystem/backend/venv/lib/python3.12/site-packages/rest_framework/serializers.py", line 522, in to_representation
    ret[field.field_name] = field.to_representation(attribute)
                            ^^^^^^^^^^^^^^^^^^^^^^^^^^^^^^^^^^
  File "/home/fabianosf/Desktop/Projetos/vetsystem/backend/venv/lib/python3.12/site-packages/rest_framework/fields.py", line 1838, in to_representation
    return method(value)
           ^^^^^^^^^^^^^
  File "/home/fabianosf/Desktop/Projetos/vetsystem/backend/api/serializers/__init__.py", line 149, in get_total_contratos_ativos
    return obj.contratos.filter(status='ATIVO').count()
           ^^^^^^^^^^^^^^^^^^^^^^^^^^^^^^^^^^^^
  File "/home/fabianosf/Desktop/Projetos/vetsystem/backend/venv/lib/python3.12/site-packages/django/db/models/manager.py", line 87, in manager_method
    return getattr(self.get_queryset(), name)(*args, **kwargs)
           ^^^^^^^^^^^^^^^^^^^^^^^^^^^^^^^^^^^^^^^^^^^^^^^^^^^
  File "/home/fabianosf/Desktop/Projetos/vetsystem/backend/venv/lib/python3.12/site-packages/django/db/models/query.py", line 1436, in filter
    return self._filter_or_exclude(False, args, kwargs)
           ^^^^^^^^^^^^^^^^^^^^^^^^^^^^^^^^^^^^^^^^^^^^
  File "/home/fabianosf/Desktop/Projetos/vetsystem/backend/venv/lib/python3.12/site-packages/django/db/models/query.py", line 1454, in _filter_or_exclude
    clone._filter_or_exclude_inplace(negate, args, kwargs)
  File "/home/fabianosf/Desktop/Projetos/vetsystem/backend/venv/lib/python3.12/site-packages/django/db/models/query.py", line 1461, in _filter_or_exclude_inplace
    self._query.add_q(Q(*args, **kwargs))
  File "/home/fabianosf/Desktop/Projetos/vetsystem/backend/venv/lib/python3.12/site-packages/django/db/models/sql/query.py", line 1545, in add_q
    clause, _ = self._add_q(q_object, self.used_aliases)
                ^^^^^^^^^^^^^^^^^^^^^^^^^^^^^^^^^^^^^^^^
  File "/home/fabianosf/Desktop/Projetos/vetsystem/backend/venv/lib/python3.12/site-packages/django/db/models/sql/query.py", line 1576, in _add_q
    child_clause, needed_inner = self.build_filter(
                                 ^^^^^^^^^^^^^^^^^^
  File "/home/fabianosf/Desktop/Projetos/vetsystem/backend/venv/lib/python3.12/site-packages/django/db/models/sql/query.py", line 1426, in build_filter
    lookups, parts, reffed_expression = self.solve_lookup_type(arg, summarize)
                                        ^^^^^^^^^^^^^^^^^^^^^^^^^^^^^^^^^^^^^^
  File "/home/fabianosf/Desktop/Projetos/vetsystem/backend/venv/lib/python3.12/site-packages/django/db/models/sql/query.py", line 1236, in solve_lookup_type
    _, field, _, lookup_parts = self.names_to_path(lookup_splitted, self.get_meta())
                                ^^^^^^^^^^^^^^^^^^^^^^^^^^^^^^^^^^^^^^^^^^^^^^^^^^^^
  File "/home/fabianosf/Desktop/Projetos/vetsystem/backend/venv/lib/python3.12/site-packages/django/db/models/sql/query.py", line 1724, in names_to_path
    raise FieldError(
django.core.exceptions.FieldError: Cannot resolve keyword 'status' into field. Choices are: animal, animal_id, created_at, data_fim, data_inicio, id, is_active, observacoes, plano, plano_id, updated_at, valor_mensal
ERROR 2025-12-30 17:38:58,217 basehttp "GET /api/planos/?preco_min=100&preco_max=200 HTTP/1.1" 500 190296
ERROR 2025-12-30 17:38:58,320 log Internal Server Error: /api/planos/
Traceback (most recent call last):
  File "/home/fabianosf/Desktop/Projetos/vetsystem/backend/venv/lib/python3.12/site-packages/django/core/handlers/exception.py", line 55, in inner
    response = get_response(request)
               ^^^^^^^^^^^^^^^^^^^^^
  File "/home/fabianosf/Desktop/Projetos/vetsystem/backend/venv/lib/python3.12/site-packages/django/core/handlers/base.py", line 197, in _get_response
    response = wrapped_callback(request, *callback_args, **callback_kwargs)
               ^^^^^^^^^^^^^^^^^^^^^^^^^^^^^^^^^^^^^^^^^^^^^^^^^^^^^^^^^^^^
  File "/home/fabianosf/Desktop/Projetos/vetsystem/backend/venv/lib/python3.12/site-packages/django/views/decorators/csrf.py", line 56, in wrapper_view
    return view_func(*args, **kwargs)
           ^^^^^^^^^^^^^^^^^^^^^^^^^^
  File "/home/fabianosf/Desktop/Projetos/vetsystem/backend/venv/lib/python3.12/site-packages/rest_framework/viewsets.py", line 125, in view
    return self.dispatch(request, *args, **kwargs)
           ^^^^^^^^^^^^^^^^^^^^^^^^^^^^^^^^^^^^^^^
  File "/home/fabianosf/Desktop/Projetos/vetsystem/backend/venv/lib/python3.12/site-packages/rest_framework/views.py", line 509, in dispatch
    response = self.handle_exception(exc)
               ^^^^^^^^^^^^^^^^^^^^^^^^^^
  File "/home/fabianosf/Desktop/Projetos/vetsystem/backend/venv/lib/python3.12/site-packages/rest_framework/views.py", line 469, in handle_exception
    self.raise_uncaught_exception(exc)
  File "/home/fabianosf/Desktop/Projetos/vetsystem/backend/venv/lib/python3.12/site-packages/rest_framework/views.py", line 480, in raise_uncaught_exception
    raise exc
  File "/home/fabianosf/Desktop/Projetos/vetsystem/backend/venv/lib/python3.12/site-packages/rest_framework/views.py", line 506, in dispatch
    response = handler(request, *args, **kwargs)
               ^^^^^^^^^^^^^^^^^^^^^^^^^^^^^^^^^
  File "/home/fabianosf/Desktop/Projetos/vetsystem/backend/venv/lib/python3.12/site-packages/rest_framework/mixins.py", line 43, in list
    return self.get_paginated_response(serializer.data)
                                       ^^^^^^^^^^^^^^^
  File "/home/fabianosf/Desktop/Projetos/vetsystem/backend/venv/lib/python3.12/site-packages/rest_framework/serializers.py", line 768, in data
    ret = super().data
          ^^^^^^^^^^^^
  File "/home/fabianosf/Desktop/Projetos/vetsystem/backend/venv/lib/python3.12/site-packages/rest_framework/serializers.py", line 253, in data
    self._data = self.to_representation(self.instance)
                 ^^^^^^^^^^^^^^^^^^^^^^^^^^^^^^^^^^^^^
  File "/home/fabianosf/Desktop/Projetos/vetsystem/backend/venv/lib/python3.12/site-packages/rest_framework/serializers.py", line 687, in to_representation
    self.child.to_representation(item) for item in iterable
    ^^^^^^^^^^^^^^^^^^^^^^^^^^^^^^^^^^
  File "/home/fabianosf/Desktop/Projetos/vetsystem/backend/venv/lib/python3.12/site-packages/rest_framework/serializers.py", line 522, in to_representation
    ret[field.field_name] = field.to_representation(attribute)
                            ^^^^^^^^^^^^^^^^^^^^^^^^^^^^^^^^^^
  File "/home/fabianosf/Desktop/Projetos/vetsystem/backend/venv/lib/python3.12/site-packages/rest_framework/fields.py", line 1838, in to_representation
    return method(value)
           ^^^^^^^^^^^^^
  File "/home/fabianosf/Desktop/Projetos/vetsystem/backend/api/serializers/__init__.py", line 149, in get_total_contratos_ativos
    return obj.contratos.filter(status='ATIVO').count()
           ^^^^^^^^^^^^^^^^^^^^^^^^^^^^^^^^^^^^
  File "/home/fabianosf/Desktop/Projetos/vetsystem/backend/venv/lib/python3.12/site-packages/django/db/models/manager.py", line 87, in manager_method
    return getattr(self.get_queryset(), name)(*args, **kwargs)
           ^^^^^^^^^^^^^^^^^^^^^^^^^^^^^^^^^^^^^^^^^^^^^^^^^^^
  File "/home/fabianosf/Desktop/Projetos/vetsystem/backend/venv/lib/python3.12/site-packages/django/db/models/query.py", line 1436, in filter
    return self._filter_or_exclude(False, args, kwargs)
           ^^^^^^^^^^^^^^^^^^^^^^^^^^^^^^^^^^^^^^^^^^^^
  File "/home/fabianosf/Desktop/Projetos/vetsystem/backend/venv/lib/python3.12/site-packages/django/db/models/query.py", line 1454, in _filter_or_exclude
    clone._filter_or_exclude_inplace(negate, args, kwargs)
  File "/home/fabianosf/Desktop/Projetos/vetsystem/backend/venv/lib/python3.12/site-packages/django/db/models/query.py", line 1461, in _filter_or_exclude_inplace
    self._query.add_q(Q(*args, **kwargs))
  File "/home/fabianosf/Desktop/Projetos/vetsystem/backend/venv/lib/python3.12/site-packages/django/db/models/sql/query.py", line 1545, in add_q
    clause, _ = self._add_q(q_object, self.used_aliases)
                ^^^^^^^^^^^^^^^^^^^^^^^^^^^^^^^^^^^^^^^^
  File "/home/fabianosf/Desktop/Projetos/vetsystem/backend/venv/lib/python3.12/site-packages/django/db/models/sql/query.py", line 1576, in _add_q
    child_clause, needed_inner = self.build_filter(
                                 ^^^^^^^^^^^^^^^^^^
  File "/home/fabianosf/Desktop/Projetos/vetsystem/backend/venv/lib/python3.12/site-packages/django/db/models/sql/query.py", line 1426, in build_filter
    lookups, parts, reffed_expression = self.solve_lookup_type(arg, summarize)
                                        ^^^^^^^^^^^^^^^^^^^^^^^^^^^^^^^^^^^^^^
  File "/home/fabianosf/Desktop/Projetos/vetsystem/backend/venv/lib/python3.12/site-packages/django/db/models/sql/query.py", line 1236, in solve_lookup_type
    _, field, _, lookup_parts = self.names_to_path(lookup_splitted, self.get_meta())
                                ^^^^^^^^^^^^^^^^^^^^^^^^^^^^^^^^^^^^^^^^^^^^^^^^^^^^
  File "/home/fabianosf/Desktop/Projetos/vetsystem/backend/venv/lib/python3.12/site-packages/django/db/models/sql/query.py", line 1724, in names_to_path
    raise FieldError(
django.core.exceptions.FieldError: Cannot resolve keyword 'status' into field. Choices are: animal, animal_id, created_at, data_fim, data_inicio, id, is_active, observacoes, plano, plano_id, updated_at, valor_mensal
ERROR 2025-12-30 17:38:58,323 basehttp "GET /api/planos/?telemedicina=true HTTP/1.1" 500 190678
ERROR 2025-12-30 17:38:58,431 log Internal Server Error: /api/planos/
Traceback (most recent call last):
  File "/home/fabianosf/Desktop/Projetos/vetsystem/backend/venv/lib/python3.12/site-packages/django/core/handlers/exception.py", line 55, in inner
    response = get_response(request)
               ^^^^^^^^^^^^^^^^^^^^^
  File "/home/fabianosf/Desktop/Projetos/vetsystem/backend/venv/lib/python3.12/site-packages/django/core/handlers/base.py", line 197, in _get_response
    response = wrapped_callback(request, *callback_args, **callback_kwargs)
               ^^^^^^^^^^^^^^^^^^^^^^^^^^^^^^^^^^^^^^^^^^^^^^^^^^^^^^^^^^^^
  File "/home/fabianosf/Desktop/Projetos/vetsystem/backend/venv/lib/python3.12/site-packages/django/views/decorators/csrf.py", line 56, in wrapper_view
    return view_func(*args, **kwargs)
           ^^^^^^^^^^^^^^^^^^^^^^^^^^
  File "/home/fabianosf/Desktop/Projetos/vetsystem/backend/venv/lib/python3.12/site-packages/rest_framework/viewsets.py", line 125, in view
    return self.dispatch(request, *args, **kwargs)
           ^^^^^^^^^^^^^^^^^^^^^^^^^^^^^^^^^^^^^^^
  File "/home/fabianosf/Desktop/Projetos/vetsystem/backend/venv/lib/python3.12/site-packages/rest_framework/views.py", line 509, in dispatch
    response = self.handle_exception(exc)
               ^^^^^^^^^^^^^^^^^^^^^^^^^^
  File "/home/fabianosf/Desktop/Projetos/vetsystem/backend/venv/lib/python3.12/site-packages/rest_framework/views.py", line 469, in handle_exception
    self.raise_uncaught_exception(exc)
  File "/home/fabianosf/Desktop/Projetos/vetsystem/backend/venv/lib/python3.12/site-packages/rest_framework/views.py", line 480, in raise_uncaught_exception
    raise exc
  File "/home/fabianosf/Desktop/Projetos/vetsystem/backend/venv/lib/python3.12/site-packages/rest_framework/views.py", line 506, in dispatch
    response = handler(request, *args, **kwargs)
               ^^^^^^^^^^^^^^^^^^^^^^^^^^^^^^^^^
  File "/home/fabianosf/Desktop/Projetos/vetsystem/backend/venv/lib/python3.12/site-packages/rest_framework/mixins.py", line 43, in list
    return self.get_paginated_response(serializer.data)
                                       ^^^^^^^^^^^^^^^
  File "/home/fabianosf/Desktop/Projetos/vetsystem/backend/venv/lib/python3.12/site-packages/rest_framework/serializers.py", line 768, in data
    ret = super().data
          ^^^^^^^^^^^^
  File "/home/fabianosf/Desktop/Projetos/vetsystem/backend/venv/lib/python3.12/site-packages/rest_framework/serializers.py", line 253, in data
    self._data = self.to_representation(self.instance)
                 ^^^^^^^^^^^^^^^^^^^^^^^^^^^^^^^^^^^^^
  File "/home/fabianosf/Desktop/Projetos/vetsystem/backend/venv/lib/python3.12/site-packages/rest_framework/serializers.py", line 687, in to_representation
    self.child.to_representation(item) for item in iterable
    ^^^^^^^^^^^^^^^^^^^^^^^^^^^^^^^^^^
  File "/home/fabianosf/Desktop/Projetos/vetsystem/backend/venv/lib/python3.12/site-packages/rest_framework/serializers.py", line 522, in to_representation
    ret[field.field_name] = field.to_representation(attribute)
                            ^^^^^^^^^^^^^^^^^^^^^^^^^^^^^^^^^^
  File "/home/fabianosf/Desktop/Projetos/vetsystem/backend/venv/lib/python3.12/site-packages/rest_framework/fields.py", line 1838, in to_representation
    return method(value)
           ^^^^^^^^^^^^^
  File "/home/fabianosf/Desktop/Projetos/vetsystem/backend/api/serializers/__init__.py", line 149, in get_total_contratos_ativos
    return obj.contratos.filter(status='ATIVO').count()
           ^^^^^^^^^^^^^^^^^^^^^^^^^^^^^^^^^^^^
  File "/home/fabianosf/Desktop/Projetos/vetsystem/backend/venv/lib/python3.12/site-packages/django/db/models/manager.py", line 87, in manager_method
    return getattr(self.get_queryset(), name)(*args, **kwargs)
           ^^^^^^^^^^^^^^^^^^^^^^^^^^^^^^^^^^^^^^^^^^^^^^^^^^^
  File "/home/fabianosf/Desktop/Projetos/vetsystem/backend/venv/lib/python3.12/site-packages/django/db/models/query.py", line 1436, in filter
    return self._filter_or_exclude(False, args, kwargs)
           ^^^^^^^^^^^^^^^^^^^^^^^^^^^^^^^^^^^^^^^^^^^^
  File "/home/fabianosf/Desktop/Projetos/vetsystem/backend/venv/lib/python3.12/site-packages/django/db/models/query.py", line 1454, in _filter_or_exclude
    clone._filter_or_exclude_inplace(negate, args, kwargs)
  File "/home/fabianosf/Desktop/Projetos/vetsystem/backend/venv/lib/python3.12/site-packages/django/db/models/query.py", line 1461, in _filter_or_exclude_inplace
    self._query.add_q(Q(*args, **kwargs))
  File "/home/fabianosf/Desktop/Projetos/vetsystem/backend/venv/lib/python3.12/site-packages/django/db/models/sql/query.py", line 1545, in add_q
    clause, _ = self._add_q(q_object, self.used_aliases)
                ^^^^^^^^^^^^^^^^^^^^^^^^^^^^^^^^^^^^^^^^
  File "/home/fabianosf/Desktop/Projetos/vetsystem/backend/venv/lib/python3.12/site-packages/django/db/models/sql/query.py", line 1576, in _add_q
    child_clause, needed_inner = self.build_filter(
                                 ^^^^^^^^^^^^^^^^^^
  File "/home/fabianosf/Desktop/Projetos/vetsystem/backend/venv/lib/python3.12/site-packages/django/db/models/sql/query.py", line 1426, in build_filter
    lookups, parts, reffed_expression = self.solve_lookup_type(arg, summarize)
                                        ^^^^^^^^^^^^^^^^^^^^^^^^^^^^^^^^^^^^^^
  File "/home/fabianosf/Desktop/Projetos/vetsystem/backend/venv/lib/python3.12/site-packages/django/db/models/sql/query.py", line 1236, in solve_lookup_type
    _, field, _, lookup_parts = self.names_to_path(lookup_splitted, self.get_meta())
                                ^^^^^^^^^^^^^^^^^^^^^^^^^^^^^^^^^^^^^^^^^^^^^^^^^^^^
  File "/home/fabianosf/Desktop/Projetos/vetsystem/backend/venv/lib/python3.12/site-packages/django/db/models/sql/query.py", line 1724, in names_to_path
    raise FieldError(
django.core.exceptions.FieldError: Cannot resolve keyword 'status' into field. Choices are: animal, animal_id, created_at, data_fim, data_inicio, id, is_active, observacoes, plano, plano_id, updated_at, valor_mensal
ERROR 2025-12-30 17:38:58,434 basehttp "GET /api/planos/?atendimento_24h=true HTTP/1.1" 500 190345
ERROR 2025-12-30 17:38:58,503 log Internal Server Error: /api/contratos/
Traceback (most recent call last):
  File "/home/fabianosf/Desktop/Projetos/vetsystem/backend/venv/lib/python3.12/site-packages/django/core/handlers/exception.py", line 55, in inner
    response = get_response(request)
               ^^^^^^^^^^^^^^^^^^^^^
  File "/home/fabianosf/Desktop/Projetos/vetsystem/backend/venv/lib/python3.12/site-packages/django/core/handlers/base.py", line 197, in _get_response
    response = wrapped_callback(request, *callback_args, **callback_kwargs)
               ^^^^^^^^^^^^^^^^^^^^^^^^^^^^^^^^^^^^^^^^^^^^^^^^^^^^^^^^^^^^
  File "/home/fabianosf/Desktop/Projetos/vetsystem/backend/venv/lib/python3.12/site-packages/django/views/decorators/csrf.py", line 56, in wrapper_view
    return view_func(*args, **kwargs)
           ^^^^^^^^^^^^^^^^^^^^^^^^^^
  File "/home/fabianosf/Desktop/Projetos/vetsystem/backend/venv/lib/python3.12/site-packages/rest_framework/viewsets.py", line 125, in view
    return self.dispatch(request, *args, **kwargs)
           ^^^^^^^^^^^^^^^^^^^^^^^^^^^^^^^^^^^^^^^
  File "/home/fabianosf/Desktop/Projetos/vetsystem/backend/venv/lib/python3.12/site-packages/rest_framework/views.py", line 509, in dispatch
    response = self.handle_exception(exc)
               ^^^^^^^^^^^^^^^^^^^^^^^^^^
  File "/home/fabianosf/Desktop/Projetos/vetsystem/backend/venv/lib/python3.12/site-packages/rest_framework/views.py", line 469, in handle_exception
    self.raise_uncaught_exception(exc)
  File "/home/fabianosf/Desktop/Projetos/vetsystem/backend/venv/lib/python3.12/site-packages/rest_framework/views.py", line 480, in raise_uncaught_exception
    raise exc
  File "/home/fabianosf/Desktop/Projetos/vetsystem/backend/venv/lib/python3.12/site-packages/rest_framework/views.py", line 506, in dispatch
    response = handler(request, *args, **kwargs)
               ^^^^^^^^^^^^^^^^^^^^^^^^^^^^^^^^^
  File "/home/fabianosf/Desktop/Projetos/vetsystem/backend/venv/lib/python3.12/site-packages/rest_framework/mixins.py", line 38, in list
    queryset = self.filter_queryset(self.get_queryset())
               ^^^^^^^^^^^^^^^^^^^^^^^^^^^^^^^^^^^^^^^^^
  File "/home/fabianosf/Desktop/Projetos/vetsystem/backend/venv/lib/python3.12/site-packages/rest_framework/generics.py", line 150, in filter_queryset
    queryset = backend().filter_queryset(self.request, queryset, self)
               ^^^^^^^^^^^^^^^^^^^^^^^^^^^^^^^^^^^^^^^^^^^^^^^^^^^^^^^
  File "/home/fabianosf/Desktop/Projetos/vetsystem/backend/venv/lib/python3.12/site-packages/django_filters/rest_framework/backends.py", line 74, in filter_queryset
    return filterset.qs
           ^^^^^^^^^^^^
  File "/home/fabianosf/Desktop/Projetos/vetsystem/backend/venv/lib/python3.12/site-packages/django_filters/filterset.py", line 230, in qs
    qs = self.filter_queryset(qs)
         ^^^^^^^^^^^^^^^^^^^^^^^^
  File "/home/fabianosf/Desktop/Projetos/vetsystem/backend/venv/lib/python3.12/site-packages/django_filters/filterset.py", line 213, in filter_queryset
    queryset = self.filters[name].filter(queryset, value)
               ^^^^^^^^^^^^^^^^^^^^^^^^^^^^^^^^^^^^^^^^^^
  File "/home/fabianosf/Desktop/Projetos/vetsystem/backend/venv/lib/python3.12/site-packages/django_filters/filters.py", line 159, in filter
    qs = self.get_method(qs)(**{lookup: value})
         ^^^^^^^^^^^^^^^^^^^^^^^^^^^^^^^^^^^^^^
  File "/home/fabianosf/Desktop/Projetos/vetsystem/backend/venv/lib/python3.12/site-packages/django/db/models/query.py", line 1436, in filter
    return self._filter_or_exclude(False, args, kwargs)
           ^^^^^^^^^^^^^^^^^^^^^^^^^^^^^^^^^^^^^^^^^^^^
  File "/home/fabianosf/Desktop/Projetos/vetsystem/backend/venv/lib/python3.12/site-packages/django/db/models/query.py", line 1454, in _filter_or_exclude
    clone._filter_or_exclude_inplace(negate, args, kwargs)
  File "/home/fabianosf/Desktop/Projetos/vetsystem/backend/venv/lib/python3.12/site-packages/django/db/models/query.py", line 1461, in _filter_or_exclude_inplace
    self._query.add_q(Q(*args, **kwargs))
  File "/home/fabianosf/Desktop/Projetos/vetsystem/backend/venv/lib/python3.12/site-packages/django/db/models/sql/query.py", line 1545, in add_q
    clause, _ = self._add_q(q_object, self.used_aliases)
                ^^^^^^^^^^^^^^^^^^^^^^^^^^^^^^^^^^^^^^^^
  File "/home/fabianosf/Desktop/Projetos/vetsystem/backend/venv/lib/python3.12/site-packages/django/db/models/sql/query.py", line 1576, in _add_q
    child_clause, needed_inner = self.build_filter(
                                 ^^^^^^^^^^^^^^^^^^
  File "/home/fabianosf/Desktop/Projetos/vetsystem/backend/venv/lib/python3.12/site-packages/django/db/models/sql/query.py", line 1426, in build_filter
    lookups, parts, reffed_expression = self.solve_lookup_type(arg, summarize)
                                        ^^^^^^^^^^^^^^^^^^^^^^^^^^^^^^^^^^^^^^
  File "/home/fabianosf/Desktop/Projetos/vetsystem/backend/venv/lib/python3.12/site-packages/django/db/models/sql/query.py", line 1236, in solve_lookup_type
    _, field, _, lookup_parts = self.names_to_path(lookup_splitted, self.get_meta())
                                ^^^^^^^^^^^^^^^^^^^^^^^^^^^^^^^^^^^^^^^^^^^^^^^^^^^^
  File "/home/fabianosf/Desktop/Projetos/vetsystem/backend/venv/lib/python3.12/site-packages/django/db/models/sql/query.py", line 1724, in names_to_path
    raise FieldError(
django.core.exceptions.FieldError: Cannot resolve keyword 'status' into field. Choices are: animal, animal_id, created_at, data_fim, data_inicio, id, is_active, observacoes, plano, plano_id, updated_at, valor_mensal
ERROR 2025-12-30 17:38:58,505 basehttp "GET /api/contratos/?status=ATIVO HTTP/1.1" 500 168264
ERROR 2025-12-30 17:38:58,576 log Internal Server Error: /api/contratos/
Traceback (most recent call last):
  File "/home/fabianosf/Desktop/Projetos/vetsystem/backend/venv/lib/python3.12/site-packages/django/core/handlers/exception.py", line 55, in inner
    response = get_response(request)
               ^^^^^^^^^^^^^^^^^^^^^
  File "/home/fabianosf/Desktop/Projetos/vetsystem/backend/venv/lib/python3.12/site-packages/django/core/handlers/base.py", line 197, in _get_response
    response = wrapped_callback(request, *callback_args, **callback_kwargs)
               ^^^^^^^^^^^^^^^^^^^^^^^^^^^^^^^^^^^^^^^^^^^^^^^^^^^^^^^^^^^^
  File "/home/fabianosf/Desktop/Projetos/vetsystem/backend/venv/lib/python3.12/site-packages/django/views/decorators/csrf.py", line 56, in wrapper_view
    return view_func(*args, **kwargs)
           ^^^^^^^^^^^^^^^^^^^^^^^^^^
  File "/home/fabianosf/Desktop/Projetos/vetsystem/backend/venv/lib/python3.12/site-packages/rest_framework/viewsets.py", line 125, in view
    return self.dispatch(request, *args, **kwargs)
           ^^^^^^^^^^^^^^^^^^^^^^^^^^^^^^^^^^^^^^^
  File "/home/fabianosf/Desktop/Projetos/vetsystem/backend/venv/lib/python3.12/site-packages/rest_framework/views.py", line 509, in dispatch
    response = self.handle_exception(exc)
               ^^^^^^^^^^^^^^^^^^^^^^^^^^
  File "/home/fabianosf/Desktop/Projetos/vetsystem/backend/venv/lib/python3.12/site-packages/rest_framework/views.py", line 469, in handle_exception
    self.raise_uncaught_exception(exc)
  File "/home/fabianosf/Desktop/Projetos/vetsystem/backend/venv/lib/python3.12/site-packages/rest_framework/views.py", line 480, in raise_uncaught_exception
    raise exc
  File "/home/fabianosf/Desktop/Projetos/vetsystem/backend/venv/lib/python3.12/site-packages/rest_framework/views.py", line 506, in dispatch
    response = handler(request, *args, **kwargs)
               ^^^^^^^^^^^^^^^^^^^^^^^^^^^^^^^^^
  File "/home/fabianosf/Desktop/Projetos/vetsystem/backend/venv/lib/python3.12/site-packages/rest_framework/mixins.py", line 38, in list
    queryset = self.filter_queryset(self.get_queryset())
               ^^^^^^^^^^^^^^^^^^^^^^^^^^^^^^^^^^^^^^^^^
  File "/home/fabianosf/Desktop/Projetos/vetsystem/backend/venv/lib/python3.12/site-packages/rest_framework/generics.py", line 150, in filter_queryset
    queryset = backend().filter_queryset(self.request, queryset, self)
               ^^^^^^^^^^^^^^^^^^^^^^^^^^^^^^^^^^^^^^^^^^^^^^^^^^^^^^^
  File "/home/fabianosf/Desktop/Projetos/vetsystem/backend/venv/lib/python3.12/site-packages/django_filters/rest_framework/backends.py", line 74, in filter_queryset
    return filterset.qs
           ^^^^^^^^^^^^
  File "/home/fabianosf/Desktop/Projetos/vetsystem/backend/venv/lib/python3.12/site-packages/django_filters/filterset.py", line 230, in qs
    qs = self.filter_queryset(qs)
         ^^^^^^^^^^^^^^^^^^^^^^^^
  File "/home/fabianosf/Desktop/Projetos/vetsystem/backend/venv/lib/python3.12/site-packages/django_filters/filterset.py", line 213, in filter_queryset
    queryset = self.filters[name].filter(queryset, value)
               ^^^^^^^^^^^^^^^^^^^^^^^^^^^^^^^^^^^^^^^^^^
  File "/home/fabianosf/Desktop/Projetos/vetsystem/backend/venv/lib/python3.12/site-packages/django_filters/filters.py", line 820, in __call__
    return self.method(qs, self.f.field_name, value)
           ^^^^^^^^^^^^^^^^^^^^^^^^^^^^^^^^^^^^^^^^^
  File "/home/fabianosf/Desktop/Projetos/vetsystem/backend/api/filters.py", line 229, in filter_ativo
    return queryset.filter(status='ATIVO')
           ^^^^^^^^^^^^^^^^^^^^^^^^^^^^^^^
  File "/home/fabianosf/Desktop/Projetos/vetsystem/backend/venv/lib/python3.12/site-packages/django/db/models/query.py", line 1436, in filter
    return self._filter_or_exclude(False, args, kwargs)
           ^^^^^^^^^^^^^^^^^^^^^^^^^^^^^^^^^^^^^^^^^^^^
  File "/home/fabianosf/Desktop/Projetos/vetsystem/backend/venv/lib/python3.12/site-packages/django/db/models/query.py", line 1454, in _filter_or_exclude
    clone._filter_or_exclude_inplace(negate, args, kwargs)
  File "/home/fabianosf/Desktop/Projetos/vetsystem/backend/venv/lib/python3.12/site-packages/django/db/models/query.py", line 1461, in _filter_or_exclude_inplace
    self._query.add_q(Q(*args, **kwargs))
  File "/home/fabianosf/Desktop/Projetos/vetsystem/backend/venv/lib/python3.12/site-packages/django/db/models/sql/query.py", line 1545, in add_q
    clause, _ = self._add_q(q_object, self.used_aliases)
                ^^^^^^^^^^^^^^^^^^^^^^^^^^^^^^^^^^^^^^^^
  File "/home/fabianosf/Desktop/Projetos/vetsystem/backend/venv/lib/python3.12/site-packages/django/db/models/sql/query.py", line 1576, in _add_q
    child_clause, needed_inner = self.build_filter(
                                 ^^^^^^^^^^^^^^^^^^
  File "/home/fabianosf/Desktop/Projetos/vetsystem/backend/venv/lib/python3.12/site-packages/django/db/models/sql/query.py", line 1426, in build_filter
    lookups, parts, reffed_expression = self.solve_lookup_type(arg, summarize)
                                        ^^^^^^^^^^^^^^^^^^^^^^^^^^^^^^^^^^^^^^
  File "/home/fabianosf/Desktop/Projetos/vetsystem/backend/venv/lib/python3.12/site-packages/django/db/models/sql/query.py", line 1236, in solve_lookup_type
    _, field, _, lookup_parts = self.names_to_path(lookup_splitted, self.get_meta())
                                ^^^^^^^^^^^^^^^^^^^^^^^^^^^^^^^^^^^^^^^^^^^^^^^^^^^^
  File "/home/fabianosf/Desktop/Projetos/vetsystem/backend/venv/lib/python3.12/site-packages/django/db/models/sql/query.py", line 1724, in names_to_path
    raise FieldError(
django.core.exceptions.FieldError: Cannot resolve keyword 'status' into field. Choices are: animal, animal_id, created_at, data_fim, data_inicio, id, is_active, observacoes, plano, plano_id, updated_at, valor_mensal
ERROR 2025-12-30 17:38:58,578 basehttp "GET /api/contratos/?ativo=true HTTP/1.1" 500 172453
INFO 2025-12-30 17:38:58,609 basehttp "GET /api/clinicas/?atendimento_24h=true HTTP/1.1" 200 52
INFO 2025-12-30 17:38:58,639 basehttp "GET /api/clinicas/?atende_emergencia=true HTTP/1.1" 200 52
INFO 2025-12-30 17:38:58,665 basehttp "GET /api/clinicas/?tem_internacao=true HTTP/1.1" 200 52
INFO 2025-12-30 17:38:58,702 basehttp "GET /api/animais/?page=1 HTTP/1.1" 200 1915
INFO 2025-12-30 17:38:58,741 basehttp "GET /api/animais/?page_size=5 HTTP/1.1" 200 1915
INFO 2025-12-30 17:38:58,789 basehttp "GET /api/animais/?ordering=name HTTP/1.1" 200 1915
INFO 2025-12-30 17:38:58,842 basehttp "GET /api/animais/?ordering=-name HTTP/1.1" 200 1915
INFO 2025-12-30 17:38:58,887 basehttp "GET /api/animais/?ordering=-weight HTTP/1.1" 200 1915
INFO 2025-12-30 17:38:58,934 basehttp "GET /api/consultas/?ordering=data%2Chorario HTTP/1.1" 200 3739
INFO 2025-12-30 17:40:55,098 autoreload /home/fabianosf/Desktop/Projetos/vetsystem/backend/api/serializers/__init__.py changed, reloading.
INFO 2025-12-30 17:40:55,939 autoreload Watching for file changes with StatReloader
INFO 2025-12-30 17:44:32,857 basehttp "GET /api HTTP/1.1" 301 0
INFO 2025-12-30 17:44:32,883 basehttp "GET /api/ HTTP/1.1" 200 556
INFO 2025-12-30 17:44:32,934 basehttp "GET /api/tutores/ HTTP/1.1" 200 1031
INFO 2025-12-30 17:44:32,972 basehttp "GET /api/animais/ HTTP/1.1" 200 1915
INFO 2025-12-30 17:44:33,001 basehttp "GET /api/veterinarios/ HTTP/1.1" 200 434
INFO 2025-12-30 17:44:33,044 basehttp "GET /api/consultas/ HTTP/1.1" 200 3739
INFO 2025-12-30 17:44:33,075 basehttp "GET /api/vacinas/ HTTP/1.1" 200 52
INFO 2025-12-30 17:44:33,107 basehttp "GET /api/exames/ HTTP/1.1" 200 52
INFO 2025-12-30 17:44:33,158 basehttp "GET /api/planos/ HTTP/1.1" 200 3300
ERROR 2025-12-30 17:44:33,249 log Internal Server Error: /api/contratos/
Traceback (most recent call last):
  File "/home/fabianosf/Desktop/Projetos/vetsystem/backend/venv/lib/python3.12/site-packages/django/core/handlers/exception.py", line 55, in inner
    response = get_response(request)
               ^^^^^^^^^^^^^^^^^^^^^
  File "/home/fabianosf/Desktop/Projetos/vetsystem/backend/venv/lib/python3.12/site-packages/django/core/handlers/base.py", line 197, in _get_response
    response = wrapped_callback(request, *callback_args, **callback_kwargs)
               ^^^^^^^^^^^^^^^^^^^^^^^^^^^^^^^^^^^^^^^^^^^^^^^^^^^^^^^^^^^^
  File "/home/fabianosf/Desktop/Projetos/vetsystem/backend/venv/lib/python3.12/site-packages/django/views/decorators/csrf.py", line 56, in wrapper_view
    return view_func(*args, **kwargs)
           ^^^^^^^^^^^^^^^^^^^^^^^^^^
  File "/home/fabianosf/Desktop/Projetos/vetsystem/backend/venv/lib/python3.12/site-packages/rest_framework/viewsets.py", line 125, in view
    return self.dispatch(request, *args, **kwargs)
           ^^^^^^^^^^^^^^^^^^^^^^^^^^^^^^^^^^^^^^^
  File "/home/fabianosf/Desktop/Projetos/vetsystem/backend/venv/lib/python3.12/site-packages/rest_framework/views.py", line 509, in dispatch
    response = self.handle_exception(exc)
               ^^^^^^^^^^^^^^^^^^^^^^^^^^
  File "/home/fabianosf/Desktop/Projetos/vetsystem/backend/venv/lib/python3.12/site-packages/rest_framework/views.py", line 469, in handle_exception
    self.raise_uncaught_exception(exc)
  File "/home/fabianosf/Desktop/Projetos/vetsystem/backend/venv/lib/python3.12/site-packages/rest_framework/views.py", line 480, in raise_uncaught_exception
    raise exc
  File "/home/fabianosf/Desktop/Projetos/vetsystem/backend/venv/lib/python3.12/site-packages/rest_framework/views.py", line 506, in dispatch
    response = handler(request, *args, **kwargs)
               ^^^^^^^^^^^^^^^^^^^^^^^^^^^^^^^^^
  File "/home/fabianosf/Desktop/Projetos/vetsystem/backend/venv/lib/python3.12/site-packages/rest_framework/mixins.py", line 40, in list
    page = self.paginate_queryset(queryset)
           ^^^^^^^^^^^^^^^^^^^^^^^^^^^^^^^^
  File "/home/fabianosf/Desktop/Projetos/vetsystem/backend/venv/lib/python3.12/site-packages/rest_framework/generics.py", line 171, in paginate_queryset
    return self.paginator.paginate_queryset(queryset, self.request, view=self)
           ^^^^^^^^^^^^^^^^^^^^^^^^^^^^^^^^^^^^^^^^^^^^^^^^^^^^^^^^^^^^^^^^^^^
  File "/home/fabianosf/Desktop/Projetos/vetsystem/backend/venv/lib/python3.12/site-packages/rest_framework/pagination.py", line 216, in paginate_queryset
    return list(self.page)
           ^^^^^^^^^^^^^^^
  File "/home/fabianosf/Desktop/Projetos/vetsystem/backend/venv/lib/python3.12/site-packages/django/core/paginator.py", line 174, in __len__
    return len(self.object_list)
           ^^^^^^^^^^^^^^^^^^^^^
  File "/home/fabianosf/Desktop/Projetos/vetsystem/backend/venv/lib/python3.12/site-packages/django/db/models/query.py", line 380, in __len__
    self._fetch_all()
  File "/home/fabianosf/Desktop/Projetos/vetsystem/backend/venv/lib/python3.12/site-packages/django/db/models/query.py", line 1881, in _fetch_all
    self._result_cache = list(self._iterable_class(self))
                         ^^^^^^^^^^^^^^^^^^^^^^^^^^^^^^^^
  File "/home/fabianosf/Desktop/Projetos/vetsystem/backend/venv/lib/python3.12/site-packages/django/db/models/query.py", line 91, in __iter__
    results = compiler.execute_sql(
              ^^^^^^^^^^^^^^^^^^^^^
  File "/home/fabianosf/Desktop/Projetos/vetsystem/backend/venv/lib/python3.12/site-packages/django/db/models/sql/compiler.py", line 1549, in execute_sql
    sql, params = self.as_sql()
                  ^^^^^^^^^^^^^
  File "/home/fabianosf/Desktop/Projetos/vetsystem/backend/venv/lib/python3.12/site-packages/django/db/models/sql/compiler.py", line 736, in as_sql
    extra_select, order_by, group_by = self.pre_sql_setup(
                                       ^^^^^^^^^^^^^^^^^^^
  File "/home/fabianosf/Desktop/Projetos/vetsystem/backend/venv/lib/python3.12/site-packages/django/db/models/sql/compiler.py", line 84, in pre_sql_setup
    self.setup_query(with_col_aliases=with_col_aliases)
  File "/home/fabianosf/Desktop/Projetos/vetsystem/backend/venv/lib/python3.12/site-packages/django/db/models/sql/compiler.py", line 73, in setup_query
    self.select, self.klass_info, self.annotation_col_map = self.get_select(
                                                            ^^^^^^^^^^^^^^^^
  File "/home/fabianosf/Desktop/Projetos/vetsystem/backend/venv/lib/python3.12/site-packages/django/db/models/sql/compiler.py", line 279, in get_select
    related_klass_infos = self.get_related_selections(select, select_mask)
                          ^^^^^^^^^^^^^^^^^^^^^^^^^^^^^^^^^^^^^^^^^^^^^^^^
  File "/home/fabianosf/Desktop/Projetos/vetsystem/backend/venv/lib/python3.12/site-packages/django/db/models/sql/compiler.py", line 1367, in get_related_selections
    raise FieldError(
django.core.exceptions.FieldError: Invalid field name(s) given in select_related: 'tutor'. Choices are: animal, plano
ERROR 2025-12-30 17:44:33,253 basehttp "GET /api/contratos/ HTTP/1.1" 500 170092
INFO 2025-12-30 17:44:33,288 basehttp "GET /api/clinicas/ HTTP/1.1" 200 664
INFO 2025-12-30 17:44:33,328 basehttp "GET /api/tutores/?name=Silva HTTP/1.1" 200 710
INFO 2025-12-30 17:44:33,371 basehttp "GET /api/tutores/?search=Jo%C3%A3o HTTP/1.1" 200 710
INFO 2025-12-30 17:44:33,418 basehttp "GET /api/tutores/?ordering=name HTTP/1.1" 200 1031
INFO 2025-12-30 17:44:33,464 basehttp "GET /api/tutores/?has_animals=true HTTP/1.1" 200 1031
INFO 2025-12-30 17:44:33,498 basehttp "GET /api/tutores/?has_animals=false HTTP/1.1" 200 52
INFO 2025-12-30 17:44:33,542 basehttp "GET /api/animais/?species=CACHORRO HTTP/1.1" 200 1183
INFO 2025-12-30 17:44:33,580 basehttp "GET /api/animais/?species=GATO HTTP/1.1" 200 783
INFO 2025-12-30 17:44:33,627 basehttp "GET /api/animais/?gender=M HTTP/1.1" 200 1183
INFO 2025-12-30 17:44:33,697 basehttp "GET /api/animais/?gender=F HTTP/1.1" 200 783
INFO 2025-12-30 17:44:33,745 basehttp "GET /api/animais/?breed=Golden HTTP/1.1" 200 441
INFO 2025-12-30 17:44:33,785 basehttp "GET /api/animais/?age_min=3&age_max=7 HTTP/1.1" 200 1915
INFO 2025-12-30 17:44:33,830 basehttp "GET /api/animais/?weight_min=20 HTTP/1.1" 200 812
INFO 2025-12-30 17:44:33,879 basehttp "GET /api/animais/?species=CACHORRO&gender=M&weight_min=20 HTTP/1.1" 200 812
INFO 2025-12-30 17:44:33,922 basehttp "GET /api/animais/?ordering=-weight HTTP/1.1" 200 1915
INFO 2025-12-30 17:44:33,961 basehttp "GET /api/animais/?ordering=name HTTP/1.1" 200 1915
INFO 2025-12-30 17:44:34,010 basehttp "GET /api/consultas/?status=AGENDADA HTTP/1.1" 200 971
INFO 2025-12-30 17:44:34,064 basehttp "GET /api/consultas/?status=CONFIRMADA HTTP/1.1" 200 487
INFO 2025-12-30 17:44:34,112 basehttp "GET /api/consultas/?status=CONCLUIDA HTTP/1.1" 200 2383
INFO 2025-12-30 17:44:34,149 basehttp "GET /api/consultas/?tipo=ROTINA HTTP/1.1" 200 52
INFO 2025-12-30 17:44:34,190 basehttp "GET /api/consultas/?tipo=EMERGENCIA HTTP/1.1" 200 487
INFO 2025-12-30 17:44:34,236 basehttp "GET /api/consultas/?data_after=2025-12-01 HTTP/1.1" 200 2340
INFO 2025-12-30 17:44:34,283 basehttp "GET /api/consultas/?mes=12&ano=2025 HTTP/1.1" 200 2340
INFO 2025-12-30 17:44:34,327 basehttp "GET /api/consultas/?urgente=true HTTP/1.1" 200 487
INFO 2025-12-30 17:44:34,372 basehttp "GET /api/consultas/?pendente=true HTTP/1.1" 200 1407
INFO 2025-12-30 17:44:34,403 basehttp "GET /api/vacinas/ HTTP/1.1" 200 52
INFO 2025-12-30 17:44:34,435 basehttp "GET /api/vacinas/?nome_vacina=V10 HTTP/1.1" 200 52
INFO 2025-12-30 17:44:34,467 basehttp "GET /api/vacinas/?atrasada=true HTTP/1.1" 200 52
INFO 2025-12-30 17:44:34,503 basehttp "GET /api/vacinas/?proxima=true HTTP/1.1" 200 52
INFO 2025-12-30 17:44:34,538 basehttp "GET /api/vacinas/?data_aplicacao_after=2025-11-01 HTTP/1.1" 200 52
INFO 2025-12-30 17:44:34,570 basehttp "GET /api/exames/ HTTP/1.1" 200 52
INFO 2025-12-30 17:44:34,606 basehttp "GET /api/exames/?status=SOLICITADO HTTP/1.1" 200 52
INFO 2025-12-30 17:44:34,640 basehttp "GET /api/exames/?status=CONCLUIDO HTTP/1.1" 200 52
INFO 2025-12-30 17:44:34,676 basehttp "GET /api/exames/?pendente=true HTTP/1.1" 200 52
INFO 2025-12-30 17:44:34,710 basehttp "GET /api/exames/?tipo_exame=Hemograma HTTP/1.1" 200 52
INFO 2025-12-30 17:44:34,757 basehttp "GET /api/planos/ HTTP/1.1" 200 3300
INFO 2025-12-30 17:44:34,800 basehttp "GET /api/planos/?preco_max=150 HTTP/1.1" 200 1694
INFO 2025-12-30 17:44:34,838 basehttp "GET /api/planos/?preco_min=100&preco_max=200 HTTP/1.1" 200 584
INFO 2025-12-30 17:44:34,883 basehttp "GET /api/planos/?telemedicina=true HTTP/1.1" 200 1657
INFO 2025-12-30 17:44:34,920 basehttp "GET /api/planos/?atendimento_24h=true HTTP/1.1" 200 1124
ERROR 2025-12-30 17:44:35,013 log Internal Server Error: /api/contratos/
Traceback (most recent call last):
  File "/home/fabianosf/Desktop/Projetos/vetsystem/backend/venv/lib/python3.12/site-packages/django/core/handlers/exception.py", line 55, in inner
    response = get_response(request)
               ^^^^^^^^^^^^^^^^^^^^^
  File "/home/fabianosf/Desktop/Projetos/vetsystem/backend/venv/lib/python3.12/site-packages/django/core/handlers/base.py", line 197, in _get_response
    response = wrapped_callback(request, *callback_args, **callback_kwargs)
               ^^^^^^^^^^^^^^^^^^^^^^^^^^^^^^^^^^^^^^^^^^^^^^^^^^^^^^^^^^^^
  File "/home/fabianosf/Desktop/Projetos/vetsystem/backend/venv/lib/python3.12/site-packages/django/views/decorators/csrf.py", line 56, in wrapper_view
    return view_func(*args, **kwargs)
           ^^^^^^^^^^^^^^^^^^^^^^^^^^
  File "/home/fabianosf/Desktop/Projetos/vetsystem/backend/venv/lib/python3.12/site-packages/rest_framework/viewsets.py", line 125, in view
    return self.dispatch(request, *args, **kwargs)
           ^^^^^^^^^^^^^^^^^^^^^^^^^^^^^^^^^^^^^^^
  File "/home/fabianosf/Desktop/Projetos/vetsystem/backend/venv/lib/python3.12/site-packages/rest_framework/views.py", line 509, in dispatch
    response = self.handle_exception(exc)
               ^^^^^^^^^^^^^^^^^^^^^^^^^^
  File "/home/fabianosf/Desktop/Projetos/vetsystem/backend/venv/lib/python3.12/site-packages/rest_framework/views.py", line 469, in handle_exception
    self.raise_uncaught_exception(exc)
  File "/home/fabianosf/Desktop/Projetos/vetsystem/backend/venv/lib/python3.12/site-packages/rest_framework/views.py", line 480, in raise_uncaught_exception
    raise exc
  File "/home/fabianosf/Desktop/Projetos/vetsystem/backend/venv/lib/python3.12/site-packages/rest_framework/views.py", line 506, in dispatch
    response = handler(request, *args, **kwargs)
               ^^^^^^^^^^^^^^^^^^^^^^^^^^^^^^^^^
  File "/home/fabianosf/Desktop/Projetos/vetsystem/backend/venv/lib/python3.12/site-packages/rest_framework/mixins.py", line 40, in list
    page = self.paginate_queryset(queryset)
           ^^^^^^^^^^^^^^^^^^^^^^^^^^^^^^^^
  File "/home/fabianosf/Desktop/Projetos/vetsystem/backend/venv/lib/python3.12/site-packages/rest_framework/generics.py", line 171, in paginate_queryset
    return self.paginator.paginate_queryset(queryset, self.request, view=self)
           ^^^^^^^^^^^^^^^^^^^^^^^^^^^^^^^^^^^^^^^^^^^^^^^^^^^^^^^^^^^^^^^^^^^
  File "/home/fabianosf/Desktop/Projetos/vetsystem/backend/venv/lib/python3.12/site-packages/rest_framework/pagination.py", line 216, in paginate_queryset
    return list(self.page)
           ^^^^^^^^^^^^^^^
  File "/home/fabianosf/Desktop/Projetos/vetsystem/backend/venv/lib/python3.12/site-packages/django/core/paginator.py", line 174, in __len__
    return len(self.object_list)
           ^^^^^^^^^^^^^^^^^^^^^
  File "/home/fabianosf/Desktop/Projetos/vetsystem/backend/venv/lib/python3.12/site-packages/django/db/models/query.py", line 380, in __len__
    self._fetch_all()
  File "/home/fabianosf/Desktop/Projetos/vetsystem/backend/venv/lib/python3.12/site-packages/django/db/models/query.py", line 1881, in _fetch_all
    self._result_cache = list(self._iterable_class(self))
                         ^^^^^^^^^^^^^^^^^^^^^^^^^^^^^^^^
  File "/home/fabianosf/Desktop/Projetos/vetsystem/backend/venv/lib/python3.12/site-packages/django/db/models/query.py", line 91, in __iter__
    results = compiler.execute_sql(
              ^^^^^^^^^^^^^^^^^^^^^
  File "/home/fabianosf/Desktop/Projetos/vetsystem/backend/venv/lib/python3.12/site-packages/django/db/models/sql/compiler.py", line 1549, in execute_sql
    sql, params = self.as_sql()
                  ^^^^^^^^^^^^^
  File "/home/fabianosf/Desktop/Projetos/vetsystem/backend/venv/lib/python3.12/site-packages/django/db/models/sql/compiler.py", line 736, in as_sql
    extra_select, order_by, group_by = self.pre_sql_setup(
                                       ^^^^^^^^^^^^^^^^^^^
  File "/home/fabianosf/Desktop/Projetos/vetsystem/backend/venv/lib/python3.12/site-packages/django/db/models/sql/compiler.py", line 84, in pre_sql_setup
    self.setup_query(with_col_aliases=with_col_aliases)
  File "/home/fabianosf/Desktop/Projetos/vetsystem/backend/venv/lib/python3.12/site-packages/django/db/models/sql/compiler.py", line 73, in setup_query
    self.select, self.klass_info, self.annotation_col_map = self.get_select(
                                                            ^^^^^^^^^^^^^^^^
  File "/home/fabianosf/Desktop/Projetos/vetsystem/backend/venv/lib/python3.12/site-packages/django/db/models/sql/compiler.py", line 279, in get_select
    related_klass_infos = self.get_related_selections(select, select_mask)
                          ^^^^^^^^^^^^^^^^^^^^^^^^^^^^^^^^^^^^^^^^^^^^^^^^
  File "/home/fabianosf/Desktop/Projetos/vetsystem/backend/venv/lib/python3.12/site-packages/django/db/models/sql/compiler.py", line 1367, in get_related_selections
    raise FieldError(
django.core.exceptions.FieldError: Invalid field name(s) given in select_related: 'tutor'. Choices are: animal, plano
ERROR 2025-12-30 17:44:35,016 basehttp "GET /api/contratos/ HTTP/1.1" 500 170092
ERROR 2025-12-30 17:44:35,099 log Internal Server Error: /api/contratos/
Traceback (most recent call last):
  File "/home/fabianosf/Desktop/Projetos/vetsystem/backend/venv/lib/python3.12/site-packages/django/core/handlers/exception.py", line 55, in inner
    response = get_response(request)
               ^^^^^^^^^^^^^^^^^^^^^
  File "/home/fabianosf/Desktop/Projetos/vetsystem/backend/venv/lib/python3.12/site-packages/django/core/handlers/base.py", line 197, in _get_response
    response = wrapped_callback(request, *callback_args, **callback_kwargs)
               ^^^^^^^^^^^^^^^^^^^^^^^^^^^^^^^^^^^^^^^^^^^^^^^^^^^^^^^^^^^^
  File "/home/fabianosf/Desktop/Projetos/vetsystem/backend/venv/lib/python3.12/site-packages/django/views/decorators/csrf.py", line 56, in wrapper_view
    return view_func(*args, **kwargs)
           ^^^^^^^^^^^^^^^^^^^^^^^^^^
  File "/home/fabianosf/Desktop/Projetos/vetsystem/backend/venv/lib/python3.12/site-packages/rest_framework/viewsets.py", line 125, in view
    return self.dispatch(request, *args, **kwargs)
           ^^^^^^^^^^^^^^^^^^^^^^^^^^^^^^^^^^^^^^^
  File "/home/fabianosf/Desktop/Projetos/vetsystem/backend/venv/lib/python3.12/site-packages/rest_framework/views.py", line 509, in dispatch
    response = self.handle_exception(exc)
               ^^^^^^^^^^^^^^^^^^^^^^^^^^
  File "/home/fabianosf/Desktop/Projetos/vetsystem/backend/venv/lib/python3.12/site-packages/rest_framework/views.py", line 469, in handle_exception
    self.raise_uncaught_exception(exc)
  File "/home/fabianosf/Desktop/Projetos/vetsystem/backend/venv/lib/python3.12/site-packages/rest_framework/views.py", line 480, in raise_uncaught_exception
    raise exc
  File "/home/fabianosf/Desktop/Projetos/vetsystem/backend/venv/lib/python3.12/site-packages/rest_framework/views.py", line 506, in dispatch
    response = handler(request, *args, **kwargs)
               ^^^^^^^^^^^^^^^^^^^^^^^^^^^^^^^^^
  File "/home/fabianosf/Desktop/Projetos/vetsystem/backend/venv/lib/python3.12/site-packages/rest_framework/mixins.py", line 38, in list
    queryset = self.filter_queryset(self.get_queryset())
               ^^^^^^^^^^^^^^^^^^^^^^^^^^^^^^^^^^^^^^^^^
  File "/home/fabianosf/Desktop/Projetos/vetsystem/backend/venv/lib/python3.12/site-packages/rest_framework/generics.py", line 150, in filter_queryset
    queryset = backend().filter_queryset(self.request, queryset, self)
               ^^^^^^^^^^^^^^^^^^^^^^^^^^^^^^^^^^^^^^^^^^^^^^^^^^^^^^^
  File "/home/fabianosf/Desktop/Projetos/vetsystem/backend/venv/lib/python3.12/site-packages/django_filters/rest_framework/backends.py", line 74, in filter_queryset
    return filterset.qs
           ^^^^^^^^^^^^
  File "/home/fabianosf/Desktop/Projetos/vetsystem/backend/venv/lib/python3.12/site-packages/django_filters/filterset.py", line 230, in qs
    qs = self.filter_queryset(qs)
         ^^^^^^^^^^^^^^^^^^^^^^^^
  File "/home/fabianosf/Desktop/Projetos/vetsystem/backend/venv/lib/python3.12/site-packages/django_filters/filterset.py", line 213, in filter_queryset
    queryset = self.filters[name].filter(queryset, value)
               ^^^^^^^^^^^^^^^^^^^^^^^^^^^^^^^^^^^^^^^^^^
  File "/home/fabianosf/Desktop/Projetos/vetsystem/backend/venv/lib/python3.12/site-packages/django_filters/filters.py", line 820, in __call__
    return self.method(qs, self.f.field_name, value)
           ^^^^^^^^^^^^^^^^^^^^^^^^^^^^^^^^^^^^^^^^^
  File "/home/fabianosf/Desktop/Projetos/vetsystem/backend/api/filters.py", line 229, in filter_ativo
    return queryset.filter(status='ATIVO')
           ^^^^^^^^^^^^^^^^^^^^^^^^^^^^^^^
  File "/home/fabianosf/Desktop/Projetos/vetsystem/backend/venv/lib/python3.12/site-packages/django/db/models/query.py", line 1436, in filter
    return self._filter_or_exclude(False, args, kwargs)
           ^^^^^^^^^^^^^^^^^^^^^^^^^^^^^^^^^^^^^^^^^^^^
  File "/home/fabianosf/Desktop/Projetos/vetsystem/backend/venv/lib/python3.12/site-packages/django/db/models/query.py", line 1454, in _filter_or_exclude
    clone._filter_or_exclude_inplace(negate, args, kwargs)
  File "/home/fabianosf/Desktop/Projetos/vetsystem/backend/venv/lib/python3.12/site-packages/django/db/models/query.py", line 1461, in _filter_or_exclude_inplace
    self._query.add_q(Q(*args, **kwargs))
  File "/home/fabianosf/Desktop/Projetos/vetsystem/backend/venv/lib/python3.12/site-packages/django/db/models/sql/query.py", line 1545, in add_q
    clause, _ = self._add_q(q_object, self.used_aliases)
                ^^^^^^^^^^^^^^^^^^^^^^^^^^^^^^^^^^^^^^^^
  File "/home/fabianosf/Desktop/Projetos/vetsystem/backend/venv/lib/python3.12/site-packages/django/db/models/sql/query.py", line 1576, in _add_q
    child_clause, needed_inner = self.build_filter(
                                 ^^^^^^^^^^^^^^^^^^
  File "/home/fabianosf/Desktop/Projetos/vetsystem/backend/venv/lib/python3.12/site-packages/django/db/models/sql/query.py", line 1426, in build_filter
    lookups, parts, reffed_expression = self.solve_lookup_type(arg, summarize)
                                        ^^^^^^^^^^^^^^^^^^^^^^^^^^^^^^^^^^^^^^
  File "/home/fabianosf/Desktop/Projetos/vetsystem/backend/venv/lib/python3.12/site-packages/django/db/models/sql/query.py", line 1236, in solve_lookup_type
    _, field, _, lookup_parts = self.names_to_path(lookup_splitted, self.get_meta())
                                ^^^^^^^^^^^^^^^^^^^^^^^^^^^^^^^^^^^^^^^^^^^^^^^^^^^^
  File "/home/fabianosf/Desktop/Projetos/vetsystem/backend/venv/lib/python3.12/site-packages/django/db/models/sql/query.py", line 1724, in names_to_path
    raise FieldError(
django.core.exceptions.FieldError: Cannot resolve keyword 'status' into field. Choices are: animal, animal_id, created_at, data_fim, data_inicio, id, is_active, observacoes, plano, plano_id, updated_at, valor_mensal
ERROR 2025-12-30 17:44:35,110 basehttp "GET /api/contratos/?ativo=true HTTP/1.1" 500 172453
INFO 2025-12-30 17:44:35,152 basehttp "GET /api/clinicas/ HTTP/1.1" 200 664
INFO 2025-12-30 17:44:35,187 basehttp "GET /api/clinicas/?atendimento_24h=true HTTP/1.1" 200 52
INFO 2025-12-30 17:44:35,223 basehttp "GET /api/clinicas/?atende_emergencia=true HTTP/1.1" 200 52
INFO 2025-12-30 17:44:35,293 basehttp "GET /api/clinicas/?tem_internacao=true HTTP/1.1" 200 52
INFO 2025-12-30 17:44:35,327 basehttp "GET /api/animais/?page=1 HTTP/1.1" 200 1915
INFO 2025-12-30 17:44:35,372 basehttp "GET /api/animais/?page_size=5 HTTP/1.1" 200 1915
INFO 2025-12-30 17:44:35,422 basehttp "GET /api/animais/?page_size=10 HTTP/1.1" 200 1915
INFO 2025-12-30 17:44:35,462 basehttp "GET /api/animais/?ordering=name HTTP/1.1" 200 1915
INFO 2025-12-30 17:44:35,502 basehttp "GET /api/animais/?ordering=-name HTTP/1.1" 200 1915
INFO 2025-12-30 17:44:35,539 basehttp "GET /api/animais/?ordering=weight HTTP/1.1" 200 1915
INFO 2025-12-30 17:44:35,583 basehttp "GET /api/animais/?ordering=-weight HTTP/1.1" 200 1915
INFO 2025-12-30 17:44:35,648 basehttp "GET /api/consultas/?ordering=-data HTTP/1.1" 200 3739
INFO 2025-12-30 17:52:40,223 autoreload Watching for file changes with StatReloader
INFO 2025-12-30 17:53:09,289 basehttp "GET /api HTTP/1.1" 301 0
INFO 2025-12-30 17:53:09,315 basehttp "GET /api/ HTTP/1.1" 200 556
INFO 2025-12-30 17:53:09,362 basehttp "GET /api/tutores/ HTTP/1.1" 200 1031
INFO 2025-12-30 17:53:09,401 basehttp "GET /api/animais/ HTTP/1.1" 200 1915
INFO 2025-12-30 17:53:09,435 basehttp "GET /api/veterinarios/ HTTP/1.1" 200 434
INFO 2025-12-30 17:53:09,482 basehttp "GET /api/consultas/ HTTP/1.1" 200 3739
INFO 2025-12-30 17:53:09,514 basehttp "GET /api/vacinas/ HTTP/1.1" 200 52
INFO 2025-12-30 17:53:09,553 basehttp "GET /api/exames/ HTTP/1.1" 200 52
INFO 2025-12-30 17:53:09,607 basehttp "GET /api/planos/ HTTP/1.1" 200 3300
ERROR 2025-12-30 17:53:09,709 log Internal Server Error: /api/contratos/
Traceback (most recent call last):
  File "/home/fabianosf/Desktop/Projetos/vetsystem/backend/venv/lib/python3.12/site-packages/django/core/handlers/exception.py", line 55, in inner
    response = get_response(request)
               ^^^^^^^^^^^^^^^^^^^^^
  File "/home/fabianosf/Desktop/Projetos/vetsystem/backend/venv/lib/python3.12/site-packages/django/core/handlers/base.py", line 197, in _get_response
    response = wrapped_callback(request, *callback_args, **callback_kwargs)
               ^^^^^^^^^^^^^^^^^^^^^^^^^^^^^^^^^^^^^^^^^^^^^^^^^^^^^^^^^^^^
  File "/home/fabianosf/Desktop/Projetos/vetsystem/backend/venv/lib/python3.12/site-packages/django/views/decorators/csrf.py", line 56, in wrapper_view
    return view_func(*args, **kwargs)
           ^^^^^^^^^^^^^^^^^^^^^^^^^^
  File "/home/fabianosf/Desktop/Projetos/vetsystem/backend/venv/lib/python3.12/site-packages/rest_framework/viewsets.py", line 125, in view
    return self.dispatch(request, *args, **kwargs)
           ^^^^^^^^^^^^^^^^^^^^^^^^^^^^^^^^^^^^^^^
  File "/home/fabianosf/Desktop/Projetos/vetsystem/backend/venv/lib/python3.12/site-packages/rest_framework/views.py", line 509, in dispatch
    response = self.handle_exception(exc)
               ^^^^^^^^^^^^^^^^^^^^^^^^^^
  File "/home/fabianosf/Desktop/Projetos/vetsystem/backend/venv/lib/python3.12/site-packages/rest_framework/views.py", line 469, in handle_exception
    self.raise_uncaught_exception(exc)
  File "/home/fabianosf/Desktop/Projetos/vetsystem/backend/venv/lib/python3.12/site-packages/rest_framework/views.py", line 480, in raise_uncaught_exception
    raise exc
  File "/home/fabianosf/Desktop/Projetos/vetsystem/backend/venv/lib/python3.12/site-packages/rest_framework/views.py", line 506, in dispatch
    response = handler(request, *args, **kwargs)
               ^^^^^^^^^^^^^^^^^^^^^^^^^^^^^^^^^
  File "/home/fabianosf/Desktop/Projetos/vetsystem/backend/venv/lib/python3.12/site-packages/rest_framework/mixins.py", line 40, in list
    page = self.paginate_queryset(queryset)
           ^^^^^^^^^^^^^^^^^^^^^^^^^^^^^^^^
  File "/home/fabianosf/Desktop/Projetos/vetsystem/backend/venv/lib/python3.12/site-packages/rest_framework/generics.py", line 171, in paginate_queryset
    return self.paginator.paginate_queryset(queryset, self.request, view=self)
           ^^^^^^^^^^^^^^^^^^^^^^^^^^^^^^^^^^^^^^^^^^^^^^^^^^^^^^^^^^^^^^^^^^^
  File "/home/fabianosf/Desktop/Projetos/vetsystem/backend/venv/lib/python3.12/site-packages/rest_framework/pagination.py", line 216, in paginate_queryset
    return list(self.page)
           ^^^^^^^^^^^^^^^
  File "/home/fabianosf/Desktop/Projetos/vetsystem/backend/venv/lib/python3.12/site-packages/django/core/paginator.py", line 174, in __len__
    return len(self.object_list)
           ^^^^^^^^^^^^^^^^^^^^^
  File "/home/fabianosf/Desktop/Projetos/vetsystem/backend/venv/lib/python3.12/site-packages/django/db/models/query.py", line 380, in __len__
    self._fetch_all()
  File "/home/fabianosf/Desktop/Projetos/vetsystem/backend/venv/lib/python3.12/site-packages/django/db/models/query.py", line 1881, in _fetch_all
    self._result_cache = list(self._iterable_class(self))
                         ^^^^^^^^^^^^^^^^^^^^^^^^^^^^^^^^
  File "/home/fabianosf/Desktop/Projetos/vetsystem/backend/venv/lib/python3.12/site-packages/django/db/models/query.py", line 91, in __iter__
    results = compiler.execute_sql(
              ^^^^^^^^^^^^^^^^^^^^^
  File "/home/fabianosf/Desktop/Projetos/vetsystem/backend/venv/lib/python3.12/site-packages/django/db/models/sql/compiler.py", line 1549, in execute_sql
    sql, params = self.as_sql()
                  ^^^^^^^^^^^^^
  File "/home/fabianosf/Desktop/Projetos/vetsystem/backend/venv/lib/python3.12/site-packages/django/db/models/sql/compiler.py", line 736, in as_sql
    extra_select, order_by, group_by = self.pre_sql_setup(
                                       ^^^^^^^^^^^^^^^^^^^
  File "/home/fabianosf/Desktop/Projetos/vetsystem/backend/venv/lib/python3.12/site-packages/django/db/models/sql/compiler.py", line 84, in pre_sql_setup
    self.setup_query(with_col_aliases=with_col_aliases)
  File "/home/fabianosf/Desktop/Projetos/vetsystem/backend/venv/lib/python3.12/site-packages/django/db/models/sql/compiler.py", line 73, in setup_query
    self.select, self.klass_info, self.annotation_col_map = self.get_select(
                                                            ^^^^^^^^^^^^^^^^
  File "/home/fabianosf/Desktop/Projetos/vetsystem/backend/venv/lib/python3.12/site-packages/django/db/models/sql/compiler.py", line 279, in get_select
    related_klass_infos = self.get_related_selections(select, select_mask)
                          ^^^^^^^^^^^^^^^^^^^^^^^^^^^^^^^^^^^^^^^^^^^^^^^^
  File "/home/fabianosf/Desktop/Projetos/vetsystem/backend/venv/lib/python3.12/site-packages/django/db/models/sql/compiler.py", line 1367, in get_related_selections
    raise FieldError(
django.core.exceptions.FieldError: Invalid field name(s) given in select_related: 'tutor'. Choices are: animal, plano
ERROR 2025-12-30 17:53:09,713 basehttp "GET /api/contratos/ HTTP/1.1" 500 170092
INFO 2025-12-30 17:53:09,749 basehttp "GET /api/clinicas/ HTTP/1.1" 200 664
INFO 2025-12-30 17:53:09,795 basehttp "GET /api/tutores/?name=Silva HTTP/1.1" 200 710
INFO 2025-12-30 17:53:09,838 basehttp "GET /api/tutores/?search=Jo%C3%A3o HTTP/1.1" 200 710
INFO 2025-12-30 17:53:09,903 basehttp "GET /api/tutores/?ordering=name HTTP/1.1" 200 1031
INFO 2025-12-30 17:53:09,972 basehttp "GET /api/tutores/?has_animals=true HTTP/1.1" 200 1031
INFO 2025-12-30 17:53:10,026 basehttp "GET /api/tutores/?has_animals=false HTTP/1.1" 200 52
INFO 2025-12-30 17:53:10,067 basehttp "GET /api/animais/?species=CACHORRO HTTP/1.1" 200 1183
INFO 2025-12-30 17:53:10,121 basehttp "GET /api/animais/?species=GATO HTTP/1.1" 200 783
INFO 2025-12-30 17:53:10,160 basehttp "GET /api/animais/?gender=M HTTP/1.1" 200 1183
INFO 2025-12-30 17:53:10,213 basehttp "GET /api/animais/?gender=F HTTP/1.1" 200 783
INFO 2025-12-30 17:53:10,263 basehttp "GET /api/animais/?breed=Golden HTTP/1.1" 200 441
INFO 2025-12-30 17:53:10,328 basehttp "GET /api/animais/?age_min=3&age_max=7 HTTP/1.1" 200 1915
INFO 2025-12-30 17:53:10,393 basehttp "GET /api/animais/?weight_min=20 HTTP/1.1" 200 812
INFO 2025-12-30 17:53:10,463 basehttp "GET /api/animais/?species=CACHORRO&gender=M&weight_min=20 HTTP/1.1" 200 812
INFO 2025-12-30 17:53:10,521 basehttp "GET /api/animais/?ordering=-weight HTTP/1.1" 200 1915
INFO 2025-12-30 17:53:10,568 basehttp "GET /api/animais/?ordering=name HTTP/1.1" 200 1915
INFO 2025-12-30 17:53:10,631 basehttp "GET /api/consultas/?status=AGENDADA HTTP/1.1" 200 971
INFO 2025-12-30 17:53:10,668 basehttp "GET /api/consultas/?status=CONFIRMADA HTTP/1.1" 200 487
INFO 2025-12-30 17:53:10,710 basehttp "GET /api/consultas/?status=CONCLUIDA HTTP/1.1" 200 2383
INFO 2025-12-30 17:53:10,742 basehttp "GET /api/consultas/?tipo=ROTINA HTTP/1.1" 200 52
INFO 2025-12-30 17:53:10,780 basehttp "GET /api/consultas/?tipo=EMERGENCIA HTTP/1.1" 200 487
INFO 2025-12-30 17:53:10,823 basehttp "GET /api/consultas/?data_after=2025-12-01 HTTP/1.1" 200 2340
INFO 2025-12-30 17:53:10,866 basehttp "GET /api/consultas/?mes=12&ano=2025 HTTP/1.1" 200 2340
INFO 2025-12-30 17:53:10,911 basehttp "GET /api/consultas/?urgente=true HTTP/1.1" 200 487
INFO 2025-12-30 17:53:10,959 basehttp "GET /api/consultas/?pendente=true HTTP/1.1" 200 1407
INFO 2025-12-30 17:53:10,986 basehttp "GET /api/vacinas/ HTTP/1.1" 200 52
INFO 2025-12-30 17:53:11,018 basehttp "GET /api/vacinas/?nome_vacina=V10 HTTP/1.1" 200 52
INFO 2025-12-30 17:53:11,049 basehttp "GET /api/vacinas/?atrasada=true HTTP/1.1" 200 52
INFO 2025-12-30 17:53:11,081 basehttp "GET /api/vacinas/?proxima=true HTTP/1.1" 200 52
INFO 2025-12-30 17:53:11,118 basehttp "GET /api/vacinas/?data_aplicacao_after=2025-11-01 HTTP/1.1" 200 52
INFO 2025-12-30 17:53:11,150 basehttp "GET /api/exames/ HTTP/1.1" 200 52
INFO 2025-12-30 17:53:11,182 basehttp "GET /api/exames/?status=SOLICITADO HTTP/1.1" 200 52
INFO 2025-12-30 17:53:11,214 basehttp "GET /api/exames/?status=CONCLUIDO HTTP/1.1" 200 52
INFO 2025-12-30 17:53:11,248 basehttp "GET /api/exames/?pendente=true HTTP/1.1" 200 52
INFO 2025-12-30 17:53:11,280 basehttp "GET /api/exames/?tipo_exame=Hemograma HTTP/1.1" 200 52
INFO 2025-12-30 17:53:11,330 basehttp "GET /api/planos/ HTTP/1.1" 200 3300
INFO 2025-12-30 17:53:11,376 basehttp "GET /api/planos/?preco_max=150 HTTP/1.1" 200 1694
INFO 2025-12-30 17:53:11,421 basehttp "GET /api/planos/?preco_min=100&preco_max=200 HTTP/1.1" 200 584
INFO 2025-12-30 17:53:11,469 basehttp "GET /api/planos/?telemedicina=true HTTP/1.1" 200 1657
INFO 2025-12-30 17:53:11,512 basehttp "GET /api/planos/?atendimento_24h=true HTTP/1.1" 200 1124
ERROR 2025-12-30 17:53:11,620 log Internal Server Error: /api/contratos/
Traceback (most recent call last):
  File "/home/fabianosf/Desktop/Projetos/vetsystem/backend/venv/lib/python3.12/site-packages/django/core/handlers/exception.py", line 55, in inner
    response = get_response(request)
               ^^^^^^^^^^^^^^^^^^^^^
  File "/home/fabianosf/Desktop/Projetos/vetsystem/backend/venv/lib/python3.12/site-packages/django/core/handlers/base.py", line 197, in _get_response
    response = wrapped_callback(request, *callback_args, **callback_kwargs)
               ^^^^^^^^^^^^^^^^^^^^^^^^^^^^^^^^^^^^^^^^^^^^^^^^^^^^^^^^^^^^
  File "/home/fabianosf/Desktop/Projetos/vetsystem/backend/venv/lib/python3.12/site-packages/django/views/decorators/csrf.py", line 56, in wrapper_view
    return view_func(*args, **kwargs)
           ^^^^^^^^^^^^^^^^^^^^^^^^^^
  File "/home/fabianosf/Desktop/Projetos/vetsystem/backend/venv/lib/python3.12/site-packages/rest_framework/viewsets.py", line 125, in view
    return self.dispatch(request, *args, **kwargs)
           ^^^^^^^^^^^^^^^^^^^^^^^^^^^^^^^^^^^^^^^
  File "/home/fabianosf/Desktop/Projetos/vetsystem/backend/venv/lib/python3.12/site-packages/rest_framework/views.py", line 509, in dispatch
    response = self.handle_exception(exc)
               ^^^^^^^^^^^^^^^^^^^^^^^^^^
  File "/home/fabianosf/Desktop/Projetos/vetsystem/backend/venv/lib/python3.12/site-packages/rest_framework/views.py", line 469, in handle_exception
    self.raise_uncaught_exception(exc)
  File "/home/fabianosf/Desktop/Projetos/vetsystem/backend/venv/lib/python3.12/site-packages/rest_framework/views.py", line 480, in raise_uncaught_exception
    raise exc
  File "/home/fabianosf/Desktop/Projetos/vetsystem/backend/venv/lib/python3.12/site-packages/rest_framework/views.py", line 506, in dispatch
    response = handler(request, *args, **kwargs)
               ^^^^^^^^^^^^^^^^^^^^^^^^^^^^^^^^^
  File "/home/fabianosf/Desktop/Projetos/vetsystem/backend/venv/lib/python3.12/site-packages/rest_framework/mixins.py", line 40, in list
    page = self.paginate_queryset(queryset)
           ^^^^^^^^^^^^^^^^^^^^^^^^^^^^^^^^
  File "/home/fabianosf/Desktop/Projetos/vetsystem/backend/venv/lib/python3.12/site-packages/rest_framework/generics.py", line 171, in paginate_queryset
    return self.paginator.paginate_queryset(queryset, self.request, view=self)
           ^^^^^^^^^^^^^^^^^^^^^^^^^^^^^^^^^^^^^^^^^^^^^^^^^^^^^^^^^^^^^^^^^^^
  File "/home/fabianosf/Desktop/Projetos/vetsystem/backend/venv/lib/python3.12/site-packages/rest_framework/pagination.py", line 216, in paginate_queryset
    return list(self.page)
           ^^^^^^^^^^^^^^^
  File "/home/fabianosf/Desktop/Projetos/vetsystem/backend/venv/lib/python3.12/site-packages/django/core/paginator.py", line 174, in __len__
    return len(self.object_list)
           ^^^^^^^^^^^^^^^^^^^^^
  File "/home/fabianosf/Desktop/Projetos/vetsystem/backend/venv/lib/python3.12/site-packages/django/db/models/query.py", line 380, in __len__
    self._fetch_all()
  File "/home/fabianosf/Desktop/Projetos/vetsystem/backend/venv/lib/python3.12/site-packages/django/db/models/query.py", line 1881, in _fetch_all
    self._result_cache = list(self._iterable_class(self))
                         ^^^^^^^^^^^^^^^^^^^^^^^^^^^^^^^^
  File "/home/fabianosf/Desktop/Projetos/vetsystem/backend/venv/lib/python3.12/site-packages/django/db/models/query.py", line 91, in __iter__
    results = compiler.execute_sql(
              ^^^^^^^^^^^^^^^^^^^^^
  File "/home/fabianosf/Desktop/Projetos/vetsystem/backend/venv/lib/python3.12/site-packages/django/db/models/sql/compiler.py", line 1549, in execute_sql
    sql, params = self.as_sql()
                  ^^^^^^^^^^^^^
  File "/home/fabianosf/Desktop/Projetos/vetsystem/backend/venv/lib/python3.12/site-packages/django/db/models/sql/compiler.py", line 736, in as_sql
    extra_select, order_by, group_by = self.pre_sql_setup(
                                       ^^^^^^^^^^^^^^^^^^^
  File "/home/fabianosf/Desktop/Projetos/vetsystem/backend/venv/lib/python3.12/site-packages/django/db/models/sql/compiler.py", line 84, in pre_sql_setup
    self.setup_query(with_col_aliases=with_col_aliases)
  File "/home/fabianosf/Desktop/Projetos/vetsystem/backend/venv/lib/python3.12/site-packages/django/db/models/sql/compiler.py", line 73, in setup_query
    self.select, self.klass_info, self.annotation_col_map = self.get_select(
                                                            ^^^^^^^^^^^^^^^^
  File "/home/fabianosf/Desktop/Projetos/vetsystem/backend/venv/lib/python3.12/site-packages/django/db/models/sql/compiler.py", line 279, in get_select
    related_klass_infos = self.get_related_selections(select, select_mask)
                          ^^^^^^^^^^^^^^^^^^^^^^^^^^^^^^^^^^^^^^^^^^^^^^^^
  File "/home/fabianosf/Desktop/Projetos/vetsystem/backend/venv/lib/python3.12/site-packages/django/db/models/sql/compiler.py", line 1367, in get_related_selections
    raise FieldError(
django.core.exceptions.FieldError: Invalid field name(s) given in select_related: 'tutor'. Choices are: animal, plano
ERROR 2025-12-30 17:53:11,631 basehttp "GET /api/contratos/ HTTP/1.1" 500 170092
ERROR 2025-12-30 17:53:11,763 log Internal Server Error: /api/contratos/
Traceback (most recent call last):
  File "/home/fabianosf/Desktop/Projetos/vetsystem/backend/venv/lib/python3.12/site-packages/django/core/handlers/exception.py", line 55, in inner
    response = get_response(request)
               ^^^^^^^^^^^^^^^^^^^^^
  File "/home/fabianosf/Desktop/Projetos/vetsystem/backend/venv/lib/python3.12/site-packages/django/core/handlers/base.py", line 197, in _get_response
    response = wrapped_callback(request, *callback_args, **callback_kwargs)
               ^^^^^^^^^^^^^^^^^^^^^^^^^^^^^^^^^^^^^^^^^^^^^^^^^^^^^^^^^^^^
  File "/home/fabianosf/Desktop/Projetos/vetsystem/backend/venv/lib/python3.12/site-packages/django/views/decorators/csrf.py", line 56, in wrapper_view
    return view_func(*args, **kwargs)
           ^^^^^^^^^^^^^^^^^^^^^^^^^^
  File "/home/fabianosf/Desktop/Projetos/vetsystem/backend/venv/lib/python3.12/site-packages/rest_framework/viewsets.py", line 125, in view
    return self.dispatch(request, *args, **kwargs)
           ^^^^^^^^^^^^^^^^^^^^^^^^^^^^^^^^^^^^^^^
  File "/home/fabianosf/Desktop/Projetos/vetsystem/backend/venv/lib/python3.12/site-packages/rest_framework/views.py", line 509, in dispatch
    response = self.handle_exception(exc)
               ^^^^^^^^^^^^^^^^^^^^^^^^^^
  File "/home/fabianosf/Desktop/Projetos/vetsystem/backend/venv/lib/python3.12/site-packages/rest_framework/views.py", line 469, in handle_exception
    self.raise_uncaught_exception(exc)
  File "/home/fabianosf/Desktop/Projetos/vetsystem/backend/venv/lib/python3.12/site-packages/rest_framework/views.py", line 480, in raise_uncaught_exception
    raise exc
  File "/home/fabianosf/Desktop/Projetos/vetsystem/backend/venv/lib/python3.12/site-packages/rest_framework/views.py", line 506, in dispatch
    response = handler(request, *args, **kwargs)
               ^^^^^^^^^^^^^^^^^^^^^^^^^^^^^^^^^
  File "/home/fabianosf/Desktop/Projetos/vetsystem/backend/venv/lib/python3.12/site-packages/rest_framework/mixins.py", line 40, in list
    page = self.paginate_queryset(queryset)
           ^^^^^^^^^^^^^^^^^^^^^^^^^^^^^^^^
  File "/home/fabianosf/Desktop/Projetos/vetsystem/backend/venv/lib/python3.12/site-packages/rest_framework/generics.py", line 171, in paginate_queryset
    return self.paginator.paginate_queryset(queryset, self.request, view=self)
           ^^^^^^^^^^^^^^^^^^^^^^^^^^^^^^^^^^^^^^^^^^^^^^^^^^^^^^^^^^^^^^^^^^^
  File "/home/fabianosf/Desktop/Projetos/vetsystem/backend/venv/lib/python3.12/site-packages/rest_framework/pagination.py", line 216, in paginate_queryset
    return list(self.page)
           ^^^^^^^^^^^^^^^
  File "/home/fabianosf/Desktop/Projetos/vetsystem/backend/venv/lib/python3.12/site-packages/django/core/paginator.py", line 174, in __len__
    return len(self.object_list)
           ^^^^^^^^^^^^^^^^^^^^^
  File "/home/fabianosf/Desktop/Projetos/vetsystem/backend/venv/lib/python3.12/site-packages/django/db/models/query.py", line 380, in __len__
    self._fetch_all()
  File "/home/fabianosf/Desktop/Projetos/vetsystem/backend/venv/lib/python3.12/site-packages/django/db/models/query.py", line 1881, in _fetch_all
    self._result_cache = list(self._iterable_class(self))
                         ^^^^^^^^^^^^^^^^^^^^^^^^^^^^^^^^
  File "/home/fabianosf/Desktop/Projetos/vetsystem/backend/venv/lib/python3.12/site-packages/django/db/models/query.py", line 91, in __iter__
    results = compiler.execute_sql(
              ^^^^^^^^^^^^^^^^^^^^^
  File "/home/fabianosf/Desktop/Projetos/vetsystem/backend/venv/lib/python3.12/site-packages/django/db/models/sql/compiler.py", line 1549, in execute_sql
    sql, params = self.as_sql()
                  ^^^^^^^^^^^^^
  File "/home/fabianosf/Desktop/Projetos/vetsystem/backend/venv/lib/python3.12/site-packages/django/db/models/sql/compiler.py", line 736, in as_sql
    extra_select, order_by, group_by = self.pre_sql_setup(
                                       ^^^^^^^^^^^^^^^^^^^
  File "/home/fabianosf/Desktop/Projetos/vetsystem/backend/venv/lib/python3.12/site-packages/django/db/models/sql/compiler.py", line 84, in pre_sql_setup
    self.setup_query(with_col_aliases=with_col_aliases)
  File "/home/fabianosf/Desktop/Projetos/vetsystem/backend/venv/lib/python3.12/site-packages/django/db/models/sql/compiler.py", line 73, in setup_query
    self.select, self.klass_info, self.annotation_col_map = self.get_select(
                                                            ^^^^^^^^^^^^^^^^
  File "/home/fabianosf/Desktop/Projetos/vetsystem/backend/venv/lib/python3.12/site-packages/django/db/models/sql/compiler.py", line 279, in get_select
    related_klass_infos = self.get_related_selections(select, select_mask)
                          ^^^^^^^^^^^^^^^^^^^^^^^^^^^^^^^^^^^^^^^^^^^^^^^^
  File "/home/fabianosf/Desktop/Projetos/vetsystem/backend/venv/lib/python3.12/site-packages/django/db/models/sql/compiler.py", line 1367, in get_related_selections
    raise FieldError(
django.core.exceptions.FieldError: Invalid field name(s) given in select_related: 'tutor'. Choices are: animal, plano
ERROR 2025-12-30 17:53:11,768 basehttp "GET /api/contratos/?ativo=true HTTP/1.1" 500 170553
INFO 2025-12-30 17:53:11,850 basehttp "GET /api/clinicas/ HTTP/1.1" 200 664
INFO 2025-12-30 17:53:11,879 basehttp "GET /api/clinicas/?atendimento_24h=true HTTP/1.1" 200 52
INFO 2025-12-30 17:53:11,912 basehttp "GET /api/clinicas/?atende_emergencia=true HTTP/1.1" 200 52
INFO 2025-12-30 17:53:11,943 basehttp "GET /api/clinicas/?tem_internacao=true HTTP/1.1" 200 52
INFO 2025-12-30 17:53:11,980 basehttp "GET /api/animais/?page=1 HTTP/1.1" 200 1915
INFO 2025-12-30 17:53:12,015 basehttp "GET /api/animais/?page_size=5 HTTP/1.1" 200 1915
INFO 2025-12-30 17:53:12,051 basehttp "GET /api/animais/?page_size=10 HTTP/1.1" 200 1915
INFO 2025-12-30 17:53:12,089 basehttp "GET /api/animais/?ordering=name HTTP/1.1" 200 1915
INFO 2025-12-30 17:53:12,125 basehttp "GET /api/animais/?ordering=-name HTTP/1.1" 200 1915
INFO 2025-12-30 17:53:12,160 basehttp "GET /api/animais/?ordering=weight HTTP/1.1" 200 1915
INFO 2025-12-30 17:53:12,196 basehttp "GET /api/animais/?ordering=-weight HTTP/1.1" 200 1915
INFO 2025-12-30 17:53:12,239 basehttp "GET /api/consultas/?ordering=-data HTTP/1.1" 200 3739
INFO 2025-12-30 17:58:54,484 autoreload /home/fabianosf/Desktop/Projetos/vetsystem/backend/api/filters.py changed, reloading.
INFO 2025-12-30 17:58:55,648 autoreload Watching for file changes with StatReloader
INFO 2025-12-30 17:59:20,892 autoreload /home/fabianosf/Desktop/Projetos/vetsystem/backend/api/filters.py changed, reloading.
INFO 2025-12-30 17:59:21,684 autoreload Watching for file changes with StatReloader
ERROR 2025-12-30 17:59:35,836 log Internal Server Error: /api/contratos/
Traceback (most recent call last):
  File "/home/fabianosf/Desktop/Projetos/vetsystem/backend/venv/lib/python3.12/site-packages/django/core/handlers/exception.py", line 55, in inner
    response = get_response(request)
               ^^^^^^^^^^^^^^^^^^^^^
  File "/home/fabianosf/Desktop/Projetos/vetsystem/backend/venv/lib/python3.12/site-packages/django/core/handlers/base.py", line 197, in _get_response
    response = wrapped_callback(request, *callback_args, **callback_kwargs)
               ^^^^^^^^^^^^^^^^^^^^^^^^^^^^^^^^^^^^^^^^^^^^^^^^^^^^^^^^^^^^
  File "/home/fabianosf/Desktop/Projetos/vetsystem/backend/venv/lib/python3.12/site-packages/django/views/decorators/csrf.py", line 56, in wrapper_view
    return view_func(*args, **kwargs)
           ^^^^^^^^^^^^^^^^^^^^^^^^^^
  File "/home/fabianosf/Desktop/Projetos/vetsystem/backend/venv/lib/python3.12/site-packages/rest_framework/viewsets.py", line 125, in view
    return self.dispatch(request, *args, **kwargs)
           ^^^^^^^^^^^^^^^^^^^^^^^^^^^^^^^^^^^^^^^
  File "/home/fabianosf/Desktop/Projetos/vetsystem/backend/venv/lib/python3.12/site-packages/rest_framework/views.py", line 509, in dispatch
    response = self.handle_exception(exc)
               ^^^^^^^^^^^^^^^^^^^^^^^^^^
  File "/home/fabianosf/Desktop/Projetos/vetsystem/backend/venv/lib/python3.12/site-packages/rest_framework/views.py", line 469, in handle_exception
    self.raise_uncaught_exception(exc)
  File "/home/fabianosf/Desktop/Projetos/vetsystem/backend/venv/lib/python3.12/site-packages/rest_framework/views.py", line 480, in raise_uncaught_exception
    raise exc
  File "/home/fabianosf/Desktop/Projetos/vetsystem/backend/venv/lib/python3.12/site-packages/rest_framework/views.py", line 506, in dispatch
    response = handler(request, *args, **kwargs)
               ^^^^^^^^^^^^^^^^^^^^^^^^^^^^^^^^^
  File "/home/fabianosf/Desktop/Projetos/vetsystem/backend/venv/lib/python3.12/site-packages/rest_framework/mixins.py", line 40, in list
    page = self.paginate_queryset(queryset)
           ^^^^^^^^^^^^^^^^^^^^^^^^^^^^^^^^
  File "/home/fabianosf/Desktop/Projetos/vetsystem/backend/venv/lib/python3.12/site-packages/rest_framework/generics.py", line 171, in paginate_queryset
    return self.paginator.paginate_queryset(queryset, self.request, view=self)
           ^^^^^^^^^^^^^^^^^^^^^^^^^^^^^^^^^^^^^^^^^^^^^^^^^^^^^^^^^^^^^^^^^^^
  File "/home/fabianosf/Desktop/Projetos/vetsystem/backend/venv/lib/python3.12/site-packages/rest_framework/pagination.py", line 216, in paginate_queryset
    return list(self.page)
           ^^^^^^^^^^^^^^^
  File "/home/fabianosf/Desktop/Projetos/vetsystem/backend/venv/lib/python3.12/site-packages/django/core/paginator.py", line 174, in __len__
    return len(self.object_list)
           ^^^^^^^^^^^^^^^^^^^^^
  File "/home/fabianosf/Desktop/Projetos/vetsystem/backend/venv/lib/python3.12/site-packages/django/db/models/query.py", line 380, in __len__
    self._fetch_all()
  File "/home/fabianosf/Desktop/Projetos/vetsystem/backend/venv/lib/python3.12/site-packages/django/db/models/query.py", line 1881, in _fetch_all
    self._result_cache = list(self._iterable_class(self))
                         ^^^^^^^^^^^^^^^^^^^^^^^^^^^^^^^^
  File "/home/fabianosf/Desktop/Projetos/vetsystem/backend/venv/lib/python3.12/site-packages/django/db/models/query.py", line 91, in __iter__
    results = compiler.execute_sql(
              ^^^^^^^^^^^^^^^^^^^^^
  File "/home/fabianosf/Desktop/Projetos/vetsystem/backend/venv/lib/python3.12/site-packages/django/db/models/sql/compiler.py", line 1549, in execute_sql
    sql, params = self.as_sql()
                  ^^^^^^^^^^^^^
  File "/home/fabianosf/Desktop/Projetos/vetsystem/backend/venv/lib/python3.12/site-packages/django/db/models/sql/compiler.py", line 736, in as_sql
    extra_select, order_by, group_by = self.pre_sql_setup(
                                       ^^^^^^^^^^^^^^^^^^^
  File "/home/fabianosf/Desktop/Projetos/vetsystem/backend/venv/lib/python3.12/site-packages/django/db/models/sql/compiler.py", line 84, in pre_sql_setup
    self.setup_query(with_col_aliases=with_col_aliases)
  File "/home/fabianosf/Desktop/Projetos/vetsystem/backend/venv/lib/python3.12/site-packages/django/db/models/sql/compiler.py", line 73, in setup_query
    self.select, self.klass_info, self.annotation_col_map = self.get_select(
                                                            ^^^^^^^^^^^^^^^^
  File "/home/fabianosf/Desktop/Projetos/vetsystem/backend/venv/lib/python3.12/site-packages/django/db/models/sql/compiler.py", line 279, in get_select
    related_klass_infos = self.get_related_selections(select, select_mask)
                          ^^^^^^^^^^^^^^^^^^^^^^^^^^^^^^^^^^^^^^^^^^^^^^^^
  File "/home/fabianosf/Desktop/Projetos/vetsystem/backend/venv/lib/python3.12/site-packages/django/db/models/sql/compiler.py", line 1367, in get_related_selections
    raise FieldError(
django.core.exceptions.FieldError: Invalid field name(s) given in select_related: 'tutor'. Choices are: animal, plano
ERROR 2025-12-30 17:59:35,840 basehttp "GET /api/contratos/ HTTP/1.1" 500 169802
ERROR 2025-12-30 17:59:35,957 log Internal Server Error: /api/contratos/
Traceback (most recent call last):
  File "/home/fabianosf/Desktop/Projetos/vetsystem/backend/venv/lib/python3.12/site-packages/django/core/handlers/exception.py", line 55, in inner
    response = get_response(request)
               ^^^^^^^^^^^^^^^^^^^^^
  File "/home/fabianosf/Desktop/Projetos/vetsystem/backend/venv/lib/python3.12/site-packages/django/core/handlers/base.py", line 197, in _get_response
    response = wrapped_callback(request, *callback_args, **callback_kwargs)
               ^^^^^^^^^^^^^^^^^^^^^^^^^^^^^^^^^^^^^^^^^^^^^^^^^^^^^^^^^^^^
  File "/home/fabianosf/Desktop/Projetos/vetsystem/backend/venv/lib/python3.12/site-packages/django/views/decorators/csrf.py", line 56, in wrapper_view
    return view_func(*args, **kwargs)
           ^^^^^^^^^^^^^^^^^^^^^^^^^^
  File "/home/fabianosf/Desktop/Projetos/vetsystem/backend/venv/lib/python3.12/site-packages/rest_framework/viewsets.py", line 125, in view
    return self.dispatch(request, *args, **kwargs)
           ^^^^^^^^^^^^^^^^^^^^^^^^^^^^^^^^^^^^^^^
  File "/home/fabianosf/Desktop/Projetos/vetsystem/backend/venv/lib/python3.12/site-packages/rest_framework/views.py", line 509, in dispatch
    response = self.handle_exception(exc)
               ^^^^^^^^^^^^^^^^^^^^^^^^^^
  File "/home/fabianosf/Desktop/Projetos/vetsystem/backend/venv/lib/python3.12/site-packages/rest_framework/views.py", line 469, in handle_exception
    self.raise_uncaught_exception(exc)
  File "/home/fabianosf/Desktop/Projetos/vetsystem/backend/venv/lib/python3.12/site-packages/rest_framework/views.py", line 480, in raise_uncaught_exception
    raise exc
  File "/home/fabianosf/Desktop/Projetos/vetsystem/backend/venv/lib/python3.12/site-packages/rest_framework/views.py", line 506, in dispatch
    response = handler(request, *args, **kwargs)
               ^^^^^^^^^^^^^^^^^^^^^^^^^^^^^^^^^
  File "/home/fabianosf/Desktop/Projetos/vetsystem/backend/venv/lib/python3.12/site-packages/rest_framework/mixins.py", line 40, in list
    page = self.paginate_queryset(queryset)
           ^^^^^^^^^^^^^^^^^^^^^^^^^^^^^^^^
  File "/home/fabianosf/Desktop/Projetos/vetsystem/backend/venv/lib/python3.12/site-packages/rest_framework/generics.py", line 171, in paginate_queryset
    return self.paginator.paginate_queryset(queryset, self.request, view=self)
           ^^^^^^^^^^^^^^^^^^^^^^^^^^^^^^^^^^^^^^^^^^^^^^^^^^^^^^^^^^^^^^^^^^^
  File "/home/fabianosf/Desktop/Projetos/vetsystem/backend/venv/lib/python3.12/site-packages/rest_framework/pagination.py", line 216, in paginate_queryset
    return list(self.page)
           ^^^^^^^^^^^^^^^
  File "/home/fabianosf/Desktop/Projetos/vetsystem/backend/venv/lib/python3.12/site-packages/django/core/paginator.py", line 174, in __len__
    return len(self.object_list)
           ^^^^^^^^^^^^^^^^^^^^^
  File "/home/fabianosf/Desktop/Projetos/vetsystem/backend/venv/lib/python3.12/site-packages/django/db/models/query.py", line 380, in __len__
    self._fetch_all()
  File "/home/fabianosf/Desktop/Projetos/vetsystem/backend/venv/lib/python3.12/site-packages/django/db/models/query.py", line 1881, in _fetch_all
    self._result_cache = list(self._iterable_class(self))
                         ^^^^^^^^^^^^^^^^^^^^^^^^^^^^^^^^
  File "/home/fabianosf/Desktop/Projetos/vetsystem/backend/venv/lib/python3.12/site-packages/django/db/models/query.py", line 91, in __iter__
    results = compiler.execute_sql(
              ^^^^^^^^^^^^^^^^^^^^^
  File "/home/fabianosf/Desktop/Projetos/vetsystem/backend/venv/lib/python3.12/site-packages/django/db/models/sql/compiler.py", line 1549, in execute_sql
    sql, params = self.as_sql()
                  ^^^^^^^^^^^^^
  File "/home/fabianosf/Desktop/Projetos/vetsystem/backend/venv/lib/python3.12/site-packages/django/db/models/sql/compiler.py", line 736, in as_sql
    extra_select, order_by, group_by = self.pre_sql_setup(
                                       ^^^^^^^^^^^^^^^^^^^
  File "/home/fabianosf/Desktop/Projetos/vetsystem/backend/venv/lib/python3.12/site-packages/django/db/models/sql/compiler.py", line 84, in pre_sql_setup
    self.setup_query(with_col_aliases=with_col_aliases)
  File "/home/fabianosf/Desktop/Projetos/vetsystem/backend/venv/lib/python3.12/site-packages/django/db/models/sql/compiler.py", line 73, in setup_query
    self.select, self.klass_info, self.annotation_col_map = self.get_select(
                                                            ^^^^^^^^^^^^^^^^
  File "/home/fabianosf/Desktop/Projetos/vetsystem/backend/venv/lib/python3.12/site-packages/django/db/models/sql/compiler.py", line 279, in get_select
    related_klass_infos = self.get_related_selections(select, select_mask)
                          ^^^^^^^^^^^^^^^^^^^^^^^^^^^^^^^^^^^^^^^^^^^^^^^^
  File "/home/fabianosf/Desktop/Projetos/vetsystem/backend/venv/lib/python3.12/site-packages/django/db/models/sql/compiler.py", line 1367, in get_related_selections
    raise FieldError(
django.core.exceptions.FieldError: Invalid field name(s) given in select_related: 'tutor'. Choices are: animal, plano
ERROR 2025-12-30 17:59:35,960 basehttp "GET /api/contratos/?ativo=true HTTP/1.1" 500 170263
INFO 2025-12-30 17:59:35,960 basehttp - Broken pipe from ('127.0.0.1', 50642)
ERROR 2025-12-30 17:59:36,065 log Internal Server Error: /api/contratos/
Traceback (most recent call last):
  File "/home/fabianosf/Desktop/Projetos/vetsystem/backend/venv/lib/python3.12/site-packages/django/core/handlers/exception.py", line 55, in inner
    response = get_response(request)
               ^^^^^^^^^^^^^^^^^^^^^
  File "/home/fabianosf/Desktop/Projetos/vetsystem/backend/venv/lib/python3.12/site-packages/django/core/handlers/base.py", line 197, in _get_response
    response = wrapped_callback(request, *callback_args, **callback_kwargs)
               ^^^^^^^^^^^^^^^^^^^^^^^^^^^^^^^^^^^^^^^^^^^^^^^^^^^^^^^^^^^^
  File "/home/fabianosf/Desktop/Projetos/vetsystem/backend/venv/lib/python3.12/site-packages/django/views/decorators/csrf.py", line 56, in wrapper_view
    return view_func(*args, **kwargs)
           ^^^^^^^^^^^^^^^^^^^^^^^^^^
  File "/home/fabianosf/Desktop/Projetos/vetsystem/backend/venv/lib/python3.12/site-packages/rest_framework/viewsets.py", line 125, in view
    return self.dispatch(request, *args, **kwargs)
           ^^^^^^^^^^^^^^^^^^^^^^^^^^^^^^^^^^^^^^^
  File "/home/fabianosf/Desktop/Projetos/vetsystem/backend/venv/lib/python3.12/site-packages/rest_framework/views.py", line 509, in dispatch
    response = self.handle_exception(exc)
               ^^^^^^^^^^^^^^^^^^^^^^^^^^
  File "/home/fabianosf/Desktop/Projetos/vetsystem/backend/venv/lib/python3.12/site-packages/rest_framework/views.py", line 469, in handle_exception
    self.raise_uncaught_exception(exc)
  File "/home/fabianosf/Desktop/Projetos/vetsystem/backend/venv/lib/python3.12/site-packages/rest_framework/views.py", line 480, in raise_uncaught_exception
    raise exc
  File "/home/fabianosf/Desktop/Projetos/vetsystem/backend/venv/lib/python3.12/site-packages/rest_framework/views.py", line 506, in dispatch
    response = handler(request, *args, **kwargs)
               ^^^^^^^^^^^^^^^^^^^^^^^^^^^^^^^^^
  File "/home/fabianosf/Desktop/Projetos/vetsystem/backend/venv/lib/python3.12/site-packages/rest_framework/mixins.py", line 40, in list
    page = self.paginate_queryset(queryset)
           ^^^^^^^^^^^^^^^^^^^^^^^^^^^^^^^^
  File "/home/fabianosf/Desktop/Projetos/vetsystem/backend/venv/lib/python3.12/site-packages/rest_framework/generics.py", line 171, in paginate_queryset
    return self.paginator.paginate_queryset(queryset, self.request, view=self)
           ^^^^^^^^^^^^^^^^^^^^^^^^^^^^^^^^^^^^^^^^^^^^^^^^^^^^^^^^^^^^^^^^^^^
  File "/home/fabianosf/Desktop/Projetos/vetsystem/backend/venv/lib/python3.12/site-packages/rest_framework/pagination.py", line 216, in paginate_queryset
    return list(self.page)
           ^^^^^^^^^^^^^^^
  File "/home/fabianosf/Desktop/Projetos/vetsystem/backend/venv/lib/python3.12/site-packages/django/core/paginator.py", line 174, in __len__
    return len(self.object_list)
           ^^^^^^^^^^^^^^^^^^^^^
  File "/home/fabianosf/Desktop/Projetos/vetsystem/backend/venv/lib/python3.12/site-packages/django/db/models/query.py", line 380, in __len__
    self._fetch_all()
  File "/home/fabianosf/Desktop/Projetos/vetsystem/backend/venv/lib/python3.12/site-packages/django/db/models/query.py", line 1881, in _fetch_all
    self._result_cache = list(self._iterable_class(self))
                         ^^^^^^^^^^^^^^^^^^^^^^^^^^^^^^^^
  File "/home/fabianosf/Desktop/Projetos/vetsystem/backend/venv/lib/python3.12/site-packages/django/db/models/query.py", line 91, in __iter__
    results = compiler.execute_sql(
              ^^^^^^^^^^^^^^^^^^^^^
  File "/home/fabianosf/Desktop/Projetos/vetsystem/backend/venv/lib/python3.12/site-packages/django/db/models/sql/compiler.py", line 1549, in execute_sql
    sql, params = self.as_sql()
                  ^^^^^^^^^^^^^
  File "/home/fabianosf/Desktop/Projetos/vetsystem/backend/venv/lib/python3.12/site-packages/django/db/models/sql/compiler.py", line 736, in as_sql
    extra_select, order_by, group_by = self.pre_sql_setup(
                                       ^^^^^^^^^^^^^^^^^^^
  File "/home/fabianosf/Desktop/Projetos/vetsystem/backend/venv/lib/python3.12/site-packages/django/db/models/sql/compiler.py", line 84, in pre_sql_setup
    self.setup_query(with_col_aliases=with_col_aliases)
  File "/home/fabianosf/Desktop/Projetos/vetsystem/backend/venv/lib/python3.12/site-packages/django/db/models/sql/compiler.py", line 73, in setup_query
    self.select, self.klass_info, self.annotation_col_map = self.get_select(
                                                            ^^^^^^^^^^^^^^^^
  File "/home/fabianosf/Desktop/Projetos/vetsystem/backend/venv/lib/python3.12/site-packages/django/db/models/sql/compiler.py", line 279, in get_select
    related_klass_infos = self.get_related_selections(select, select_mask)
                          ^^^^^^^^^^^^^^^^^^^^^^^^^^^^^^^^^^^^^^^^^^^^^^^^
  File "/home/fabianosf/Desktop/Projetos/vetsystem/backend/venv/lib/python3.12/site-packages/django/db/models/sql/compiler.py", line 1367, in get_related_selections
    raise FieldError(
django.core.exceptions.FieldError: Invalid field name(s) given in select_related: 'tutor'. Choices are: animal, plano
ERROR 2025-12-30 17:59:36,068 basehttp "GET /api/contratos/?animal=12 HTTP/1.1" 500 170276
INFO 2025-12-30 17:59:36,069 basehttp - Broken pipe from ('127.0.0.1', 50658)
ERROR 2025-12-30 17:59:36,181 log Internal Server Error: /api/contratos/
Traceback (most recent call last):
  File "/home/fabianosf/Desktop/Projetos/vetsystem/backend/venv/lib/python3.12/site-packages/django/core/handlers/exception.py", line 55, in inner
    response = get_response(request)
               ^^^^^^^^^^^^^^^^^^^^^
  File "/home/fabianosf/Desktop/Projetos/vetsystem/backend/venv/lib/python3.12/site-packages/django/core/handlers/base.py", line 197, in _get_response
    response = wrapped_callback(request, *callback_args, **callback_kwargs)
               ^^^^^^^^^^^^^^^^^^^^^^^^^^^^^^^^^^^^^^^^^^^^^^^^^^^^^^^^^^^^
  File "/home/fabianosf/Desktop/Projetos/vetsystem/backend/venv/lib/python3.12/site-packages/django/views/decorators/csrf.py", line 56, in wrapper_view
    return view_func(*args, **kwargs)
           ^^^^^^^^^^^^^^^^^^^^^^^^^^
  File "/home/fabianosf/Desktop/Projetos/vetsystem/backend/venv/lib/python3.12/site-packages/rest_framework/viewsets.py", line 125, in view
    return self.dispatch(request, *args, **kwargs)
           ^^^^^^^^^^^^^^^^^^^^^^^^^^^^^^^^^^^^^^^
  File "/home/fabianosf/Desktop/Projetos/vetsystem/backend/venv/lib/python3.12/site-packages/rest_framework/views.py", line 509, in dispatch
    response = self.handle_exception(exc)
               ^^^^^^^^^^^^^^^^^^^^^^^^^^
  File "/home/fabianosf/Desktop/Projetos/vetsystem/backend/venv/lib/python3.12/site-packages/rest_framework/views.py", line 469, in handle_exception
    self.raise_uncaught_exception(exc)
  File "/home/fabianosf/Desktop/Projetos/vetsystem/backend/venv/lib/python3.12/site-packages/rest_framework/views.py", line 480, in raise_uncaught_exception
    raise exc
  File "/home/fabianosf/Desktop/Projetos/vetsystem/backend/venv/lib/python3.12/site-packages/rest_framework/views.py", line 506, in dispatch
    response = handler(request, *args, **kwargs)
               ^^^^^^^^^^^^^^^^^^^^^^^^^^^^^^^^^
  File "/home/fabianosf/Desktop/Projetos/vetsystem/backend/venv/lib/python3.12/site-packages/rest_framework/mixins.py", line 40, in list
    page = self.paginate_queryset(queryset)
           ^^^^^^^^^^^^^^^^^^^^^^^^^^^^^^^^
  File "/home/fabianosf/Desktop/Projetos/vetsystem/backend/venv/lib/python3.12/site-packages/rest_framework/generics.py", line 171, in paginate_queryset
    return self.paginator.paginate_queryset(queryset, self.request, view=self)
           ^^^^^^^^^^^^^^^^^^^^^^^^^^^^^^^^^^^^^^^^^^^^^^^^^^^^^^^^^^^^^^^^^^^
  File "/home/fabianosf/Desktop/Projetos/vetsystem/backend/venv/lib/python3.12/site-packages/rest_framework/pagination.py", line 216, in paginate_queryset
    return list(self.page)
           ^^^^^^^^^^^^^^^
  File "/home/fabianosf/Desktop/Projetos/vetsystem/backend/venv/lib/python3.12/site-packages/django/core/paginator.py", line 174, in __len__
    return len(self.object_list)
           ^^^^^^^^^^^^^^^^^^^^^
  File "/home/fabianosf/Desktop/Projetos/vetsystem/backend/venv/lib/python3.12/site-packages/django/db/models/query.py", line 380, in __len__
    self._fetch_all()
  File "/home/fabianosf/Desktop/Projetos/vetsystem/backend/venv/lib/python3.12/site-packages/django/db/models/query.py", line 1881, in _fetch_all
    self._result_cache = list(self._iterable_class(self))
                         ^^^^^^^^^^^^^^^^^^^^^^^^^^^^^^^^
  File "/home/fabianosf/Desktop/Projetos/vetsystem/backend/venv/lib/python3.12/site-packages/django/db/models/query.py", line 91, in __iter__
    results = compiler.execute_sql(
              ^^^^^^^^^^^^^^^^^^^^^
  File "/home/fabianosf/Desktop/Projetos/vetsystem/backend/venv/lib/python3.12/site-packages/django/db/models/sql/compiler.py", line 1549, in execute_sql
    sql, params = self.as_sql()
                  ^^^^^^^^^^^^^
  File "/home/fabianosf/Desktop/Projetos/vetsystem/backend/venv/lib/python3.12/site-packages/django/db/models/sql/compiler.py", line 736, in as_sql
    extra_select, order_by, group_by = self.pre_sql_setup(
                                       ^^^^^^^^^^^^^^^^^^^
  File "/home/fabianosf/Desktop/Projetos/vetsystem/backend/venv/lib/python3.12/site-packages/django/db/models/sql/compiler.py", line 84, in pre_sql_setup
    self.setup_query(with_col_aliases=with_col_aliases)
  File "/home/fabianosf/Desktop/Projetos/vetsystem/backend/venv/lib/python3.12/site-packages/django/db/models/sql/compiler.py", line 73, in setup_query
    self.select, self.klass_info, self.annotation_col_map = self.get_select(
                                                            ^^^^^^^^^^^^^^^^
  File "/home/fabianosf/Desktop/Projetos/vetsystem/backend/venv/lib/python3.12/site-packages/django/db/models/sql/compiler.py", line 279, in get_select
    related_klass_infos = self.get_related_selections(select, select_mask)
                          ^^^^^^^^^^^^^^^^^^^^^^^^^^^^^^^^^^^^^^^^^^^^^^^^
  File "/home/fabianosf/Desktop/Projetos/vetsystem/backend/venv/lib/python3.12/site-packages/django/db/models/sql/compiler.py", line 1367, in get_related_selections
    raise FieldError(
django.core.exceptions.FieldError: Invalid field name(s) given in select_related: 'tutor'. Choices are: animal, plano
ERROR 2025-12-30 17:59:36,185 basehttp "GET /api/contratos/?tutor=10 HTTP/1.1" 500 170288
INFO 2025-12-30 17:59:36,186 basehttp - Broken pipe from ('127.0.0.1', 50662)
INFO 2025-12-30 18:00:01,988 basehttp "GET /api HTTP/1.1" 301 0
INFO 2025-12-30 18:00:02,015 basehttp "GET /api/ HTTP/1.1" 200 556
INFO 2025-12-30 18:00:02,065 basehttp "GET /api/tutores/ HTTP/1.1" 200 1031
INFO 2025-12-30 18:00:02,101 basehttp "GET /api/animais/ HTTP/1.1" 200 1915
INFO 2025-12-30 18:00:02,135 basehttp "GET /api/veterinarios/ HTTP/1.1" 200 434
INFO 2025-12-30 18:00:02,181 basehttp "GET /api/consultas/ HTTP/1.1" 200 3739
INFO 2025-12-30 18:00:02,213 basehttp "GET /api/vacinas/ HTTP/1.1" 200 52
INFO 2025-12-30 18:00:02,250 basehttp "GET /api/exames/ HTTP/1.1" 200 52
INFO 2025-12-30 18:00:02,308 basehttp "GET /api/planos/ HTTP/1.1" 200 3300
ERROR 2025-12-30 18:00:02,396 log Internal Server Error: /api/contratos/
Traceback (most recent call last):
  File "/home/fabianosf/Desktop/Projetos/vetsystem/backend/venv/lib/python3.12/site-packages/django/core/handlers/exception.py", line 55, in inner
    response = get_response(request)
               ^^^^^^^^^^^^^^^^^^^^^
  File "/home/fabianosf/Desktop/Projetos/vetsystem/backend/venv/lib/python3.12/site-packages/django/core/handlers/base.py", line 197, in _get_response
    response = wrapped_callback(request, *callback_args, **callback_kwargs)
               ^^^^^^^^^^^^^^^^^^^^^^^^^^^^^^^^^^^^^^^^^^^^^^^^^^^^^^^^^^^^
  File "/home/fabianosf/Desktop/Projetos/vetsystem/backend/venv/lib/python3.12/site-packages/django/views/decorators/csrf.py", line 56, in wrapper_view
    return view_func(*args, **kwargs)
           ^^^^^^^^^^^^^^^^^^^^^^^^^^
  File "/home/fabianosf/Desktop/Projetos/vetsystem/backend/venv/lib/python3.12/site-packages/rest_framework/viewsets.py", line 125, in view
    return self.dispatch(request, *args, **kwargs)
           ^^^^^^^^^^^^^^^^^^^^^^^^^^^^^^^^^^^^^^^
  File "/home/fabianosf/Desktop/Projetos/vetsystem/backend/venv/lib/python3.12/site-packages/rest_framework/views.py", line 509, in dispatch
    response = self.handle_exception(exc)
               ^^^^^^^^^^^^^^^^^^^^^^^^^^
  File "/home/fabianosf/Desktop/Projetos/vetsystem/backend/venv/lib/python3.12/site-packages/rest_framework/views.py", line 469, in handle_exception
    self.raise_uncaught_exception(exc)
  File "/home/fabianosf/Desktop/Projetos/vetsystem/backend/venv/lib/python3.12/site-packages/rest_framework/views.py", line 480, in raise_uncaught_exception
    raise exc
  File "/home/fabianosf/Desktop/Projetos/vetsystem/backend/venv/lib/python3.12/site-packages/rest_framework/views.py", line 506, in dispatch
    response = handler(request, *args, **kwargs)
               ^^^^^^^^^^^^^^^^^^^^^^^^^^^^^^^^^
  File "/home/fabianosf/Desktop/Projetos/vetsystem/backend/venv/lib/python3.12/site-packages/rest_framework/mixins.py", line 40, in list
    page = self.paginate_queryset(queryset)
           ^^^^^^^^^^^^^^^^^^^^^^^^^^^^^^^^
  File "/home/fabianosf/Desktop/Projetos/vetsystem/backend/venv/lib/python3.12/site-packages/rest_framework/generics.py", line 171, in paginate_queryset
    return self.paginator.paginate_queryset(queryset, self.request, view=self)
           ^^^^^^^^^^^^^^^^^^^^^^^^^^^^^^^^^^^^^^^^^^^^^^^^^^^^^^^^^^^^^^^^^^^
  File "/home/fabianosf/Desktop/Projetos/vetsystem/backend/venv/lib/python3.12/site-packages/rest_framework/pagination.py", line 216, in paginate_queryset
    return list(self.page)
           ^^^^^^^^^^^^^^^
  File "/home/fabianosf/Desktop/Projetos/vetsystem/backend/venv/lib/python3.12/site-packages/django/core/paginator.py", line 174, in __len__
    return len(self.object_list)
           ^^^^^^^^^^^^^^^^^^^^^
  File "/home/fabianosf/Desktop/Projetos/vetsystem/backend/venv/lib/python3.12/site-packages/django/db/models/query.py", line 380, in __len__
    self._fetch_all()
  File "/home/fabianosf/Desktop/Projetos/vetsystem/backend/venv/lib/python3.12/site-packages/django/db/models/query.py", line 1881, in _fetch_all
    self._result_cache = list(self._iterable_class(self))
                         ^^^^^^^^^^^^^^^^^^^^^^^^^^^^^^^^
  File "/home/fabianosf/Desktop/Projetos/vetsystem/backend/venv/lib/python3.12/site-packages/django/db/models/query.py", line 91, in __iter__
    results = compiler.execute_sql(
              ^^^^^^^^^^^^^^^^^^^^^
  File "/home/fabianosf/Desktop/Projetos/vetsystem/backend/venv/lib/python3.12/site-packages/django/db/models/sql/compiler.py", line 1549, in execute_sql
    sql, params = self.as_sql()
                  ^^^^^^^^^^^^^
  File "/home/fabianosf/Desktop/Projetos/vetsystem/backend/venv/lib/python3.12/site-packages/django/db/models/sql/compiler.py", line 736, in as_sql
    extra_select, order_by, group_by = self.pre_sql_setup(
                                       ^^^^^^^^^^^^^^^^^^^
  File "/home/fabianosf/Desktop/Projetos/vetsystem/backend/venv/lib/python3.12/site-packages/django/db/models/sql/compiler.py", line 84, in pre_sql_setup
    self.setup_query(with_col_aliases=with_col_aliases)
  File "/home/fabianosf/Desktop/Projetos/vetsystem/backend/venv/lib/python3.12/site-packages/django/db/models/sql/compiler.py", line 73, in setup_query
    self.select, self.klass_info, self.annotation_col_map = self.get_select(
                                                            ^^^^^^^^^^^^^^^^
  File "/home/fabianosf/Desktop/Projetos/vetsystem/backend/venv/lib/python3.12/site-packages/django/db/models/sql/compiler.py", line 279, in get_select
    related_klass_infos = self.get_related_selections(select, select_mask)
                          ^^^^^^^^^^^^^^^^^^^^^^^^^^^^^^^^^^^^^^^^^^^^^^^^
  File "/home/fabianosf/Desktop/Projetos/vetsystem/backend/venv/lib/python3.12/site-packages/django/db/models/sql/compiler.py", line 1367, in get_related_selections
    raise FieldError(
django.core.exceptions.FieldError: Invalid field name(s) given in select_related: 'tutor'. Choices are: animal, plano
ERROR 2025-12-30 18:00:02,399 basehttp "GET /api/contratos/ HTTP/1.1" 500 170092
INFO 2025-12-30 18:00:02,438 basehttp "GET /api/clinicas/ HTTP/1.1" 200 664
INFO 2025-12-30 18:00:02,479 basehttp "GET /api/tutores/?name=Silva HTTP/1.1" 200 710
INFO 2025-12-30 18:00:02,521 basehttp "GET /api/tutores/?search=Jo%C3%A3o HTTP/1.1" 200 710
INFO 2025-12-30 18:00:02,568 basehttp "GET /api/tutores/?ordering=name HTTP/1.1" 200 1031
INFO 2025-12-30 18:00:02,618 basehttp "GET /api/tutores/?has_animals=true HTTP/1.1" 200 1031
INFO 2025-12-30 18:00:02,665 basehttp "GET /api/tutores/?has_animals=false HTTP/1.1" 200 52
INFO 2025-12-30 18:00:02,736 basehttp "GET /api/animais/?species=CACHORRO HTTP/1.1" 200 1183
INFO 2025-12-30 18:00:02,805 basehttp "GET /api/animais/?species=GATO HTTP/1.1" 200 783
INFO 2025-12-30 18:00:02,876 basehttp "GET /api/animais/?gender=M HTTP/1.1" 200 1183
INFO 2025-12-30 18:00:02,934 basehttp "GET /api/animais/?gender=F HTTP/1.1" 200 783
INFO 2025-12-30 18:00:03,003 basehttp "GET /api/animais/?breed=Golden HTTP/1.1" 200 441
INFO 2025-12-30 18:00:03,040 basehttp "GET /api/animais/?age_min=3&age_max=7 HTTP/1.1" 200 1915
INFO 2025-12-30 18:00:03,076 basehttp "GET /api/animais/?weight_min=20 HTTP/1.1" 200 812
INFO 2025-12-30 18:00:03,117 basehttp "GET /api/animais/?species=CACHORRO&gender=M&weight_min=20 HTTP/1.1" 200 812
INFO 2025-12-30 18:00:03,166 basehttp "GET /api/animais/?ordering=-weight HTTP/1.1" 200 1915
INFO 2025-12-30 18:00:03,212 basehttp "GET /api/animais/?ordering=name HTTP/1.1" 200 1915
INFO 2025-12-30 18:00:03,254 basehttp "GET /api/consultas/?status=AGENDADA HTTP/1.1" 200 971
INFO 2025-12-30 18:00:03,298 basehttp "GET /api/consultas/?status=CONFIRMADA HTTP/1.1" 200 487
INFO 2025-12-30 18:00:03,343 basehttp "GET /api/consultas/?status=CONCLUIDA HTTP/1.1" 200 2383
INFO 2025-12-30 18:00:03,378 basehttp "GET /api/consultas/?tipo=ROTINA HTTP/1.1" 200 52
INFO 2025-12-30 18:00:03,418 basehttp "GET /api/consultas/?tipo=EMERGENCIA HTTP/1.1" 200 487
INFO 2025-12-30 18:00:03,467 basehttp "GET /api/consultas/?data_after=2025-12-01 HTTP/1.1" 200 2340
INFO 2025-12-30 18:00:03,516 basehttp "GET /api/consultas/?mes=12&ano=2025 HTTP/1.1" 200 2340
INFO 2025-12-30 18:00:03,559 basehttp "GET /api/consultas/?urgente=true HTTP/1.1" 200 487
INFO 2025-12-30 18:00:03,604 basehttp "GET /api/consultas/?pendente=true HTTP/1.1" 200 1407
INFO 2025-12-30 18:00:03,635 basehttp "GET /api/vacinas/ HTTP/1.1" 200 52
INFO 2025-12-30 18:00:03,669 basehttp "GET /api/vacinas/?nome_vacina=V10 HTTP/1.1" 200 52
INFO 2025-12-30 18:00:03,702 basehttp "GET /api/vacinas/?atrasada=true HTTP/1.1" 200 52
INFO 2025-12-30 18:00:03,734 basehttp "GET /api/vacinas/?proxima=true HTTP/1.1" 200 52
INFO 2025-12-30 18:00:03,768 basehttp "GET /api/vacinas/?data_aplicacao_after=2025-11-01 HTTP/1.1" 200 52
INFO 2025-12-30 18:00:03,801 basehttp "GET /api/exames/ HTTP/1.1" 200 52
INFO 2025-12-30 18:00:03,837 basehttp "GET /api/exames/?status=SOLICITADO HTTP/1.1" 200 52
INFO 2025-12-30 18:00:03,873 basehttp "GET /api/exames/?status=CONCLUIDO HTTP/1.1" 200 52
INFO 2025-12-30 18:00:03,912 basehttp "GET /api/exames/?pendente=true HTTP/1.1" 200 52
INFO 2025-12-30 18:00:03,945 basehttp "GET /api/exames/?tipo_exame=Hemograma HTTP/1.1" 200 52
INFO 2025-12-30 18:00:04,036 basehttp "GET /api/planos/ HTTP/1.1" 200 3300
INFO 2025-12-30 18:00:04,081 basehttp "GET /api/planos/?preco_max=150 HTTP/1.1" 200 1694
INFO 2025-12-30 18:00:04,115 basehttp "GET /api/planos/?preco_min=100&preco_max=200 HTTP/1.1" 200 584
INFO 2025-12-30 18:00:04,163 basehttp "GET /api/planos/?telemedicina=true HTTP/1.1" 200 1657
INFO 2025-12-30 18:00:04,204 basehttp "GET /api/planos/?atendimento_24h=true HTTP/1.1" 200 1124
ERROR 2025-12-30 18:00:04,293 log Internal Server Error: /api/contratos/
Traceback (most recent call last):
  File "/home/fabianosf/Desktop/Projetos/vetsystem/backend/venv/lib/python3.12/site-packages/django/core/handlers/exception.py", line 55, in inner
    response = get_response(request)
               ^^^^^^^^^^^^^^^^^^^^^
  File "/home/fabianosf/Desktop/Projetos/vetsystem/backend/venv/lib/python3.12/site-packages/django/core/handlers/base.py", line 197, in _get_response
    response = wrapped_callback(request, *callback_args, **callback_kwargs)
               ^^^^^^^^^^^^^^^^^^^^^^^^^^^^^^^^^^^^^^^^^^^^^^^^^^^^^^^^^^^^
  File "/home/fabianosf/Desktop/Projetos/vetsystem/backend/venv/lib/python3.12/site-packages/django/views/decorators/csrf.py", line 56, in wrapper_view
    return view_func(*args, **kwargs)
           ^^^^^^^^^^^^^^^^^^^^^^^^^^
  File "/home/fabianosf/Desktop/Projetos/vetsystem/backend/venv/lib/python3.12/site-packages/rest_framework/viewsets.py", line 125, in view
    return self.dispatch(request, *args, **kwargs)
           ^^^^^^^^^^^^^^^^^^^^^^^^^^^^^^^^^^^^^^^
  File "/home/fabianosf/Desktop/Projetos/vetsystem/backend/venv/lib/python3.12/site-packages/rest_framework/views.py", line 509, in dispatch
    response = self.handle_exception(exc)
               ^^^^^^^^^^^^^^^^^^^^^^^^^^
  File "/home/fabianosf/Desktop/Projetos/vetsystem/backend/venv/lib/python3.12/site-packages/rest_framework/views.py", line 469, in handle_exception
    self.raise_uncaught_exception(exc)
  File "/home/fabianosf/Desktop/Projetos/vetsystem/backend/venv/lib/python3.12/site-packages/rest_framework/views.py", line 480, in raise_uncaught_exception
    raise exc
  File "/home/fabianosf/Desktop/Projetos/vetsystem/backend/venv/lib/python3.12/site-packages/rest_framework/views.py", line 506, in dispatch
    response = handler(request, *args, **kwargs)
               ^^^^^^^^^^^^^^^^^^^^^^^^^^^^^^^^^
  File "/home/fabianosf/Desktop/Projetos/vetsystem/backend/venv/lib/python3.12/site-packages/rest_framework/mixins.py", line 40, in list
    page = self.paginate_queryset(queryset)
           ^^^^^^^^^^^^^^^^^^^^^^^^^^^^^^^^
  File "/home/fabianosf/Desktop/Projetos/vetsystem/backend/venv/lib/python3.12/site-packages/rest_framework/generics.py", line 171, in paginate_queryset
    return self.paginator.paginate_queryset(queryset, self.request, view=self)
           ^^^^^^^^^^^^^^^^^^^^^^^^^^^^^^^^^^^^^^^^^^^^^^^^^^^^^^^^^^^^^^^^^^^
  File "/home/fabianosf/Desktop/Projetos/vetsystem/backend/venv/lib/python3.12/site-packages/rest_framework/pagination.py", line 216, in paginate_queryset
    return list(self.page)
           ^^^^^^^^^^^^^^^
  File "/home/fabianosf/Desktop/Projetos/vetsystem/backend/venv/lib/python3.12/site-packages/django/core/paginator.py", line 174, in __len__
    return len(self.object_list)
           ^^^^^^^^^^^^^^^^^^^^^
  File "/home/fabianosf/Desktop/Projetos/vetsystem/backend/venv/lib/python3.12/site-packages/django/db/models/query.py", line 380, in __len__
    self._fetch_all()
  File "/home/fabianosf/Desktop/Projetos/vetsystem/backend/venv/lib/python3.12/site-packages/django/db/models/query.py", line 1881, in _fetch_all
    self._result_cache = list(self._iterable_class(self))
                         ^^^^^^^^^^^^^^^^^^^^^^^^^^^^^^^^
  File "/home/fabianosf/Desktop/Projetos/vetsystem/backend/venv/lib/python3.12/site-packages/django/db/models/query.py", line 91, in __iter__
    results = compiler.execute_sql(
              ^^^^^^^^^^^^^^^^^^^^^
  File "/home/fabianosf/Desktop/Projetos/vetsystem/backend/venv/lib/python3.12/site-packages/django/db/models/sql/compiler.py", line 1549, in execute_sql
    sql, params = self.as_sql()
                  ^^^^^^^^^^^^^
  File "/home/fabianosf/Desktop/Projetos/vetsystem/backend/venv/lib/python3.12/site-packages/django/db/models/sql/compiler.py", line 736, in as_sql
    extra_select, order_by, group_by = self.pre_sql_setup(
                                       ^^^^^^^^^^^^^^^^^^^
  File "/home/fabianosf/Desktop/Projetos/vetsystem/backend/venv/lib/python3.12/site-packages/django/db/models/sql/compiler.py", line 84, in pre_sql_setup
    self.setup_query(with_col_aliases=with_col_aliases)
  File "/home/fabianosf/Desktop/Projetos/vetsystem/backend/venv/lib/python3.12/site-packages/django/db/models/sql/compiler.py", line 73, in setup_query
    self.select, self.klass_info, self.annotation_col_map = self.get_select(
                                                            ^^^^^^^^^^^^^^^^
  File "/home/fabianosf/Desktop/Projetos/vetsystem/backend/venv/lib/python3.12/site-packages/django/db/models/sql/compiler.py", line 279, in get_select
    related_klass_infos = self.get_related_selections(select, select_mask)
                          ^^^^^^^^^^^^^^^^^^^^^^^^^^^^^^^^^^^^^^^^^^^^^^^^
  File "/home/fabianosf/Desktop/Projetos/vetsystem/backend/venv/lib/python3.12/site-packages/django/db/models/sql/compiler.py", line 1367, in get_related_selections
    raise FieldError(
django.core.exceptions.FieldError: Invalid field name(s) given in select_related: 'tutor'. Choices are: animal, plano
ERROR 2025-12-30 18:00:04,295 basehttp "GET /api/contratos/ HTTP/1.1" 500 170092
ERROR 2025-12-30 18:00:04,391 log Internal Server Error: /api/contratos/
Traceback (most recent call last):
  File "/home/fabianosf/Desktop/Projetos/vetsystem/backend/venv/lib/python3.12/site-packages/django/core/handlers/exception.py", line 55, in inner
    response = get_response(request)
               ^^^^^^^^^^^^^^^^^^^^^
  File "/home/fabianosf/Desktop/Projetos/vetsystem/backend/venv/lib/python3.12/site-packages/django/core/handlers/base.py", line 197, in _get_response
    response = wrapped_callback(request, *callback_args, **callback_kwargs)
               ^^^^^^^^^^^^^^^^^^^^^^^^^^^^^^^^^^^^^^^^^^^^^^^^^^^^^^^^^^^^
  File "/home/fabianosf/Desktop/Projetos/vetsystem/backend/venv/lib/python3.12/site-packages/django/views/decorators/csrf.py", line 56, in wrapper_view
    return view_func(*args, **kwargs)
           ^^^^^^^^^^^^^^^^^^^^^^^^^^
  File "/home/fabianosf/Desktop/Projetos/vetsystem/backend/venv/lib/python3.12/site-packages/rest_framework/viewsets.py", line 125, in view
    return self.dispatch(request, *args, **kwargs)
           ^^^^^^^^^^^^^^^^^^^^^^^^^^^^^^^^^^^^^^^
  File "/home/fabianosf/Desktop/Projetos/vetsystem/backend/venv/lib/python3.12/site-packages/rest_framework/views.py", line 509, in dispatch
    response = self.handle_exception(exc)
               ^^^^^^^^^^^^^^^^^^^^^^^^^^
  File "/home/fabianosf/Desktop/Projetos/vetsystem/backend/venv/lib/python3.12/site-packages/rest_framework/views.py", line 469, in handle_exception
    self.raise_uncaught_exception(exc)
  File "/home/fabianosf/Desktop/Projetos/vetsystem/backend/venv/lib/python3.12/site-packages/rest_framework/views.py", line 480, in raise_uncaught_exception
    raise exc
  File "/home/fabianosf/Desktop/Projetos/vetsystem/backend/venv/lib/python3.12/site-packages/rest_framework/views.py", line 506, in dispatch
    response = handler(request, *args, **kwargs)
               ^^^^^^^^^^^^^^^^^^^^^^^^^^^^^^^^^
  File "/home/fabianosf/Desktop/Projetos/vetsystem/backend/venv/lib/python3.12/site-packages/rest_framework/mixins.py", line 40, in list
    page = self.paginate_queryset(queryset)
           ^^^^^^^^^^^^^^^^^^^^^^^^^^^^^^^^
  File "/home/fabianosf/Desktop/Projetos/vetsystem/backend/venv/lib/python3.12/site-packages/rest_framework/generics.py", line 171, in paginate_queryset
    return self.paginator.paginate_queryset(queryset, self.request, view=self)
           ^^^^^^^^^^^^^^^^^^^^^^^^^^^^^^^^^^^^^^^^^^^^^^^^^^^^^^^^^^^^^^^^^^^
  File "/home/fabianosf/Desktop/Projetos/vetsystem/backend/venv/lib/python3.12/site-packages/rest_framework/pagination.py", line 216, in paginate_queryset
    return list(self.page)
           ^^^^^^^^^^^^^^^
  File "/home/fabianosf/Desktop/Projetos/vetsystem/backend/venv/lib/python3.12/site-packages/django/core/paginator.py", line 174, in __len__
    return len(self.object_list)
           ^^^^^^^^^^^^^^^^^^^^^
  File "/home/fabianosf/Desktop/Projetos/vetsystem/backend/venv/lib/python3.12/site-packages/django/db/models/query.py", line 380, in __len__
    self._fetch_all()
  File "/home/fabianosf/Desktop/Projetos/vetsystem/backend/venv/lib/python3.12/site-packages/django/db/models/query.py", line 1881, in _fetch_all
    self._result_cache = list(self._iterable_class(self))
                         ^^^^^^^^^^^^^^^^^^^^^^^^^^^^^^^^
  File "/home/fabianosf/Desktop/Projetos/vetsystem/backend/venv/lib/python3.12/site-packages/django/db/models/query.py", line 91, in __iter__
    results = compiler.execute_sql(
              ^^^^^^^^^^^^^^^^^^^^^
  File "/home/fabianosf/Desktop/Projetos/vetsystem/backend/venv/lib/python3.12/site-packages/django/db/models/sql/compiler.py", line 1549, in execute_sql
    sql, params = self.as_sql()
                  ^^^^^^^^^^^^^
  File "/home/fabianosf/Desktop/Projetos/vetsystem/backend/venv/lib/python3.12/site-packages/django/db/models/sql/compiler.py", line 736, in as_sql
    extra_select, order_by, group_by = self.pre_sql_setup(
                                       ^^^^^^^^^^^^^^^^^^^
  File "/home/fabianosf/Desktop/Projetos/vetsystem/backend/venv/lib/python3.12/site-packages/django/db/models/sql/compiler.py", line 84, in pre_sql_setup
    self.setup_query(with_col_aliases=with_col_aliases)
  File "/home/fabianosf/Desktop/Projetos/vetsystem/backend/venv/lib/python3.12/site-packages/django/db/models/sql/compiler.py", line 73, in setup_query
    self.select, self.klass_info, self.annotation_col_map = self.get_select(
                                                            ^^^^^^^^^^^^^^^^
  File "/home/fabianosf/Desktop/Projetos/vetsystem/backend/venv/lib/python3.12/site-packages/django/db/models/sql/compiler.py", line 279, in get_select
    related_klass_infos = self.get_related_selections(select, select_mask)
                          ^^^^^^^^^^^^^^^^^^^^^^^^^^^^^^^^^^^^^^^^^^^^^^^^
  File "/home/fabianosf/Desktop/Projetos/vetsystem/backend/venv/lib/python3.12/site-packages/django/db/models/sql/compiler.py", line 1367, in get_related_selections
    raise FieldError(
django.core.exceptions.FieldError: Invalid field name(s) given in select_related: 'tutor'. Choices are: animal, plano
ERROR 2025-12-30 18:00:04,394 basehttp "GET /api/contratos/?ativo=true HTTP/1.1" 500 170553
INFO 2025-12-30 18:00:04,435 basehttp "GET /api/clinicas/ HTTP/1.1" 200 664
INFO 2025-12-30 18:00:04,473 basehttp "GET /api/clinicas/?atendimento_24h=true HTTP/1.1" 200 52
INFO 2025-12-30 18:00:04,510 basehttp "GET /api/clinicas/?atende_emergencia=true HTTP/1.1" 200 52
INFO 2025-12-30 18:00:04,544 basehttp "GET /api/clinicas/?tem_internacao=true HTTP/1.1" 200 52
INFO 2025-12-30 18:00:04,592 basehttp "GET /api/animais/?page=1 HTTP/1.1" 200 1915
INFO 2025-12-30 18:00:04,632 basehttp "GET /api/animais/?page_size=5 HTTP/1.1" 200 1915
INFO 2025-12-30 18:00:04,682 basehttp "GET /api/animais/?page_size=10 HTTP/1.1" 200 1915
INFO 2025-12-30 18:00:04,722 basehttp "GET /api/animais/?ordering=name HTTP/1.1" 200 1915
INFO 2025-12-30 18:00:04,762 basehttp "GET /api/animais/?ordering=-name HTTP/1.1" 200 1915
INFO 2025-12-30 18:00:04,800 basehttp "GET /api/animais/?ordering=weight HTTP/1.1" 200 1915
INFO 2025-12-30 18:00:04,839 basehttp "GET /api/animais/?ordering=-weight HTTP/1.1" 200 1915
INFO 2025-12-30 18:00:04,879 basehttp "GET /api/consultas/?ordering=-data HTTP/1.1" 200 3739
ERROR 2025-12-30 18:00:50,672 log Internal Server Error: /api/contratos/
Traceback (most recent call last):
  File "/home/fabianosf/Desktop/Projetos/vetsystem/backend/venv/lib/python3.12/site-packages/django/core/handlers/exception.py", line 55, in inner
    response = get_response(request)
               ^^^^^^^^^^^^^^^^^^^^^
  File "/home/fabianosf/Desktop/Projetos/vetsystem/backend/venv/lib/python3.12/site-packages/django/core/handlers/base.py", line 197, in _get_response
    response = wrapped_callback(request, *callback_args, **callback_kwargs)
               ^^^^^^^^^^^^^^^^^^^^^^^^^^^^^^^^^^^^^^^^^^^^^^^^^^^^^^^^^^^^
  File "/home/fabianosf/Desktop/Projetos/vetsystem/backend/venv/lib/python3.12/site-packages/django/views/decorators/csrf.py", line 56, in wrapper_view
    return view_func(*args, **kwargs)
           ^^^^^^^^^^^^^^^^^^^^^^^^^^
  File "/home/fabianosf/Desktop/Projetos/vetsystem/backend/venv/lib/python3.12/site-packages/rest_framework/viewsets.py", line 125, in view
    return self.dispatch(request, *args, **kwargs)
           ^^^^^^^^^^^^^^^^^^^^^^^^^^^^^^^^^^^^^^^
  File "/home/fabianosf/Desktop/Projetos/vetsystem/backend/venv/lib/python3.12/site-packages/rest_framework/views.py", line 509, in dispatch
    response = self.handle_exception(exc)
               ^^^^^^^^^^^^^^^^^^^^^^^^^^
  File "/home/fabianosf/Desktop/Projetos/vetsystem/backend/venv/lib/python3.12/site-packages/rest_framework/views.py", line 469, in handle_exception
    self.raise_uncaught_exception(exc)
  File "/home/fabianosf/Desktop/Projetos/vetsystem/backend/venv/lib/python3.12/site-packages/rest_framework/views.py", line 480, in raise_uncaught_exception
    raise exc
  File "/home/fabianosf/Desktop/Projetos/vetsystem/backend/venv/lib/python3.12/site-packages/rest_framework/views.py", line 506, in dispatch
    response = handler(request, *args, **kwargs)
               ^^^^^^^^^^^^^^^^^^^^^^^^^^^^^^^^^
  File "/home/fabianosf/Desktop/Projetos/vetsystem/backend/venv/lib/python3.12/site-packages/rest_framework/mixins.py", line 40, in list
    page = self.paginate_queryset(queryset)
           ^^^^^^^^^^^^^^^^^^^^^^^^^^^^^^^^
  File "/home/fabianosf/Desktop/Projetos/vetsystem/backend/venv/lib/python3.12/site-packages/rest_framework/generics.py", line 171, in paginate_queryset
    return self.paginator.paginate_queryset(queryset, self.request, view=self)
           ^^^^^^^^^^^^^^^^^^^^^^^^^^^^^^^^^^^^^^^^^^^^^^^^^^^^^^^^^^^^^^^^^^^
  File "/home/fabianosf/Desktop/Projetos/vetsystem/backend/venv/lib/python3.12/site-packages/rest_framework/pagination.py", line 216, in paginate_queryset
    return list(self.page)
           ^^^^^^^^^^^^^^^
  File "/home/fabianosf/Desktop/Projetos/vetsystem/backend/venv/lib/python3.12/site-packages/django/core/paginator.py", line 174, in __len__
    return len(self.object_list)
           ^^^^^^^^^^^^^^^^^^^^^
  File "/home/fabianosf/Desktop/Projetos/vetsystem/backend/venv/lib/python3.12/site-packages/django/db/models/query.py", line 380, in __len__
    self._fetch_all()
  File "/home/fabianosf/Desktop/Projetos/vetsystem/backend/venv/lib/python3.12/site-packages/django/db/models/query.py", line 1881, in _fetch_all
    self._result_cache = list(self._iterable_class(self))
                         ^^^^^^^^^^^^^^^^^^^^^^^^^^^^^^^^
  File "/home/fabianosf/Desktop/Projetos/vetsystem/backend/venv/lib/python3.12/site-packages/django/db/models/query.py", line 91, in __iter__
    results = compiler.execute_sql(
              ^^^^^^^^^^^^^^^^^^^^^
  File "/home/fabianosf/Desktop/Projetos/vetsystem/backend/venv/lib/python3.12/site-packages/django/db/models/sql/compiler.py", line 1549, in execute_sql
    sql, params = self.as_sql()
                  ^^^^^^^^^^^^^
  File "/home/fabianosf/Desktop/Projetos/vetsystem/backend/venv/lib/python3.12/site-packages/django/db/models/sql/compiler.py", line 736, in as_sql
    extra_select, order_by, group_by = self.pre_sql_setup(
                                       ^^^^^^^^^^^^^^^^^^^
  File "/home/fabianosf/Desktop/Projetos/vetsystem/backend/venv/lib/python3.12/site-packages/django/db/models/sql/compiler.py", line 84, in pre_sql_setup
    self.setup_query(with_col_aliases=with_col_aliases)
  File "/home/fabianosf/Desktop/Projetos/vetsystem/backend/venv/lib/python3.12/site-packages/django/db/models/sql/compiler.py", line 73, in setup_query
    self.select, self.klass_info, self.annotation_col_map = self.get_select(
                                                            ^^^^^^^^^^^^^^^^
  File "/home/fabianosf/Desktop/Projetos/vetsystem/backend/venv/lib/python3.12/site-packages/django/db/models/sql/compiler.py", line 279, in get_select
    related_klass_infos = self.get_related_selections(select, select_mask)
                          ^^^^^^^^^^^^^^^^^^^^^^^^^^^^^^^^^^^^^^^^^^^^^^^^
  File "/home/fabianosf/Desktop/Projetos/vetsystem/backend/venv/lib/python3.12/site-packages/django/db/models/sql/compiler.py", line 1367, in get_related_selections
    raise FieldError(
django.core.exceptions.FieldError: Invalid field name(s) given in select_related: 'tutor'. Choices are: animal, plano
ERROR 2025-12-30 18:00:50,675 basehttp "GET /api/contratos/ HTTP/1.1" 500 169802
INFO 2025-12-30 18:02:46,186 autoreload /home/fabianosf/Desktop/Projetos/vetsystem/backend/api/views/plano_views.py changed, reloading.
INFO 2025-12-30 18:02:47,132 autoreload Watching for file changes with StatReloader
INFO 2025-12-30 18:03:06,725 basehttp "GET /api HTTP/1.1" 301 0
INFO 2025-12-30 18:03:06,754 basehttp "GET /api/ HTTP/1.1" 200 556
INFO 2025-12-30 18:03:06,804 basehttp "GET /api/tutores/ HTTP/1.1" 200 1031
INFO 2025-12-30 18:03:06,846 basehttp "GET /api/animais/ HTTP/1.1" 200 1915
INFO 2025-12-30 18:03:06,879 basehttp "GET /api/veterinarios/ HTTP/1.1" 200 434
INFO 2025-12-30 18:03:06,921 basehttp "GET /api/consultas/ HTTP/1.1" 200 3739
INFO 2025-12-30 18:03:06,954 basehttp "GET /api/vacinas/ HTTP/1.1" 200 52
INFO 2025-12-30 18:03:06,986 basehttp "GET /api/exames/ HTTP/1.1" 200 52
INFO 2025-12-30 18:03:07,035 basehttp "GET /api/planos/ HTTP/1.1" 200 3300
INFO 2025-12-30 18:03:07,066 basehttp "GET /api/contratos/ HTTP/1.1" 200 52
INFO 2025-12-30 18:03:07,101 basehttp "GET /api/clinicas/ HTTP/1.1" 200 664
INFO 2025-12-30 18:03:07,145 basehttp "GET /api/tutores/?name=Silva HTTP/1.1" 200 710
INFO 2025-12-30 18:03:07,188 basehttp "GET /api/tutores/?search=Jo%C3%A3o HTTP/1.1" 200 710
INFO 2025-12-30 18:03:07,230 basehttp "GET /api/tutores/?ordering=name HTTP/1.1" 200 1031
INFO 2025-12-30 18:03:07,273 basehttp "GET /api/tutores/?has_animals=true HTTP/1.1" 200 1031
INFO 2025-12-30 18:03:07,307 basehttp "GET /api/tutores/?has_animals=false HTTP/1.1" 200 52
INFO 2025-12-30 18:03:07,348 basehttp "GET /api/animais/?species=CACHORRO HTTP/1.1" 200 1183
INFO 2025-12-30 18:03:07,383 basehttp "GET /api/animais/?species=GATO HTTP/1.1" 200 783
INFO 2025-12-30 18:03:07,426 basehttp "GET /api/animais/?gender=M HTTP/1.1" 200 1183
INFO 2025-12-30 18:03:07,470 basehttp "GET /api/animais/?gender=F HTTP/1.1" 200 783
INFO 2025-12-30 18:03:07,519 basehttp "GET /api/animais/?breed=Golden HTTP/1.1" 200 441
INFO 2025-12-30 18:03:07,557 basehttp "GET /api/animais/?age_min=3&age_max=7 HTTP/1.1" 200 1915
INFO 2025-12-30 18:03:07,599 basehttp "GET /api/animais/?weight_min=20 HTTP/1.1" 200 812
INFO 2025-12-30 18:03:07,637 basehttp "GET /api/animais/?species=CACHORRO&gender=M&weight_min=20 HTTP/1.1" 200 812
INFO 2025-12-30 18:03:07,674 basehttp "GET /api/animais/?ordering=-weight HTTP/1.1" 200 1915
INFO 2025-12-30 18:03:07,715 basehttp "GET /api/animais/?ordering=name HTTP/1.1" 200 1915
INFO 2025-12-30 18:03:07,768 basehttp "GET /api/consultas/?status=AGENDADA HTTP/1.1" 200 971
INFO 2025-12-30 18:03:07,824 basehttp "GET /api/consultas/?status=CONFIRMADA HTTP/1.1" 200 487
INFO 2025-12-30 18:03:07,876 basehttp "GET /api/consultas/?status=CONCLUIDA HTTP/1.1" 200 2383
INFO 2025-12-30 18:03:07,926 basehttp "GET /api/consultas/?tipo=ROTINA HTTP/1.1" 200 52
INFO 2025-12-30 18:03:07,983 basehttp "GET /api/consultas/?tipo=EMERGENCIA HTTP/1.1" 200 487
INFO 2025-12-30 18:03:08,039 basehttp "GET /api/consultas/?data_after=2025-12-01 HTTP/1.1" 200 2340
INFO 2025-12-30 18:03:08,089 basehttp "GET /api/consultas/?mes=12&ano=2025 HTTP/1.1" 200 2340
INFO 2025-12-30 18:03:08,132 basehttp "GET /api/consultas/?urgente=true HTTP/1.1" 200 487
INFO 2025-12-30 18:03:08,175 basehttp "GET /api/consultas/?pendente=true HTTP/1.1" 200 1407
INFO 2025-12-30 18:03:08,206 basehttp "GET /api/vacinas/ HTTP/1.1" 200 52
INFO 2025-12-30 18:03:08,237 basehttp "GET /api/vacinas/?nome_vacina=V10 HTTP/1.1" 200 52
INFO 2025-12-30 18:03:08,269 basehttp "GET /api/vacinas/?atrasada=true HTTP/1.1" 200 52
INFO 2025-12-30 18:03:08,302 basehttp "GET /api/vacinas/?proxima=true HTTP/1.1" 200 52
INFO 2025-12-30 18:03:08,335 basehttp "GET /api/vacinas/?data_aplicacao_after=2025-11-01 HTTP/1.1" 200 52
INFO 2025-12-30 18:03:08,366 basehttp "GET /api/exames/ HTTP/1.1" 200 52
INFO 2025-12-30 18:03:08,399 basehttp "GET /api/exames/?status=SOLICITADO HTTP/1.1" 200 52
INFO 2025-12-30 18:03:08,431 basehttp "GET /api/exames/?status=CONCLUIDO HTTP/1.1" 200 52
INFO 2025-12-30 18:03:08,464 basehttp "GET /api/exames/?pendente=true HTTP/1.1" 200 52
INFO 2025-12-30 18:03:08,496 basehttp "GET /api/exames/?tipo_exame=Hemograma HTTP/1.1" 200 52
INFO 2025-12-30 18:03:08,551 basehttp "GET /api/planos/ HTTP/1.1" 200 3300
INFO 2025-12-30 18:03:08,599 basehttp "GET /api/planos/?preco_max=150 HTTP/1.1" 200 1694
INFO 2025-12-30 18:03:08,644 basehttp "GET /api/planos/?preco_min=100&preco_max=200 HTTP/1.1" 200 584
INFO 2025-12-30 18:03:08,689 basehttp "GET /api/planos/?telemedicina=true HTTP/1.1" 200 1657
INFO 2025-12-30 18:03:08,733 basehttp "GET /api/planos/?atendimento_24h=true HTTP/1.1" 200 1124
INFO 2025-12-30 18:03:08,763 basehttp "GET /api/contratos/ HTTP/1.1" 200 52
INFO 2025-12-30 18:03:08,795 basehttp "GET /api/contratos/?ativo=true HTTP/1.1" 200 52
INFO 2025-12-30 18:03:08,832 basehttp "GET /api/clinicas/ HTTP/1.1" 200 664
INFO 2025-12-30 18:03:08,861 basehttp "GET /api/clinicas/?atendimento_24h=true HTTP/1.1" 200 52
INFO 2025-12-30 18:03:08,891 basehttp "GET /api/clinicas/?atende_emergencia=true HTTP/1.1" 200 52
INFO 2025-12-30 18:03:08,922 basehttp "GET /api/clinicas/?tem_internacao=true HTTP/1.1" 200 52
INFO 2025-12-30 18:03:08,960 basehttp "GET /api/animais/?page=1 HTTP/1.1" 200 1915
INFO 2025-12-30 18:03:08,998 basehttp "GET /api/animais/?page_size=5 HTTP/1.1" 200 1915
INFO 2025-12-30 18:03:09,034 basehttp "GET /api/animais/?page_size=10 HTTP/1.1" 200 1915
INFO 2025-12-30 18:03:09,069 basehttp "GET /api/animais/?ordering=name HTTP/1.1" 200 1915
INFO 2025-12-30 18:03:09,107 basehttp "GET /api/animais/?ordering=-name HTTP/1.1" 200 1915
INFO 2025-12-30 18:03:09,152 basehttp "GET /api/animais/?ordering=weight HTTP/1.1" 200 1915
INFO 2025-12-30 18:03:09,186 basehttp "GET /api/animais/?ordering=-weight HTTP/1.1" 200 1915
INFO 2025-12-30 18:03:09,240 basehttp "GET /api/consultas/?ordering=-data HTTP/1.1" 200 3739
INFO 2025-12-30 18:10:08,025 basehttp "GET /api HTTP/1.1" 301 0
INFO 2025-12-30 18:10:08,032 basehttp "GET /api/ HTTP/1.1" 200 556
INFO 2025-12-30 18:10:08,080 basehttp "GET /api/tutores/ HTTP/1.1" 200 1031
INFO 2025-12-30 18:10:08,118 basehttp "GET /api/animais/ HTTP/1.1" 200 1915
INFO 2025-12-30 18:10:08,150 basehttp "GET /api/veterinarios/ HTTP/1.1" 200 434
INFO 2025-12-30 18:10:08,190 basehttp "GET /api/consultas/ HTTP/1.1" 200 3739
INFO 2025-12-30 18:10:08,224 basehttp "GET /api/vacinas/ HTTP/1.1" 200 52
INFO 2025-12-30 18:10:08,257 basehttp "GET /api/exames/ HTTP/1.1" 200 52
INFO 2025-12-30 18:10:08,310 basehttp "GET /api/planos/ HTTP/1.1" 200 3300
INFO 2025-12-30 18:10:08,338 basehttp "GET /api/contratos/ HTTP/1.1" 200 52
INFO 2025-12-30 18:10:08,371 basehttp "GET /api/clinicas/ HTTP/1.1" 200 664
INFO 2025-12-30 18:10:08,416 basehttp "GET /api/tutores/?name=Silva HTTP/1.1" 200 710
INFO 2025-12-30 18:10:08,460 basehttp "GET /api/tutores/?search=Jo%C3%A3o HTTP/1.1" 200 710
INFO 2025-12-30 18:10:08,505 basehttp "GET /api/tutores/?ordering=name HTTP/1.1" 200 1031
INFO 2025-12-30 18:10:08,549 basehttp "GET /api/tutores/?has_animals=true HTTP/1.1" 200 1031
INFO 2025-12-30 18:10:08,581 basehttp "GET /api/tutores/?has_animals=false HTTP/1.1" 200 52
INFO 2025-12-30 18:10:08,621 basehttp "GET /api/animais/?species=CACHORRO HTTP/1.1" 200 1183
INFO 2025-12-30 18:10:08,668 basehttp "GET /api/animais/?species=GATO HTTP/1.1" 200 783
INFO 2025-12-30 18:10:08,706 basehttp "GET /api/animais/?gender=M HTTP/1.1" 200 1183
INFO 2025-12-30 18:10:08,747 basehttp "GET /api/animais/?gender=F HTTP/1.1" 200 783
INFO 2025-12-30 18:10:08,785 basehttp "GET /api/animais/?breed=Golden HTTP/1.1" 200 441
INFO 2025-12-30 18:10:08,822 basehttp "GET /api/animais/?age_min=3&age_max=7 HTTP/1.1" 200 1915
INFO 2025-12-30 18:10:08,860 basehttp "GET /api/animais/?weight_min=20 HTTP/1.1" 200 812
INFO 2025-12-30 18:10:08,899 basehttp "GET /api/animais/?species=CACHORRO&gender=M&weight_min=20 HTTP/1.1" 200 812
INFO 2025-12-30 18:10:08,939 basehttp "GET /api/animais/?ordering=-weight HTTP/1.1" 200 1915
INFO 2025-12-30 18:10:08,979 basehttp "GET /api/animais/?ordering=name HTTP/1.1" 200 1915
INFO 2025-12-30 18:10:09,020 basehttp "GET /api/consultas/?status=AGENDADA HTTP/1.1" 200 971
INFO 2025-12-30 18:10:09,059 basehttp "GET /api/consultas/?status=CONFIRMADA HTTP/1.1" 200 487
INFO 2025-12-30 18:10:09,100 basehttp "GET /api/consultas/?status=CONCLUIDA HTTP/1.1" 200 2383
INFO 2025-12-30 18:10:09,135 basehttp "GET /api/consultas/?tipo=ROTINA HTTP/1.1" 200 52
INFO 2025-12-30 18:10:09,173 basehttp "GET /api/consultas/?tipo=EMERGENCIA HTTP/1.1" 200 487
INFO 2025-12-30 18:10:09,216 basehttp "GET /api/consultas/?data_after=2025-12-01 HTTP/1.1" 200 2340
INFO 2025-12-30 18:10:09,256 basehttp "GET /api/consultas/?mes=12&ano=2025 HTTP/1.1" 200 2340
INFO 2025-12-30 18:10:09,298 basehttp "GET /api/consultas/?urgente=true HTTP/1.1" 200 487
INFO 2025-12-30 18:10:09,355 basehttp "GET /api/consultas/?pendente=true HTTP/1.1" 200 1407
INFO 2025-12-30 18:10:09,415 basehttp "GET /api/vacinas/ HTTP/1.1" 200 52
INFO 2025-12-30 18:10:09,464 basehttp "GET /api/vacinas/?nome_vacina=V10 HTTP/1.1" 200 52
INFO 2025-12-30 18:10:09,520 basehttp "GET /api/vacinas/?atrasada=true HTTP/1.1" 200 52
INFO 2025-12-30 18:10:09,558 basehttp "GET /api/vacinas/?proxima=true HTTP/1.1" 200 52
INFO 2025-12-30 18:10:09,598 basehttp "GET /api/vacinas/?data_aplicacao_after=2025-11-01 HTTP/1.1" 200 52
INFO 2025-12-30 18:10:09,627 basehttp "GET /api/exames/ HTTP/1.1" 200 52
INFO 2025-12-30 18:10:09,656 basehttp "GET /api/exames/?status=SOLICITADO HTTP/1.1" 200 52
INFO 2025-12-30 18:10:09,688 basehttp "GET /api/exames/?status=CONCLUIDO HTTP/1.1" 200 52
INFO 2025-12-30 18:10:09,728 basehttp "GET /api/exames/?pendente=true HTTP/1.1" 200 52
INFO 2025-12-30 18:10:09,763 basehttp "GET /api/exames/?tipo_exame=Hemograma HTTP/1.1" 200 52
INFO 2025-12-30 18:10:09,809 basehttp "GET /api/planos/ HTTP/1.1" 200 3300
INFO 2025-12-30 18:10:09,853 basehttp "GET /api/planos/?preco_max=150 HTTP/1.1" 200 1694
INFO 2025-12-30 18:10:09,891 basehttp "GET /api/planos/?preco_min=100&preco_max=200 HTTP/1.1" 200 584
INFO 2025-12-30 18:10:09,931 basehttp "GET /api/planos/?telemedicina=true HTTP/1.1" 200 1657
INFO 2025-12-30 18:10:09,968 basehttp "GET /api/planos/?atendimento_24h=true HTTP/1.1" 200 1124
INFO 2025-12-30 18:10:10,000 basehttp "GET /api/contratos/ HTTP/1.1" 200 52
INFO 2025-12-30 18:10:10,034 basehttp "GET /api/contratos/?ativo=true HTTP/1.1" 200 52
INFO 2025-12-30 18:10:10,068 basehttp "GET /api/clinicas/ HTTP/1.1" 200 664
INFO 2025-12-30 18:10:10,098 basehttp "GET /api/clinicas/?atendimento_24h=true HTTP/1.1" 200 52
INFO 2025-12-30 18:10:10,128 basehttp "GET /api/clinicas/?atende_emergencia=true HTTP/1.1" 200 52
INFO 2025-12-30 18:10:10,161 basehttp "GET /api/clinicas/?tem_internacao=true HTTP/1.1" 200 52
INFO 2025-12-30 18:10:10,195 basehttp "GET /api/animais/?page=1 HTTP/1.1" 200 1915
INFO 2025-12-30 18:10:10,233 basehttp "GET /api/animais/?page_size=5 HTTP/1.1" 200 1915
INFO 2025-12-30 18:10:10,269 basehttp "GET /api/animais/?page_size=10 HTTP/1.1" 200 1915
INFO 2025-12-30 18:10:10,303 basehttp "GET /api/animais/?ordering=name HTTP/1.1" 200 1915
INFO 2025-12-30 18:10:10,338 basehttp "GET /api/animais/?ordering=-name HTTP/1.1" 200 1915
INFO 2025-12-30 18:10:10,378 basehttp "GET /api/animais/?ordering=weight HTTP/1.1" 200 1915
INFO 2025-12-30 18:10:10,413 basehttp "GET /api/animais/?ordering=-weight HTTP/1.1" 200 1915
INFO 2025-12-30 18:10:10,452 basehttp "GET /api/consultas/?ordering=-data HTTP/1.1" 200 3739
INFO 2025-12-30 18:14:29,494 autoreload Watching for file changes with StatReloader
INFO 2025-12-30 18:20:08,858 autoreload Watching for file changes with StatReloader
WARNING 2025-12-30 18:20:20,515 log Not Found: /api/token/
WARNING 2025-12-30 18:20:20,515 basehttp "POST /api/token/ HTTP/1.1" 404 15063
INFO 2025-12-30 18:21:47,229 basehttp "POST /api/auth/login/ HTTP/1.1" 200 763
WARNING 2025-12-30 18:21:47,254 log Not Found: /api/diagnosticos/
WARNING 2025-12-30 18:21:47,254 basehttp "GET /api/diagnosticos/ HTTP/1.1" 404 15083
INFO 2025-12-30 18:21:47,288 basehttp "GET /api/ HTTP/1.1" 200 556
INFO 2025-12-30 18:23:11,777 autoreload /home/fabianosf/Desktop/Projetos/vetsystem/backend/api/urls.py changed, reloading.
INFO 2025-12-30 18:23:13,073 autoreload Watching for file changes with StatReloader
INFO 2025-12-30 18:23:26,813 basehttp "POST /api/auth/login/ HTTP/1.1" 200 763
INFO 2025-12-30 18:23:26,854 basehttp "GET /api/diagnosticos/ HTTP/1.1" 200 52
INFO 2025-12-30 18:23:26,900 basehttp "GET /api/ HTTP/1.1" 200 613
INFO 2025-12-30 18:28:11,608 basehttp "POST /api/auth/login/ HTTP/1.1" 200 763
WARNING 2025-12-30 18:30:22,203 log Unauthorized: /api/diagnosticos/
WARNING 2025-12-30 18:30:22,204 basehttp "POST /api/diagnosticos/ HTTP/1.1" 401 198
INFO 2025-12-30 18:30:50,970 basehttp "POST /api/auth/login/ HTTP/1.1" 200 763
ERROR 2025-12-30 18:31:50,332 log Internal Server Error: /api/diagnosticos/
Traceback (most recent call last):
  File "/home/fabianosf/Desktop/Projetos/vetsystem/backend/venv/lib/python3.12/site-packages/django/core/handlers/exception.py", line 55, in inner
    response = get_response(request)
               ^^^^^^^^^^^^^^^^^^^^^
  File "/home/fabianosf/Desktop/Projetos/vetsystem/backend/venv/lib/python3.12/site-packages/django/core/handlers/base.py", line 197, in _get_response
    response = wrapped_callback(request, *callback_args, **callback_kwargs)
               ^^^^^^^^^^^^^^^^^^^^^^^^^^^^^^^^^^^^^^^^^^^^^^^^^^^^^^^^^^^^
  File "/home/fabianosf/Desktop/Projetos/vetsystem/backend/venv/lib/python3.12/site-packages/django/views/decorators/csrf.py", line 56, in wrapper_view
    return view_func(*args, **kwargs)
           ^^^^^^^^^^^^^^^^^^^^^^^^^^
  File "/home/fabianosf/Desktop/Projetos/vetsystem/backend/venv/lib/python3.12/site-packages/rest_framework/viewsets.py", line 125, in view
    return self.dispatch(request, *args, **kwargs)
           ^^^^^^^^^^^^^^^^^^^^^^^^^^^^^^^^^^^^^^^
  File "/home/fabianosf/Desktop/Projetos/vetsystem/backend/venv/lib/python3.12/site-packages/rest_framework/views.py", line 509, in dispatch
    response = self.handle_exception(exc)
               ^^^^^^^^^^^^^^^^^^^^^^^^^^
  File "/home/fabianosf/Desktop/Projetos/vetsystem/backend/venv/lib/python3.12/site-packages/rest_framework/views.py", line 469, in handle_exception
    self.raise_uncaught_exception(exc)
  File "/home/fabianosf/Desktop/Projetos/vetsystem/backend/venv/lib/python3.12/site-packages/rest_framework/views.py", line 480, in raise_uncaught_exception
    raise exc
  File "/home/fabianosf/Desktop/Projetos/vetsystem/backend/venv/lib/python3.12/site-packages/rest_framework/views.py", line 506, in dispatch
    response = handler(request, *args, **kwargs)
               ^^^^^^^^^^^^^^^^^^^^^^^^^^^^^^^^^
  File "/home/fabianosf/Desktop/Projetos/vetsystem/backend/api/views/diagnostico_views.py", line 60, in create
    serializer.is_valid(raise_exception=True)
  File "/home/fabianosf/Desktop/Projetos/vetsystem/backend/venv/lib/python3.12/site-packages/rest_framework/serializers.py", line 227, in is_valid
    self._validated_data = self.run_validation(self.initial_data)
                           ^^^^^^^^^^^^^^^^^^^^^^^^^^^^^^^^^^^^^^
  File "/home/fabianosf/Desktop/Projetos/vetsystem/backend/venv/lib/python3.12/site-packages/rest_framework/serializers.py", line 426, in run_validation
    value = self.to_internal_value(data)
            ^^^^^^^^^^^^^^^^^^^^^^^^^^^^
  File "/home/fabianosf/Desktop/Projetos/vetsystem/backend/venv/lib/python3.12/site-packages/rest_framework/serializers.py", line 485, in to_internal_value
    validated_value = validate_method(validated_value)
                      ^^^^^^^^^^^^^^^^^^^^^^^^^^^^^^^^
  File "/home/fabianosf/Desktop/Projetos/vetsystem/backend/api/serializers/diagnostico_serializers.py", line 46, in validate_imagem
    ext = os.path.splitext(value.name)[1].lower()
          ^^
NameError: name 'os' is not defined. Did you forget to import 'os'
ERROR 2025-12-30 18:31:50,336 basehttp "POST /api/diagnosticos/ HTTP/1.1" 500 127858
ERROR 2025-12-30 18:32:45,411 log Internal Server Error: /api/diagnosticos/
Traceback (most recent call last):
  File "/home/fabianosf/Desktop/Projetos/vetsystem/backend/venv/lib/python3.12/site-packages/django/core/handlers/exception.py", line 55, in inner
    response = get_response(request)
               ^^^^^^^^^^^^^^^^^^^^^
  File "/home/fabianosf/Desktop/Projetos/vetsystem/backend/venv/lib/python3.12/site-packages/django/core/handlers/base.py", line 197, in _get_response
    response = wrapped_callback(request, *callback_args, **callback_kwargs)
               ^^^^^^^^^^^^^^^^^^^^^^^^^^^^^^^^^^^^^^^^^^^^^^^^^^^^^^^^^^^^
  File "/home/fabianosf/Desktop/Projetos/vetsystem/backend/venv/lib/python3.12/site-packages/django/views/decorators/csrf.py", line 56, in wrapper_view
    return view_func(*args, **kwargs)
           ^^^^^^^^^^^^^^^^^^^^^^^^^^
  File "/home/fabianosf/Desktop/Projetos/vetsystem/backend/venv/lib/python3.12/site-packages/rest_framework/viewsets.py", line 125, in view
    return self.dispatch(request, *args, **kwargs)
           ^^^^^^^^^^^^^^^^^^^^^^^^^^^^^^^^^^^^^^^
  File "/home/fabianosf/Desktop/Projetos/vetsystem/backend/venv/lib/python3.12/site-packages/rest_framework/views.py", line 509, in dispatch
    response = self.handle_exception(exc)
               ^^^^^^^^^^^^^^^^^^^^^^^^^^
  File "/home/fabianosf/Desktop/Projetos/vetsystem/backend/venv/lib/python3.12/site-packages/rest_framework/views.py", line 469, in handle_exception
    self.raise_uncaught_exception(exc)
  File "/home/fabianosf/Desktop/Projetos/vetsystem/backend/venv/lib/python3.12/site-packages/rest_framework/views.py", line 480, in raise_uncaught_exception
    raise exc
  File "/home/fabianosf/Desktop/Projetos/vetsystem/backend/venv/lib/python3.12/site-packages/rest_framework/views.py", line 506, in dispatch
    response = handler(request, *args, **kwargs)
               ^^^^^^^^^^^^^^^^^^^^^^^^^^^^^^^^^
  File "/home/fabianosf/Desktop/Projetos/vetsystem/backend/api/views/diagnostico_views.py", line 60, in create
    serializer.is_valid(raise_exception=True)
  File "/home/fabianosf/Desktop/Projetos/vetsystem/backend/venv/lib/python3.12/site-packages/rest_framework/serializers.py", line 227, in is_valid
    self._validated_data = self.run_validation(self.initial_data)
                           ^^^^^^^^^^^^^^^^^^^^^^^^^^^^^^^^^^^^^^
  File "/home/fabianosf/Desktop/Projetos/vetsystem/backend/venv/lib/python3.12/site-packages/rest_framework/serializers.py", line 426, in run_validation
    value = self.to_internal_value(data)
            ^^^^^^^^^^^^^^^^^^^^^^^^^^^^
  File "/home/fabianosf/Desktop/Projetos/vetsystem/backend/venv/lib/python3.12/site-packages/rest_framework/serializers.py", line 485, in to_internal_value
    validated_value = validate_method(validated_value)
                      ^^^^^^^^^^^^^^^^^^^^^^^^^^^^^^^^
  File "/home/fabianosf/Desktop/Projetos/vetsystem/backend/api/serializers/diagnostico_serializers.py", line 46, in validate_imagem
    ext = os.path.splitext(value.name)[1].lower()
          ^^
NameError: name 'os' is not defined. Did you forget to import 'os'
ERROR 2025-12-30 18:32:45,415 basehttp "POST /api/diagnosticos/ HTTP/1.1" 500 127858
ERROR 2025-12-30 18:33:16,100 log Internal Server Error: /api/diagnosticos/
Traceback (most recent call last):
  File "/home/fabianosf/Desktop/Projetos/vetsystem/backend/venv/lib/python3.12/site-packages/django/core/handlers/exception.py", line 55, in inner
    response = get_response(request)
               ^^^^^^^^^^^^^^^^^^^^^
  File "/home/fabianosf/Desktop/Projetos/vetsystem/backend/venv/lib/python3.12/site-packages/django/core/handlers/base.py", line 197, in _get_response
    response = wrapped_callback(request, *callback_args, **callback_kwargs)
               ^^^^^^^^^^^^^^^^^^^^^^^^^^^^^^^^^^^^^^^^^^^^^^^^^^^^^^^^^^^^
  File "/home/fabianosf/Desktop/Projetos/vetsystem/backend/venv/lib/python3.12/site-packages/django/views/decorators/csrf.py", line 56, in wrapper_view
    return view_func(*args, **kwargs)
           ^^^^^^^^^^^^^^^^^^^^^^^^^^
  File "/home/fabianosf/Desktop/Projetos/vetsystem/backend/venv/lib/python3.12/site-packages/rest_framework/viewsets.py", line 125, in view
    return self.dispatch(request, *args, **kwargs)
           ^^^^^^^^^^^^^^^^^^^^^^^^^^^^^^^^^^^^^^^
  File "/home/fabianosf/Desktop/Projetos/vetsystem/backend/venv/lib/python3.12/site-packages/rest_framework/views.py", line 509, in dispatch
    response = self.handle_exception(exc)
               ^^^^^^^^^^^^^^^^^^^^^^^^^^
  File "/home/fabianosf/Desktop/Projetos/vetsystem/backend/venv/lib/python3.12/site-packages/rest_framework/views.py", line 469, in handle_exception
    self.raise_uncaught_exception(exc)
  File "/home/fabianosf/Desktop/Projetos/vetsystem/backend/venv/lib/python3.12/site-packages/rest_framework/views.py", line 480, in raise_uncaught_exception
    raise exc
  File "/home/fabianosf/Desktop/Projetos/vetsystem/backend/venv/lib/python3.12/site-packages/rest_framework/views.py", line 506, in dispatch
    response = handler(request, *args, **kwargs)
               ^^^^^^^^^^^^^^^^^^^^^^^^^^^^^^^^^
  File "/home/fabianosf/Desktop/Projetos/vetsystem/backend/api/views/diagnostico_views.py", line 60, in create
    serializer.is_valid(raise_exception=True)
  File "/home/fabianosf/Desktop/Projetos/vetsystem/backend/venv/lib/python3.12/site-packages/rest_framework/serializers.py", line 227, in is_valid
    self._validated_data = self.run_validation(self.initial_data)
                           ^^^^^^^^^^^^^^^^^^^^^^^^^^^^^^^^^^^^^^
  File "/home/fabianosf/Desktop/Projetos/vetsystem/backend/venv/lib/python3.12/site-packages/rest_framework/serializers.py", line 426, in run_validation
    value = self.to_internal_value(data)
            ^^^^^^^^^^^^^^^^^^^^^^^^^^^^
  File "/home/fabianosf/Desktop/Projetos/vetsystem/backend/venv/lib/python3.12/site-packages/rest_framework/serializers.py", line 485, in to_internal_value
    validated_value = validate_method(validated_value)
                      ^^^^^^^^^^^^^^^^^^^^^^^^^^^^^^^^
  File "/home/fabianosf/Desktop/Projetos/vetsystem/backend/api/serializers/diagnostico_serializers.py", line 46, in validate_imagem
    ext = os.path.splitext(value.name)[1].lower()
          ^^
NameError: name 'os' is not defined. Did you forget to import 'os'
ERROR 2025-12-30 18:33:16,103 basehttp "POST /api/diagnosticos/ HTTP/1.1" 500 127858
ERROR 2025-12-30 18:33:28,757 log Internal Server Error: /api/diagnosticos/
Traceback (most recent call last):
  File "/home/fabianosf/Desktop/Projetos/vetsystem/backend/venv/lib/python3.12/site-packages/django/core/handlers/exception.py", line 55, in inner
    response = get_response(request)
               ^^^^^^^^^^^^^^^^^^^^^
  File "/home/fabianosf/Desktop/Projetos/vetsystem/backend/venv/lib/python3.12/site-packages/django/core/handlers/base.py", line 197, in _get_response
    response = wrapped_callback(request, *callback_args, **callback_kwargs)
               ^^^^^^^^^^^^^^^^^^^^^^^^^^^^^^^^^^^^^^^^^^^^^^^^^^^^^^^^^^^^
  File "/home/fabianosf/Desktop/Projetos/vetsystem/backend/venv/lib/python3.12/site-packages/django/views/decorators/csrf.py", line 56, in wrapper_view
    return view_func(*args, **kwargs)
           ^^^^^^^^^^^^^^^^^^^^^^^^^^
  File "/home/fabianosf/Desktop/Projetos/vetsystem/backend/venv/lib/python3.12/site-packages/rest_framework/viewsets.py", line 125, in view
    return self.dispatch(request, *args, **kwargs)
           ^^^^^^^^^^^^^^^^^^^^^^^^^^^^^^^^^^^^^^^
  File "/home/fabianosf/Desktop/Projetos/vetsystem/backend/venv/lib/python3.12/site-packages/rest_framework/views.py", line 509, in dispatch
    response = self.handle_exception(exc)
               ^^^^^^^^^^^^^^^^^^^^^^^^^^
  File "/home/fabianosf/Desktop/Projetos/vetsystem/backend/venv/lib/python3.12/site-packages/rest_framework/views.py", line 469, in handle_exception
    self.raise_uncaught_exception(exc)
  File "/home/fabianosf/Desktop/Projetos/vetsystem/backend/venv/lib/python3.12/site-packages/rest_framework/views.py", line 480, in raise_uncaught_exception
    raise exc
  File "/home/fabianosf/Desktop/Projetos/vetsystem/backend/venv/lib/python3.12/site-packages/rest_framework/views.py", line 506, in dispatch
    response = handler(request, *args, **kwargs)
               ^^^^^^^^^^^^^^^^^^^^^^^^^^^^^^^^^
  File "/home/fabianosf/Desktop/Projetos/vetsystem/backend/api/views/diagnostico_views.py", line 60, in create
    serializer.is_valid(raise_exception=True)
  File "/home/fabianosf/Desktop/Projetos/vetsystem/backend/venv/lib/python3.12/site-packages/rest_framework/serializers.py", line 227, in is_valid
    self._validated_data = self.run_validation(self.initial_data)
                           ^^^^^^^^^^^^^^^^^^^^^^^^^^^^^^^^^^^^^^
  File "/home/fabianosf/Desktop/Projetos/vetsystem/backend/venv/lib/python3.12/site-packages/rest_framework/serializers.py", line 426, in run_validation
    value = self.to_internal_value(data)
            ^^^^^^^^^^^^^^^^^^^^^^^^^^^^
  File "/home/fabianosf/Desktop/Projetos/vetsystem/backend/venv/lib/python3.12/site-packages/rest_framework/serializers.py", line 485, in to_internal_value
    validated_value = validate_method(validated_value)
                      ^^^^^^^^^^^^^^^^^^^^^^^^^^^^^^^^
  File "/home/fabianosf/Desktop/Projetos/vetsystem/backend/api/serializers/diagnostico_serializers.py", line 46, in validate_imagem
    ext = os.path.splitext(value.name)[1].lower()
          ^^
NameError: name 'os' is not defined. Did you forget to import 'os'
ERROR 2025-12-30 18:33:28,759 basehttp "POST /api/diagnosticos/ HTTP/1.1" 500 127858
ERROR 2025-12-30 18:34:28,420 log Internal Server Error: /api/diagnosticos/
Traceback (most recent call last):
  File "/home/fabianosf/Desktop/Projetos/vetsystem/backend/venv/lib/python3.12/site-packages/django/core/handlers/exception.py", line 55, in inner
    response = get_response(request)
               ^^^^^^^^^^^^^^^^^^^^^
  File "/home/fabianosf/Desktop/Projetos/vetsystem/backend/venv/lib/python3.12/site-packages/django/core/handlers/base.py", line 197, in _get_response
    response = wrapped_callback(request, *callback_args, **callback_kwargs)
               ^^^^^^^^^^^^^^^^^^^^^^^^^^^^^^^^^^^^^^^^^^^^^^^^^^^^^^^^^^^^
  File "/home/fabianosf/Desktop/Projetos/vetsystem/backend/venv/lib/python3.12/site-packages/django/views/decorators/csrf.py", line 56, in wrapper_view
    return view_func(*args, **kwargs)
           ^^^^^^^^^^^^^^^^^^^^^^^^^^
  File "/home/fabianosf/Desktop/Projetos/vetsystem/backend/venv/lib/python3.12/site-packages/rest_framework/viewsets.py", line 125, in view
    return self.dispatch(request, *args, **kwargs)
           ^^^^^^^^^^^^^^^^^^^^^^^^^^^^^^^^^^^^^^^
  File "/home/fabianosf/Desktop/Projetos/vetsystem/backend/venv/lib/python3.12/site-packages/rest_framework/views.py", line 509, in dispatch
    response = self.handle_exception(exc)
               ^^^^^^^^^^^^^^^^^^^^^^^^^^
  File "/home/fabianosf/Desktop/Projetos/vetsystem/backend/venv/lib/python3.12/site-packages/rest_framework/views.py", line 469, in handle_exception
    self.raise_uncaught_exception(exc)
  File "/home/fabianosf/Desktop/Projetos/vetsystem/backend/venv/lib/python3.12/site-packages/rest_framework/views.py", line 480, in raise_uncaught_exception
    raise exc
  File "/home/fabianosf/Desktop/Projetos/vetsystem/backend/venv/lib/python3.12/site-packages/rest_framework/views.py", line 506, in dispatch
    response = handler(request, *args, **kwargs)
               ^^^^^^^^^^^^^^^^^^^^^^^^^^^^^^^^^
  File "/home/fabianosf/Desktop/Projetos/vetsystem/backend/api/views/diagnostico_views.py", line 60, in create
    serializer.is_valid(raise_exception=True)
  File "/home/fabianosf/Desktop/Projetos/vetsystem/backend/venv/lib/python3.12/site-packages/rest_framework/serializers.py", line 227, in is_valid
    self._validated_data = self.run_validation(self.initial_data)
                           ^^^^^^^^^^^^^^^^^^^^^^^^^^^^^^^^^^^^^^
  File "/home/fabianosf/Desktop/Projetos/vetsystem/backend/venv/lib/python3.12/site-packages/rest_framework/serializers.py", line 426, in run_validation
    value = self.to_internal_value(data)
            ^^^^^^^^^^^^^^^^^^^^^^^^^^^^
  File "/home/fabianosf/Desktop/Projetos/vetsystem/backend/venv/lib/python3.12/site-packages/rest_framework/serializers.py", line 485, in to_internal_value
    validated_value = validate_method(validated_value)
                      ^^^^^^^^^^^^^^^^^^^^^^^^^^^^^^^^
  File "/home/fabianosf/Desktop/Projetos/vetsystem/backend/api/serializers/diagnostico_serializers.py", line 46, in validate_imagem
    ext = os.path.splitext(value.name)[1].lower()
          ^^
NameError: name 'os' is not defined. Did you forget to import 'os'
ERROR 2025-12-30 18:34:28,422 basehttp "POST /api/diagnosticos/ HTTP/1.1" 500 127858
INFO 2025-12-30 18:35:54,210 autoreload /home/fabianosf/Desktop/Projetos/vetsystem/backend/api/serializers/diagnostico_serializers.py changed, reloading.
INFO 2025-12-30 18:35:55,780 autoreload Watching for file changes with StatReloader
WARNING 2025-12-30 18:36:05,444 log Bad Request: /api/diagnosticos/
WARNING 2025-12-30 18:36:05,444 basehttp "POST /api/diagnosticos/ HTTP/1.1" 400 55
WARNING 2025-12-30 18:36:24,986 log Bad Request: /api/diagnosticos/
WARNING 2025-12-30 18:36:24,987 basehttp "POST /api/diagnosticos/ HTTP/1.1" 400 55
INFO 2025-12-30 18:37:07,053 basehttp "GET /api/animais/ HTTP/1.1" 200 1915
INFO 2025-12-30 18:37:22,883 basehttp "GET /api/animais/ HTTP/1.1" 200 1915
ERROR 2025-12-30 18:37:46,353 log Internal Server Error: /api/diagnosticos/
Traceback (most recent call last):
  File "/home/fabianosf/Desktop/Projetos/vetsystem/backend/venv/lib/python3.12/site-packages/django/db/backends/utils.py", line 89, in _execute
    return self.cursor.execute(sql, params)
           ^^^^^^^^^^^^^^^^^^^^^^^^^^^^^^^^
psycopg2.errors.NotNullViolation: null value in column "confianca" of relation "api_diagnostico_ia" violates not-null constraint
DETAIL:  Failing row contains (1, 2025-12-30 21:37:46.271464+00, 2025-12-30 21:37:46.271491+00, diagnosticos/2025/12/cachorro.jpg, {}, , null, , f, null, 12, null).


The above exception was the direct cause of the following exception:

Traceback (most recent call last):
  File "/home/fabianosf/Desktop/Projetos/vetsystem/backend/venv/lib/python3.12/site-packages/django/core/handlers/exception.py", line 55, in inner
    response = get_response(request)
               ^^^^^^^^^^^^^^^^^^^^^
  File "/home/fabianosf/Desktop/Projetos/vetsystem/backend/venv/lib/python3.12/site-packages/django/core/handlers/base.py", line 197, in _get_response
    response = wrapped_callback(request, *callback_args, **callback_kwargs)
               ^^^^^^^^^^^^^^^^^^^^^^^^^^^^^^^^^^^^^^^^^^^^^^^^^^^^^^^^^^^^
  File "/home/fabianosf/Desktop/Projetos/vetsystem/backend/venv/lib/python3.12/site-packages/django/views/decorators/csrf.py", line 56, in wrapper_view
    return view_func(*args, **kwargs)
           ^^^^^^^^^^^^^^^^^^^^^^^^^^
  File "/home/fabianosf/Desktop/Projetos/vetsystem/backend/venv/lib/python3.12/site-packages/rest_framework/viewsets.py", line 125, in view
    return self.dispatch(request, *args, **kwargs)
           ^^^^^^^^^^^^^^^^^^^^^^^^^^^^^^^^^^^^^^^
  File "/home/fabianosf/Desktop/Projetos/vetsystem/backend/venv/lib/python3.12/site-packages/rest_framework/views.py", line 509, in dispatch
    response = self.handle_exception(exc)
               ^^^^^^^^^^^^^^^^^^^^^^^^^^
  File "/home/fabianosf/Desktop/Projetos/vetsystem/backend/venv/lib/python3.12/site-packages/rest_framework/views.py", line 469, in handle_exception
    self.raise_uncaught_exception(exc)
  File "/home/fabianosf/Desktop/Projetos/vetsystem/backend/venv/lib/python3.12/site-packages/rest_framework/views.py", line 480, in raise_uncaught_exception
    raise exc
  File "/home/fabianosf/Desktop/Projetos/vetsystem/backend/venv/lib/python3.12/site-packages/rest_framework/views.py", line 506, in dispatch
    response = handler(request, *args, **kwargs)
               ^^^^^^^^^^^^^^^^^^^^^^^^^^^^^^^^^
  File "/home/fabianosf/Desktop/Projetos/vetsystem/backend/api/views/diagnostico_views.py", line 63, in create
    diagnostico = serializer.save()
                  ^^^^^^^^^^^^^^^^^
  File "/home/fabianosf/Desktop/Projetos/vetsystem/backend/venv/lib/python3.12/site-packages/rest_framework/serializers.py", line 212, in save
    self.instance = self.create(validated_data)
                    ^^^^^^^^^^^^^^^^^^^^^^^^^^^
  File "/home/fabianosf/Desktop/Projetos/vetsystem/backend/venv/lib/python3.12/site-packages/rest_framework/serializers.py", line 962, in create
    instance = ModelClass._default_manager.create(**validated_data)
               ^^^^^^^^^^^^^^^^^^^^^^^^^^^^^^^^^^^^^^^^^^^^^^^^^^^^
  File "/home/fabianosf/Desktop/Projetos/vetsystem/backend/venv/lib/python3.12/site-packages/django/db/models/manager.py", line 87, in manager_method
    return getattr(self.get_queryset(), name)(*args, **kwargs)
           ^^^^^^^^^^^^^^^^^^^^^^^^^^^^^^^^^^^^^^^^^^^^^^^^^^^
  File "/home/fabianosf/Desktop/Projetos/vetsystem/backend/venv/lib/python3.12/site-packages/django/db/models/query.py", line 658, in create
    obj.save(force_insert=True, using=self.db)
  File "/home/fabianosf/Desktop/Projetos/vetsystem/backend/venv/lib/python3.12/site-packages/django/db/models/base.py", line 814, in save
    self.save_base(
  File "/home/fabianosf/Desktop/Projetos/vetsystem/backend/venv/lib/python3.12/site-packages/django/db/models/base.py", line 877, in save_base
    updated = self._save_table(
              ^^^^^^^^^^^^^^^^^
  File "/home/fabianosf/Desktop/Projetos/vetsystem/backend/venv/lib/python3.12/site-packages/django/db/models/base.py", line 1020, in _save_table
    results = self._do_insert(
              ^^^^^^^^^^^^^^^^
  File "/home/fabianosf/Desktop/Projetos/vetsystem/backend/venv/lib/python3.12/site-packages/django/db/models/base.py", line 1061, in _do_insert
    return manager._insert(
           ^^^^^^^^^^^^^^^^
  File "/home/fabianosf/Desktop/Projetos/vetsystem/backend/venv/lib/python3.12/site-packages/django/db/models/manager.py", line 87, in manager_method
    return getattr(self.get_queryset(), name)(*args, **kwargs)
           ^^^^^^^^^^^^^^^^^^^^^^^^^^^^^^^^^^^^^^^^^^^^^^^^^^^
  File "/home/fabianosf/Desktop/Projetos/vetsystem/backend/venv/lib/python3.12/site-packages/django/db/models/query.py", line 1805, in _insert
    return query.get_compiler(using=using).execute_sql(returning_fields)
           ^^^^^^^^^^^^^^^^^^^^^^^^^^^^^^^^^^^^^^^^^^^^^^^^^^^^^^^^^^^^^
  File "/home/fabianosf/Desktop/Projetos/vetsystem/backend/venv/lib/python3.12/site-packages/django/db/models/sql/compiler.py", line 1822, in execute_sql
    cursor.execute(sql, params)
  File "/home/fabianosf/Desktop/Projetos/vetsystem/backend/venv/lib/python3.12/site-packages/django/db/backends/utils.py", line 102, in execute
    return super().execute(sql, params)
           ^^^^^^^^^^^^^^^^^^^^^^^^^^^^
  File "/home/fabianosf/Desktop/Projetos/vetsystem/backend/venv/lib/python3.12/site-packages/django/db/backends/utils.py", line 67, in execute
    return self._execute_with_wrappers(
           ^^^^^^^^^^^^^^^^^^^^^^^^^^^^
  File "/home/fabianosf/Desktop/Projetos/vetsystem/backend/venv/lib/python3.12/site-packages/django/db/backends/utils.py", line 80, in _execute_with_wrappers
    return executor(sql, params, many, context)
           ^^^^^^^^^^^^^^^^^^^^^^^^^^^^^^^^^^^^
  File "/home/fabianosf/Desktop/Projetos/vetsystem/backend/venv/lib/python3.12/site-packages/django/db/backends/utils.py", line 84, in _execute
    with self.db.wrap_database_errors:
  File "/home/fabianosf/Desktop/Projetos/vetsystem/backend/venv/lib/python3.12/site-packages/django/db/utils.py", line 91, in __exit__
    raise dj_exc_value.with_traceback(traceback) from exc_value
  File "/home/fabianosf/Desktop/Projetos/vetsystem/backend/venv/lib/python3.12/site-packages/django/db/backends/utils.py", line 89, in _execute
    return self.cursor.execute(sql, params)
           ^^^^^^^^^^^^^^^^^^^^^^^^^^^^^^^^
django.db.utils.IntegrityError: null value in column "confianca" of relation "api_diagnostico_ia" violates not-null constraint
DETAIL:  Failing row contains (1, 2025-12-30 21:37:46.271464+00, 2025-12-30 21:37:46.271491+00, diagnosticos/2025/12/cachorro.jpg, {}, , null, , f, null, 12, null).

ERROR 2025-12-30 18:37:46,358 basehttp "POST /api/diagnosticos/ HTTP/1.1" 500 208828
INFO 2025-12-30 18:38:25,095 basehttp "GET /api/animais/ HTTP/1.1" 200 1915
ERROR 2025-12-30 18:39:31,348 log Internal Server Error: /api/diagnosticos/
Traceback (most recent call last):
  File "/home/fabianosf/Desktop/Projetos/vetsystem/backend/venv/lib/python3.12/site-packages/django/db/backends/utils.py", line 89, in _execute
    return self.cursor.execute(sql, params)
           ^^^^^^^^^^^^^^^^^^^^^^^^^^^^^^^^
psycopg2.errors.NotNullViolation: null value in column "confianca" of relation "api_diagnostico_ia" violates not-null constraint
DETAIL:  Failing row contains (2, 2025-12-30 21:39:31.276979+00, 2025-12-30 21:39:31.277008+00, diagnosticos/2025/12/cachorro_80tNTpM.jpg, {}, , null, , f, null, 17, null).


The above exception was the direct cause of the following exception:

Traceback (most recent call last):
  File "/home/fabianosf/Desktop/Projetos/vetsystem/backend/venv/lib/python3.12/site-packages/django/core/handlers/exception.py", line 55, in inner
    response = get_response(request)
               ^^^^^^^^^^^^^^^^^^^^^
  File "/home/fabianosf/Desktop/Projetos/vetsystem/backend/venv/lib/python3.12/site-packages/django/core/handlers/base.py", line 197, in _get_response
    response = wrapped_callback(request, *callback_args, **callback_kwargs)
               ^^^^^^^^^^^^^^^^^^^^^^^^^^^^^^^^^^^^^^^^^^^^^^^^^^^^^^^^^^^^
  File "/home/fabianosf/Desktop/Projetos/vetsystem/backend/venv/lib/python3.12/site-packages/django/views/decorators/csrf.py", line 56, in wrapper_view
    return view_func(*args, **kwargs)
           ^^^^^^^^^^^^^^^^^^^^^^^^^^
  File "/home/fabianosf/Desktop/Projetos/vetsystem/backend/venv/lib/python3.12/site-packages/rest_framework/viewsets.py", line 125, in view
    return self.dispatch(request, *args, **kwargs)
           ^^^^^^^^^^^^^^^^^^^^^^^^^^^^^^^^^^^^^^^
  File "/home/fabianosf/Desktop/Projetos/vetsystem/backend/venv/lib/python3.12/site-packages/rest_framework/views.py", line 509, in dispatch
    response = self.handle_exception(exc)
               ^^^^^^^^^^^^^^^^^^^^^^^^^^
  File "/home/fabianosf/Desktop/Projetos/vetsystem/backend/venv/lib/python3.12/site-packages/rest_framework/views.py", line 469, in handle_exception
    self.raise_uncaught_exception(exc)
  File "/home/fabianosf/Desktop/Projetos/vetsystem/backend/venv/lib/python3.12/site-packages/rest_framework/views.py", line 480, in raise_uncaught_exception
    raise exc
  File "/home/fabianosf/Desktop/Projetos/vetsystem/backend/venv/lib/python3.12/site-packages/rest_framework/views.py", line 506, in dispatch
    response = handler(request, *args, **kwargs)
               ^^^^^^^^^^^^^^^^^^^^^^^^^^^^^^^^^
  File "/home/fabianosf/Desktop/Projetos/vetsystem/backend/api/views/diagnostico_views.py", line 63, in create
    diagnostico = serializer.save()
                  ^^^^^^^^^^^^^^^^^
  File "/home/fabianosf/Desktop/Projetos/vetsystem/backend/venv/lib/python3.12/site-packages/rest_framework/serializers.py", line 212, in save
    self.instance = self.create(validated_data)
                    ^^^^^^^^^^^^^^^^^^^^^^^^^^^
  File "/home/fabianosf/Desktop/Projetos/vetsystem/backend/venv/lib/python3.12/site-packages/rest_framework/serializers.py", line 962, in create
    instance = ModelClass._default_manager.create(**validated_data)
               ^^^^^^^^^^^^^^^^^^^^^^^^^^^^^^^^^^^^^^^^^^^^^^^^^^^^
  File "/home/fabianosf/Desktop/Projetos/vetsystem/backend/venv/lib/python3.12/site-packages/django/db/models/manager.py", line 87, in manager_method
    return getattr(self.get_queryset(), name)(*args, **kwargs)
           ^^^^^^^^^^^^^^^^^^^^^^^^^^^^^^^^^^^^^^^^^^^^^^^^^^^
  File "/home/fabianosf/Desktop/Projetos/vetsystem/backend/venv/lib/python3.12/site-packages/django/db/models/query.py", line 658, in create
    obj.save(force_insert=True, using=self.db)
  File "/home/fabianosf/Desktop/Projetos/vetsystem/backend/venv/lib/python3.12/site-packages/django/db/models/base.py", line 814, in save
    self.save_base(
  File "/home/fabianosf/Desktop/Projetos/vetsystem/backend/venv/lib/python3.12/site-packages/django/db/models/base.py", line 877, in save_base
    updated = self._save_table(
              ^^^^^^^^^^^^^^^^^
  File "/home/fabianosf/Desktop/Projetos/vetsystem/backend/venv/lib/python3.12/site-packages/django/db/models/base.py", line 1020, in _save_table
    results = self._do_insert(
              ^^^^^^^^^^^^^^^^
  File "/home/fabianosf/Desktop/Projetos/vetsystem/backend/venv/lib/python3.12/site-packages/django/db/models/base.py", line 1061, in _do_insert
    return manager._insert(
           ^^^^^^^^^^^^^^^^
  File "/home/fabianosf/Desktop/Projetos/vetsystem/backend/venv/lib/python3.12/site-packages/django/db/models/manager.py", line 87, in manager_method
    return getattr(self.get_queryset(), name)(*args, **kwargs)
           ^^^^^^^^^^^^^^^^^^^^^^^^^^^^^^^^^^^^^^^^^^^^^^^^^^^
  File "/home/fabianosf/Desktop/Projetos/vetsystem/backend/venv/lib/python3.12/site-packages/django/db/models/query.py", line 1805, in _insert
    return query.get_compiler(using=using).execute_sql(returning_fields)
           ^^^^^^^^^^^^^^^^^^^^^^^^^^^^^^^^^^^^^^^^^^^^^^^^^^^^^^^^^^^^^
  File "/home/fabianosf/Desktop/Projetos/vetsystem/backend/venv/lib/python3.12/site-packages/django/db/models/sql/compiler.py", line 1822, in execute_sql
    cursor.execute(sql, params)
  File "/home/fabianosf/Desktop/Projetos/vetsystem/backend/venv/lib/python3.12/site-packages/django/db/backends/utils.py", line 102, in execute
    return super().execute(sql, params)
           ^^^^^^^^^^^^^^^^^^^^^^^^^^^^
  File "/home/fabianosf/Desktop/Projetos/vetsystem/backend/venv/lib/python3.12/site-packages/django/db/backends/utils.py", line 67, in execute
    return self._execute_with_wrappers(
           ^^^^^^^^^^^^^^^^^^^^^^^^^^^^
  File "/home/fabianosf/Desktop/Projetos/vetsystem/backend/venv/lib/python3.12/site-packages/django/db/backends/utils.py", line 80, in _execute_with_wrappers
    return executor(sql, params, many, context)
           ^^^^^^^^^^^^^^^^^^^^^^^^^^^^^^^^^^^^
  File "/home/fabianosf/Desktop/Projetos/vetsystem/backend/venv/lib/python3.12/site-packages/django/db/backends/utils.py", line 84, in _execute
    with self.db.wrap_database_errors:
  File "/home/fabianosf/Desktop/Projetos/vetsystem/backend/venv/lib/python3.12/site-packages/django/db/utils.py", line 91, in __exit__
    raise dj_exc_value.with_traceback(traceback) from exc_value
  File "/home/fabianosf/Desktop/Projetos/vetsystem/backend/venv/lib/python3.12/site-packages/django/db/backends/utils.py", line 89, in _execute
    return self.cursor.execute(sql, params)
           ^^^^^^^^^^^^^^^^^^^^^^^^^^^^^^^^
django.db.utils.IntegrityError: null value in column "confianca" of relation "api_diagnostico_ia" violates not-null constraint
DETAIL:  Failing row contains (2, 2025-12-30 21:39:31.276979+00, 2025-12-30 21:39:31.277008+00, diagnosticos/2025/12/cachorro_80tNTpM.jpg, {}, , null, , f, null, 17, null).

ERROR 2025-12-30 18:39:31,352 basehttp "POST /api/diagnosticos/ HTTP/1.1" 500 209008
ERROR 2025-12-30 18:39:36,559 log Internal Server Error: /api/diagnosticos/
Traceback (most recent call last):
  File "/home/fabianosf/Desktop/Projetos/vetsystem/backend/venv/lib/python3.12/site-packages/django/db/backends/utils.py", line 89, in _execute
    return self.cursor.execute(sql, params)
           ^^^^^^^^^^^^^^^^^^^^^^^^^^^^^^^^
psycopg2.errors.NotNullViolation: null value in column "confianca" of relation "api_diagnostico_ia" violates not-null constraint
DETAIL:  Failing row contains (3, 2025-12-30 21:39:36.489495+00, 2025-12-30 21:39:36.489532+00, diagnosticos/2025/12/cachorro_DGmHsw9.jpg, {}, , null, , f, null, 17, null).


The above exception was the direct cause of the following exception:

Traceback (most recent call last):
  File "/home/fabianosf/Desktop/Projetos/vetsystem/backend/venv/lib/python3.12/site-packages/django/core/handlers/exception.py", line 55, in inner
    response = get_response(request)
               ^^^^^^^^^^^^^^^^^^^^^
  File "/home/fabianosf/Desktop/Projetos/vetsystem/backend/venv/lib/python3.12/site-packages/django/core/handlers/base.py", line 197, in _get_response
    response = wrapped_callback(request, *callback_args, **callback_kwargs)
               ^^^^^^^^^^^^^^^^^^^^^^^^^^^^^^^^^^^^^^^^^^^^^^^^^^^^^^^^^^^^
  File "/home/fabianosf/Desktop/Projetos/vetsystem/backend/venv/lib/python3.12/site-packages/django/views/decorators/csrf.py", line 56, in wrapper_view
    return view_func(*args, **kwargs)
           ^^^^^^^^^^^^^^^^^^^^^^^^^^
  File "/home/fabianosf/Desktop/Projetos/vetsystem/backend/venv/lib/python3.12/site-packages/rest_framework/viewsets.py", line 125, in view
    return self.dispatch(request, *args, **kwargs)
           ^^^^^^^^^^^^^^^^^^^^^^^^^^^^^^^^^^^^^^^
  File "/home/fabianosf/Desktop/Projetos/vetsystem/backend/venv/lib/python3.12/site-packages/rest_framework/views.py", line 509, in dispatch
    response = self.handle_exception(exc)
               ^^^^^^^^^^^^^^^^^^^^^^^^^^
  File "/home/fabianosf/Desktop/Projetos/vetsystem/backend/venv/lib/python3.12/site-packages/rest_framework/views.py", line 469, in handle_exception
    self.raise_uncaught_exception(exc)
  File "/home/fabianosf/Desktop/Projetos/vetsystem/backend/venv/lib/python3.12/site-packages/rest_framework/views.py", line 480, in raise_uncaught_exception
    raise exc
  File "/home/fabianosf/Desktop/Projetos/vetsystem/backend/venv/lib/python3.12/site-packages/rest_framework/views.py", line 506, in dispatch
    response = handler(request, *args, **kwargs)
               ^^^^^^^^^^^^^^^^^^^^^^^^^^^^^^^^^
  File "/home/fabianosf/Desktop/Projetos/vetsystem/backend/api/views/diagnostico_views.py", line 63, in create
    diagnostico = serializer.save()
                  ^^^^^^^^^^^^^^^^^
  File "/home/fabianosf/Desktop/Projetos/vetsystem/backend/venv/lib/python3.12/site-packages/rest_framework/serializers.py", line 212, in save
    self.instance = self.create(validated_data)
                    ^^^^^^^^^^^^^^^^^^^^^^^^^^^
  File "/home/fabianosf/Desktop/Projetos/vetsystem/backend/venv/lib/python3.12/site-packages/rest_framework/serializers.py", line 962, in create
    instance = ModelClass._default_manager.create(**validated_data)
               ^^^^^^^^^^^^^^^^^^^^^^^^^^^^^^^^^^^^^^^^^^^^^^^^^^^^
  File "/home/fabianosf/Desktop/Projetos/vetsystem/backend/venv/lib/python3.12/site-packages/django/db/models/manager.py", line 87, in manager_method
    return getattr(self.get_queryset(), name)(*args, **kwargs)
           ^^^^^^^^^^^^^^^^^^^^^^^^^^^^^^^^^^^^^^^^^^^^^^^^^^^
  File "/home/fabianosf/Desktop/Projetos/vetsystem/backend/venv/lib/python3.12/site-packages/django/db/models/query.py", line 658, in create
    obj.save(force_insert=True, using=self.db)
  File "/home/fabianosf/Desktop/Projetos/vetsystem/backend/venv/lib/python3.12/site-packages/django/db/models/base.py", line 814, in save
    self.save_base(
  File "/home/fabianosf/Desktop/Projetos/vetsystem/backend/venv/lib/python3.12/site-packages/django/db/models/base.py", line 877, in save_base
    updated = self._save_table(
              ^^^^^^^^^^^^^^^^^
  File "/home/fabianosf/Desktop/Projetos/vetsystem/backend/venv/lib/python3.12/site-packages/django/db/models/base.py", line 1020, in _save_table
    results = self._do_insert(
              ^^^^^^^^^^^^^^^^
  File "/home/fabianosf/Desktop/Projetos/vetsystem/backend/venv/lib/python3.12/site-packages/django/db/models/base.py", line 1061, in _do_insert
    return manager._insert(
           ^^^^^^^^^^^^^^^^
  File "/home/fabianosf/Desktop/Projetos/vetsystem/backend/venv/lib/python3.12/site-packages/django/db/models/manager.py", line 87, in manager_method
    return getattr(self.get_queryset(), name)(*args, **kwargs)
           ^^^^^^^^^^^^^^^^^^^^^^^^^^^^^^^^^^^^^^^^^^^^^^^^^^^
  File "/home/fabianosf/Desktop/Projetos/vetsystem/backend/venv/lib/python3.12/site-packages/django/db/models/query.py", line 1805, in _insert
    return query.get_compiler(using=using).execute_sql(returning_fields)
           ^^^^^^^^^^^^^^^^^^^^^^^^^^^^^^^^^^^^^^^^^^^^^^^^^^^^^^^^^^^^^
  File "/home/fabianosf/Desktop/Projetos/vetsystem/backend/venv/lib/python3.12/site-packages/django/db/models/sql/compiler.py", line 1822, in execute_sql
    cursor.execute(sql, params)
  File "/home/fabianosf/Desktop/Projetos/vetsystem/backend/venv/lib/python3.12/site-packages/django/db/backends/utils.py", line 102, in execute
    return super().execute(sql, params)
           ^^^^^^^^^^^^^^^^^^^^^^^^^^^^
  File "/home/fabianosf/Desktop/Projetos/vetsystem/backend/venv/lib/python3.12/site-packages/django/db/backends/utils.py", line 67, in execute
    return self._execute_with_wrappers(
           ^^^^^^^^^^^^^^^^^^^^^^^^^^^^
  File "/home/fabianosf/Desktop/Projetos/vetsystem/backend/venv/lib/python3.12/site-packages/django/db/backends/utils.py", line 80, in _execute_with_wrappers
    return executor(sql, params, many, context)
           ^^^^^^^^^^^^^^^^^^^^^^^^^^^^^^^^^^^^
  File "/home/fabianosf/Desktop/Projetos/vetsystem/backend/venv/lib/python3.12/site-packages/django/db/backends/utils.py", line 84, in _execute
    with self.db.wrap_database_errors:
  File "/home/fabianosf/Desktop/Projetos/vetsystem/backend/venv/lib/python3.12/site-packages/django/db/utils.py", line 91, in __exit__
    raise dj_exc_value.with_traceback(traceback) from exc_value
  File "/home/fabianosf/Desktop/Projetos/vetsystem/backend/venv/lib/python3.12/site-packages/django/db/backends/utils.py", line 89, in _execute
    return self.cursor.execute(sql, params)
           ^^^^^^^^^^^^^^^^^^^^^^^^^^^^^^^^
django.db.utils.IntegrityError: null value in column "confianca" of relation "api_diagnostico_ia" violates not-null constraint
DETAIL:  Failing row contains (3, 2025-12-30 21:39:36.489495+00, 2025-12-30 21:39:36.489532+00, diagnosticos/2025/12/cachorro_DGmHsw9.jpg, {}, , null, , f, null, 17, null).

ERROR 2025-12-30 18:39:36,562 basehttp "POST /api/diagnosticos/ HTTP/1.1" 500 209008
ERROR 2025-12-30 18:39:50,507 log Internal Server Error: /api/diagnosticos/
Traceback (most recent call last):
  File "/home/fabianosf/Desktop/Projetos/vetsystem/backend/venv/lib/python3.12/site-packages/django/db/backends/utils.py", line 89, in _execute
    return self.cursor.execute(sql, params)
           ^^^^^^^^^^^^^^^^^^^^^^^^^^^^^^^^
psycopg2.errors.NotNullViolation: null value in column "confianca" of relation "api_diagnostico_ia" violates not-null constraint
DETAIL:  Failing row contains (4, 2025-12-30 21:39:50.438052+00, 2025-12-30 21:39:50.43807+00, diagnosticos/2025/12/cachorro_qdKsaqH.jpg, {}, , null, , f, null, 17, null).


The above exception was the direct cause of the following exception:

Traceback (most recent call last):
  File "/home/fabianosf/Desktop/Projetos/vetsystem/backend/venv/lib/python3.12/site-packages/django/core/handlers/exception.py", line 55, in inner
    response = get_response(request)
               ^^^^^^^^^^^^^^^^^^^^^
  File "/home/fabianosf/Desktop/Projetos/vetsystem/backend/venv/lib/python3.12/site-packages/django/core/handlers/base.py", line 197, in _get_response
    response = wrapped_callback(request, *callback_args, **callback_kwargs)
               ^^^^^^^^^^^^^^^^^^^^^^^^^^^^^^^^^^^^^^^^^^^^^^^^^^^^^^^^^^^^
  File "/home/fabianosf/Desktop/Projetos/vetsystem/backend/venv/lib/python3.12/site-packages/django/views/decorators/csrf.py", line 56, in wrapper_view
    return view_func(*args, **kwargs)
           ^^^^^^^^^^^^^^^^^^^^^^^^^^
  File "/home/fabianosf/Desktop/Projetos/vetsystem/backend/venv/lib/python3.12/site-packages/rest_framework/viewsets.py", line 125, in view
    return self.dispatch(request, *args, **kwargs)
           ^^^^^^^^^^^^^^^^^^^^^^^^^^^^^^^^^^^^^^^
  File "/home/fabianosf/Desktop/Projetos/vetsystem/backend/venv/lib/python3.12/site-packages/rest_framework/views.py", line 509, in dispatch
    response = self.handle_exception(exc)
               ^^^^^^^^^^^^^^^^^^^^^^^^^^
  File "/home/fabianosf/Desktop/Projetos/vetsystem/backend/venv/lib/python3.12/site-packages/rest_framework/views.py", line 469, in handle_exception
    self.raise_uncaught_exception(exc)
  File "/home/fabianosf/Desktop/Projetos/vetsystem/backend/venv/lib/python3.12/site-packages/rest_framework/views.py", line 480, in raise_uncaught_exception
    raise exc
  File "/home/fabianosf/Desktop/Projetos/vetsystem/backend/venv/lib/python3.12/site-packages/rest_framework/views.py", line 506, in dispatch
    response = handler(request, *args, **kwargs)
               ^^^^^^^^^^^^^^^^^^^^^^^^^^^^^^^^^
  File "/home/fabianosf/Desktop/Projetos/vetsystem/backend/api/views/diagnostico_views.py", line 63, in create
    diagnostico = serializer.save()
                  ^^^^^^^^^^^^^^^^^
  File "/home/fabianosf/Desktop/Projetos/vetsystem/backend/venv/lib/python3.12/site-packages/rest_framework/serializers.py", line 212, in save
    self.instance = self.create(validated_data)
                    ^^^^^^^^^^^^^^^^^^^^^^^^^^^
  File "/home/fabianosf/Desktop/Projetos/vetsystem/backend/venv/lib/python3.12/site-packages/rest_framework/serializers.py", line 962, in create
    instance = ModelClass._default_manager.create(**validated_data)
               ^^^^^^^^^^^^^^^^^^^^^^^^^^^^^^^^^^^^^^^^^^^^^^^^^^^^
  File "/home/fabianosf/Desktop/Projetos/vetsystem/backend/venv/lib/python3.12/site-packages/django/db/models/manager.py", line 87, in manager_method
    return getattr(self.get_queryset(), name)(*args, **kwargs)
           ^^^^^^^^^^^^^^^^^^^^^^^^^^^^^^^^^^^^^^^^^^^^^^^^^^^
  File "/home/fabianosf/Desktop/Projetos/vetsystem/backend/venv/lib/python3.12/site-packages/django/db/models/query.py", line 658, in create
    obj.save(force_insert=True, using=self.db)
  File "/home/fabianosf/Desktop/Projetos/vetsystem/backend/venv/lib/python3.12/site-packages/django/db/models/base.py", line 814, in save
    self.save_base(
  File "/home/fabianosf/Desktop/Projetos/vetsystem/backend/venv/lib/python3.12/site-packages/django/db/models/base.py", line 877, in save_base
    updated = self._save_table(
              ^^^^^^^^^^^^^^^^^
  File "/home/fabianosf/Desktop/Projetos/vetsystem/backend/venv/lib/python3.12/site-packages/django/db/models/base.py", line 1020, in _save_table
    results = self._do_insert(
              ^^^^^^^^^^^^^^^^
  File "/home/fabianosf/Desktop/Projetos/vetsystem/backend/venv/lib/python3.12/site-packages/django/db/models/base.py", line 1061, in _do_insert
    return manager._insert(
           ^^^^^^^^^^^^^^^^
  File "/home/fabianosf/Desktop/Projetos/vetsystem/backend/venv/lib/python3.12/site-packages/django/db/models/manager.py", line 87, in manager_method
    return getattr(self.get_queryset(), name)(*args, **kwargs)
           ^^^^^^^^^^^^^^^^^^^^^^^^^^^^^^^^^^^^^^^^^^^^^^^^^^^
  File "/home/fabianosf/Desktop/Projetos/vetsystem/backend/venv/lib/python3.12/site-packages/django/db/models/query.py", line 1805, in _insert
    return query.get_compiler(using=using).execute_sql(returning_fields)
           ^^^^^^^^^^^^^^^^^^^^^^^^^^^^^^^^^^^^^^^^^^^^^^^^^^^^^^^^^^^^^
  File "/home/fabianosf/Desktop/Projetos/vetsystem/backend/venv/lib/python3.12/site-packages/django/db/models/sql/compiler.py", line 1822, in execute_sql
    cursor.execute(sql, params)
  File "/home/fabianosf/Desktop/Projetos/vetsystem/backend/venv/lib/python3.12/site-packages/django/db/backends/utils.py", line 102, in execute
    return super().execute(sql, params)
           ^^^^^^^^^^^^^^^^^^^^^^^^^^^^
  File "/home/fabianosf/Desktop/Projetos/vetsystem/backend/venv/lib/python3.12/site-packages/django/db/backends/utils.py", line 67, in execute
    return self._execute_with_wrappers(
           ^^^^^^^^^^^^^^^^^^^^^^^^^^^^
  File "/home/fabianosf/Desktop/Projetos/vetsystem/backend/venv/lib/python3.12/site-packages/django/db/backends/utils.py", line 80, in _execute_with_wrappers
    return executor(sql, params, many, context)
           ^^^^^^^^^^^^^^^^^^^^^^^^^^^^^^^^^^^^
  File "/home/fabianosf/Desktop/Projetos/vetsystem/backend/venv/lib/python3.12/site-packages/django/db/backends/utils.py", line 84, in _execute
    with self.db.wrap_database_errors:
  File "/home/fabianosf/Desktop/Projetos/vetsystem/backend/venv/lib/python3.12/site-packages/django/db/utils.py", line 91, in __exit__
    raise dj_exc_value.with_traceback(traceback) from exc_value
  File "/home/fabianosf/Desktop/Projetos/vetsystem/backend/venv/lib/python3.12/site-packages/django/db/backends/utils.py", line 89, in _execute
    return self.cursor.execute(sql, params)
           ^^^^^^^^^^^^^^^^^^^^^^^^^^^^^^^^
django.db.utils.IntegrityError: null value in column "confianca" of relation "api_diagnostico_ia" violates not-null constraint
DETAIL:  Failing row contains (4, 2025-12-30 21:39:50.438052+00, 2025-12-30 21:39:50.43807+00, diagnosticos/2025/12/cachorro_qdKsaqH.jpg, {}, , null, , f, null, 17, null).

ERROR 2025-12-30 18:39:50,510 basehttp "POST /api/diagnosticos/ HTTP/1.1" 500 208998
INFO 2025-12-30 18:41:58,518 autoreload /home/fabianosf/Desktop/Projetos/vetsystem/backend/api/models/diagnostico.py changed, reloading.
INFO 2025-12-30 18:41:59,816 autoreload Watching for file changes with StatReloader
ERROR 2025-12-30 18:42:07,509 log Internal Server Error: /api/diagnosticos/
Traceback (most recent call last):
  File "/home/fabianosf/Desktop/Projetos/vetsystem/backend/venv/lib/python3.12/site-packages/django/db/backends/utils.py", line 89, in _execute
    return self.cursor.execute(sql, params)
           ^^^^^^^^^^^^^^^^^^^^^^^^^^^^^^^^
psycopg2.errors.NotNullViolation: null value in column "confianca" of relation "api_diagnostico_ia" violates not-null constraint
DETAIL:  Failing row contains (5, 2025-12-30 21:42:07.425903+00, 2025-12-30 21:42:07.42593+00, diagnosticos/2025/12/cachorro_TBzZssw.jpg, {}, , null, , f, null, 17, null).


The above exception was the direct cause of the following exception:

Traceback (most recent call last):
  File "/home/fabianosf/Desktop/Projetos/vetsystem/backend/venv/lib/python3.12/site-packages/django/core/handlers/exception.py", line 55, in inner
    response = get_response(request)
               ^^^^^^^^^^^^^^^^^^^^^
  File "/home/fabianosf/Desktop/Projetos/vetsystem/backend/venv/lib/python3.12/site-packages/django/core/handlers/base.py", line 197, in _get_response
    response = wrapped_callback(request, *callback_args, **callback_kwargs)
               ^^^^^^^^^^^^^^^^^^^^^^^^^^^^^^^^^^^^^^^^^^^^^^^^^^^^^^^^^^^^
  File "/home/fabianosf/Desktop/Projetos/vetsystem/backend/venv/lib/python3.12/site-packages/django/views/decorators/csrf.py", line 56, in wrapper_view
    return view_func(*args, **kwargs)
           ^^^^^^^^^^^^^^^^^^^^^^^^^^
  File "/home/fabianosf/Desktop/Projetos/vetsystem/backend/venv/lib/python3.12/site-packages/rest_framework/viewsets.py", line 125, in view
    return self.dispatch(request, *args, **kwargs)
           ^^^^^^^^^^^^^^^^^^^^^^^^^^^^^^^^^^^^^^^
  File "/home/fabianosf/Desktop/Projetos/vetsystem/backend/venv/lib/python3.12/site-packages/rest_framework/views.py", line 509, in dispatch
    response = self.handle_exception(exc)
               ^^^^^^^^^^^^^^^^^^^^^^^^^^
  File "/home/fabianosf/Desktop/Projetos/vetsystem/backend/venv/lib/python3.12/site-packages/rest_framework/views.py", line 469, in handle_exception
    self.raise_uncaught_exception(exc)
  File "/home/fabianosf/Desktop/Projetos/vetsystem/backend/venv/lib/python3.12/site-packages/rest_framework/views.py", line 480, in raise_uncaught_exception
    raise exc
  File "/home/fabianosf/Desktop/Projetos/vetsystem/backend/venv/lib/python3.12/site-packages/rest_framework/views.py", line 506, in dispatch
    response = handler(request, *args, **kwargs)
               ^^^^^^^^^^^^^^^^^^^^^^^^^^^^^^^^^
  File "/home/fabianosf/Desktop/Projetos/vetsystem/backend/api/views/diagnostico_views.py", line 63, in create
    diagnostico = serializer.save()
                  ^^^^^^^^^^^^^^^^^
  File "/home/fabianosf/Desktop/Projetos/vetsystem/backend/venv/lib/python3.12/site-packages/rest_framework/serializers.py", line 212, in save
    self.instance = self.create(validated_data)
                    ^^^^^^^^^^^^^^^^^^^^^^^^^^^
  File "/home/fabianosf/Desktop/Projetos/vetsystem/backend/venv/lib/python3.12/site-packages/rest_framework/serializers.py", line 962, in create
    instance = ModelClass._default_manager.create(**validated_data)
               ^^^^^^^^^^^^^^^^^^^^^^^^^^^^^^^^^^^^^^^^^^^^^^^^^^^^
  File "/home/fabianosf/Desktop/Projetos/vetsystem/backend/venv/lib/python3.12/site-packages/django/db/models/manager.py", line 87, in manager_method
    return getattr(self.get_queryset(), name)(*args, **kwargs)
           ^^^^^^^^^^^^^^^^^^^^^^^^^^^^^^^^^^^^^^^^^^^^^^^^^^^
  File "/home/fabianosf/Desktop/Projetos/vetsystem/backend/venv/lib/python3.12/site-packages/django/db/models/query.py", line 658, in create
    obj.save(force_insert=True, using=self.db)
  File "/home/fabianosf/Desktop/Projetos/vetsystem/backend/venv/lib/python3.12/site-packages/django/db/models/base.py", line 814, in save
    self.save_base(
  File "/home/fabianosf/Desktop/Projetos/vetsystem/backend/venv/lib/python3.12/site-packages/django/db/models/base.py", line 877, in save_base
    updated = self._save_table(
              ^^^^^^^^^^^^^^^^^
  File "/home/fabianosf/Desktop/Projetos/vetsystem/backend/venv/lib/python3.12/site-packages/django/db/models/base.py", line 1020, in _save_table
    results = self._do_insert(
              ^^^^^^^^^^^^^^^^
  File "/home/fabianosf/Desktop/Projetos/vetsystem/backend/venv/lib/python3.12/site-packages/django/db/models/base.py", line 1061, in _do_insert
    return manager._insert(
           ^^^^^^^^^^^^^^^^
  File "/home/fabianosf/Desktop/Projetos/vetsystem/backend/venv/lib/python3.12/site-packages/django/db/models/manager.py", line 87, in manager_method
    return getattr(self.get_queryset(), name)(*args, **kwargs)
           ^^^^^^^^^^^^^^^^^^^^^^^^^^^^^^^^^^^^^^^^^^^^^^^^^^^
  File "/home/fabianosf/Desktop/Projetos/vetsystem/backend/venv/lib/python3.12/site-packages/django/db/models/query.py", line 1805, in _insert
    return query.get_compiler(using=using).execute_sql(returning_fields)
           ^^^^^^^^^^^^^^^^^^^^^^^^^^^^^^^^^^^^^^^^^^^^^^^^^^^^^^^^^^^^^
  File "/home/fabianosf/Desktop/Projetos/vetsystem/backend/venv/lib/python3.12/site-packages/django/db/models/sql/compiler.py", line 1822, in execute_sql
    cursor.execute(sql, params)
  File "/home/fabianosf/Desktop/Projetos/vetsystem/backend/venv/lib/python3.12/site-packages/django/db/backends/utils.py", line 102, in execute
    return super().execute(sql, params)
           ^^^^^^^^^^^^^^^^^^^^^^^^^^^^
  File "/home/fabianosf/Desktop/Projetos/vetsystem/backend/venv/lib/python3.12/site-packages/django/db/backends/utils.py", line 67, in execute
    return self._execute_with_wrappers(
           ^^^^^^^^^^^^^^^^^^^^^^^^^^^^
  File "/home/fabianosf/Desktop/Projetos/vetsystem/backend/venv/lib/python3.12/site-packages/django/db/backends/utils.py", line 80, in _execute_with_wrappers
    return executor(sql, params, many, context)
           ^^^^^^^^^^^^^^^^^^^^^^^^^^^^^^^^^^^^
  File "/home/fabianosf/Desktop/Projetos/vetsystem/backend/venv/lib/python3.12/site-packages/django/db/backends/utils.py", line 84, in _execute
    with self.db.wrap_database_errors:
  File "/home/fabianosf/Desktop/Projetos/vetsystem/backend/venv/lib/python3.12/site-packages/django/db/utils.py", line 91, in __exit__
    raise dj_exc_value.with_traceback(traceback) from exc_value
  File "/home/fabianosf/Desktop/Projetos/vetsystem/backend/venv/lib/python3.12/site-packages/django/db/backends/utils.py", line 89, in _execute
    return self.cursor.execute(sql, params)
           ^^^^^^^^^^^^^^^^^^^^^^^^^^^^^^^^
django.db.utils.IntegrityError: null value in column "confianca" of relation "api_diagnostico_ia" violates not-null constraint
DETAIL:  Failing row contains (5, 2025-12-30 21:42:07.425903+00, 2025-12-30 21:42:07.42593+00, diagnosticos/2025/12/cachorro_TBzZssw.jpg, {}, , null, , f, null, 17, null).

ERROR 2025-12-30 18:42:07,516 basehttp "POST /api/diagnosticos/ HTTP/1.1" 500 208984
ERROR 2025-12-30 18:42:53,684 log Internal Server Error: /api/diagnosticos/
Traceback (most recent call last):
  File "/home/fabianosf/Desktop/Projetos/vetsystem/backend/venv/lib/python3.12/site-packages/django/db/backends/utils.py", line 89, in _execute
    return self.cursor.execute(sql, params)
           ^^^^^^^^^^^^^^^^^^^^^^^^^^^^^^^^
psycopg2.errors.NotNullViolation: null value in column "confianca" of relation "api_diagnostico_ia" violates not-null constraint
DETAIL:  Failing row contains (6, 2025-12-30 21:42:53.606652+00, 2025-12-30 21:42:53.606672+00, diagnosticos/2025/12/cachorro_mImotMc.jpg, {}, , null, , f, null, 17, null).


The above exception was the direct cause of the following exception:

Traceback (most recent call last):
  File "/home/fabianosf/Desktop/Projetos/vetsystem/backend/venv/lib/python3.12/site-packages/django/core/handlers/exception.py", line 55, in inner
    response = get_response(request)
               ^^^^^^^^^^^^^^^^^^^^^
  File "/home/fabianosf/Desktop/Projetos/vetsystem/backend/venv/lib/python3.12/site-packages/django/core/handlers/base.py", line 197, in _get_response
    response = wrapped_callback(request, *callback_args, **callback_kwargs)
               ^^^^^^^^^^^^^^^^^^^^^^^^^^^^^^^^^^^^^^^^^^^^^^^^^^^^^^^^^^^^
  File "/home/fabianosf/Desktop/Projetos/vetsystem/backend/venv/lib/python3.12/site-packages/django/views/decorators/csrf.py", line 56, in wrapper_view
    return view_func(*args, **kwargs)
           ^^^^^^^^^^^^^^^^^^^^^^^^^^
  File "/home/fabianosf/Desktop/Projetos/vetsystem/backend/venv/lib/python3.12/site-packages/rest_framework/viewsets.py", line 125, in view
    return self.dispatch(request, *args, **kwargs)
           ^^^^^^^^^^^^^^^^^^^^^^^^^^^^^^^^^^^^^^^
  File "/home/fabianosf/Desktop/Projetos/vetsystem/backend/venv/lib/python3.12/site-packages/rest_framework/views.py", line 509, in dispatch
    response = self.handle_exception(exc)
               ^^^^^^^^^^^^^^^^^^^^^^^^^^
  File "/home/fabianosf/Desktop/Projetos/vetsystem/backend/venv/lib/python3.12/site-packages/rest_framework/views.py", line 469, in handle_exception
    self.raise_uncaught_exception(exc)
  File "/home/fabianosf/Desktop/Projetos/vetsystem/backend/venv/lib/python3.12/site-packages/rest_framework/views.py", line 480, in raise_uncaught_exception
    raise exc
  File "/home/fabianosf/Desktop/Projetos/vetsystem/backend/venv/lib/python3.12/site-packages/rest_framework/views.py", line 506, in dispatch
    response = handler(request, *args, **kwargs)
               ^^^^^^^^^^^^^^^^^^^^^^^^^^^^^^^^^
  File "/home/fabianosf/Desktop/Projetos/vetsystem/backend/api/views/diagnostico_views.py", line 63, in create
    diagnostico = serializer.save()
                  ^^^^^^^^^^^^^^^^^
  File "/home/fabianosf/Desktop/Projetos/vetsystem/backend/venv/lib/python3.12/site-packages/rest_framework/serializers.py", line 212, in save
    self.instance = self.create(validated_data)
                    ^^^^^^^^^^^^^^^^^^^^^^^^^^^
  File "/home/fabianosf/Desktop/Projetos/vetsystem/backend/venv/lib/python3.12/site-packages/rest_framework/serializers.py", line 962, in create
    instance = ModelClass._default_manager.create(**validated_data)
               ^^^^^^^^^^^^^^^^^^^^^^^^^^^^^^^^^^^^^^^^^^^^^^^^^^^^
  File "/home/fabianosf/Desktop/Projetos/vetsystem/backend/venv/lib/python3.12/site-packages/django/db/models/manager.py", line 87, in manager_method
    return getattr(self.get_queryset(), name)(*args, **kwargs)
           ^^^^^^^^^^^^^^^^^^^^^^^^^^^^^^^^^^^^^^^^^^^^^^^^^^^
  File "/home/fabianosf/Desktop/Projetos/vetsystem/backend/venv/lib/python3.12/site-packages/django/db/models/query.py", line 658, in create
    obj.save(force_insert=True, using=self.db)
  File "/home/fabianosf/Desktop/Projetos/vetsystem/backend/venv/lib/python3.12/site-packages/django/db/models/base.py", line 814, in save
    self.save_base(
  File "/home/fabianosf/Desktop/Projetos/vetsystem/backend/venv/lib/python3.12/site-packages/django/db/models/base.py", line 877, in save_base
    updated = self._save_table(
              ^^^^^^^^^^^^^^^^^
  File "/home/fabianosf/Desktop/Projetos/vetsystem/backend/venv/lib/python3.12/site-packages/django/db/models/base.py", line 1020, in _save_table
    results = self._do_insert(
              ^^^^^^^^^^^^^^^^
  File "/home/fabianosf/Desktop/Projetos/vetsystem/backend/venv/lib/python3.12/site-packages/django/db/models/base.py", line 1061, in _do_insert
    return manager._insert(
           ^^^^^^^^^^^^^^^^
  File "/home/fabianosf/Desktop/Projetos/vetsystem/backend/venv/lib/python3.12/site-packages/django/db/models/manager.py", line 87, in manager_method
    return getattr(self.get_queryset(), name)(*args, **kwargs)
           ^^^^^^^^^^^^^^^^^^^^^^^^^^^^^^^^^^^^^^^^^^^^^^^^^^^
  File "/home/fabianosf/Desktop/Projetos/vetsystem/backend/venv/lib/python3.12/site-packages/django/db/models/query.py", line 1805, in _insert
    return query.get_compiler(using=using).execute_sql(returning_fields)
           ^^^^^^^^^^^^^^^^^^^^^^^^^^^^^^^^^^^^^^^^^^^^^^^^^^^^^^^^^^^^^
  File "/home/fabianosf/Desktop/Projetos/vetsystem/backend/venv/lib/python3.12/site-packages/django/db/models/sql/compiler.py", line 1822, in execute_sql
    cursor.execute(sql, params)
  File "/home/fabianosf/Desktop/Projetos/vetsystem/backend/venv/lib/python3.12/site-packages/django/db/backends/utils.py", line 102, in execute
    return super().execute(sql, params)
           ^^^^^^^^^^^^^^^^^^^^^^^^^^^^
  File "/home/fabianosf/Desktop/Projetos/vetsystem/backend/venv/lib/python3.12/site-packages/django/db/backends/utils.py", line 67, in execute
    return self._execute_with_wrappers(
           ^^^^^^^^^^^^^^^^^^^^^^^^^^^^
  File "/home/fabianosf/Desktop/Projetos/vetsystem/backend/venv/lib/python3.12/site-packages/django/db/backends/utils.py", line 80, in _execute_with_wrappers
    return executor(sql, params, many, context)
           ^^^^^^^^^^^^^^^^^^^^^^^^^^^^^^^^^^^^
  File "/home/fabianosf/Desktop/Projetos/vetsystem/backend/venv/lib/python3.12/site-packages/django/db/backends/utils.py", line 84, in _execute
    with self.db.wrap_database_errors:
  File "/home/fabianosf/Desktop/Projetos/vetsystem/backend/venv/lib/python3.12/site-packages/django/db/utils.py", line 91, in __exit__
    raise dj_exc_value.with_traceback(traceback) from exc_value
  File "/home/fabianosf/Desktop/Projetos/vetsystem/backend/venv/lib/python3.12/site-packages/django/db/backends/utils.py", line 89, in _execute
    return self.cursor.execute(sql, params)
           ^^^^^^^^^^^^^^^^^^^^^^^^^^^^^^^^
django.db.utils.IntegrityError: null value in column "confianca" of relation "api_diagnostico_ia" violates not-null constraint
DETAIL:  Failing row contains (6, 2025-12-30 21:42:53.606652+00, 2025-12-30 21:42:53.606672+00, diagnosticos/2025/12/cachorro_mImotMc.jpg, {}, , null, , f, null, 17, null).

ERROR 2025-12-30 18:42:53,687 basehttp "POST /api/diagnosticos/ HTTP/1.1" 500 209008
ERROR 2025-12-30 18:43:10,497 log Internal Server Error: /api/diagnosticos/
Traceback (most recent call last):
  File "/home/fabianosf/Desktop/Projetos/vetsystem/backend/venv/lib/python3.12/site-packages/django/db/backends/utils.py", line 89, in _execute
    return self.cursor.execute(sql, params)
           ^^^^^^^^^^^^^^^^^^^^^^^^^^^^^^^^
psycopg2.errors.NotNullViolation: null value in column "confianca" of relation "api_diagnostico_ia" violates not-null constraint
DETAIL:  Failing row contains (7, 2025-12-30 21:43:10.422119+00, 2025-12-30 21:43:10.422139+00, diagnosticos/2025/12/cachorro_6rVCa7y.jpg, {}, , null, , f, null, 17, null).


The above exception was the direct cause of the following exception:

Traceback (most recent call last):
  File "/home/fabianosf/Desktop/Projetos/vetsystem/backend/venv/lib/python3.12/site-packages/django/core/handlers/exception.py", line 55, in inner
    response = get_response(request)
               ^^^^^^^^^^^^^^^^^^^^^
  File "/home/fabianosf/Desktop/Projetos/vetsystem/backend/venv/lib/python3.12/site-packages/django/core/handlers/base.py", line 197, in _get_response
    response = wrapped_callback(request, *callback_args, **callback_kwargs)
               ^^^^^^^^^^^^^^^^^^^^^^^^^^^^^^^^^^^^^^^^^^^^^^^^^^^^^^^^^^^^
  File "/home/fabianosf/Desktop/Projetos/vetsystem/backend/venv/lib/python3.12/site-packages/django/views/decorators/csrf.py", line 56, in wrapper_view
    return view_func(*args, **kwargs)
           ^^^^^^^^^^^^^^^^^^^^^^^^^^
  File "/home/fabianosf/Desktop/Projetos/vetsystem/backend/venv/lib/python3.12/site-packages/rest_framework/viewsets.py", line 125, in view
    return self.dispatch(request, *args, **kwargs)
           ^^^^^^^^^^^^^^^^^^^^^^^^^^^^^^^^^^^^^^^
  File "/home/fabianosf/Desktop/Projetos/vetsystem/backend/venv/lib/python3.12/site-packages/rest_framework/views.py", line 509, in dispatch
    response = self.handle_exception(exc)
               ^^^^^^^^^^^^^^^^^^^^^^^^^^
  File "/home/fabianosf/Desktop/Projetos/vetsystem/backend/venv/lib/python3.12/site-packages/rest_framework/views.py", line 469, in handle_exception
    self.raise_uncaught_exception(exc)
  File "/home/fabianosf/Desktop/Projetos/vetsystem/backend/venv/lib/python3.12/site-packages/rest_framework/views.py", line 480, in raise_uncaught_exception
    raise exc
  File "/home/fabianosf/Desktop/Projetos/vetsystem/backend/venv/lib/python3.12/site-packages/rest_framework/views.py", line 506, in dispatch
    response = handler(request, *args, **kwargs)
               ^^^^^^^^^^^^^^^^^^^^^^^^^^^^^^^^^
  File "/home/fabianosf/Desktop/Projetos/vetsystem/backend/api/views/diagnostico_views.py", line 63, in create
    diagnostico = serializer.save()
                  ^^^^^^^^^^^^^^^^^
  File "/home/fabianosf/Desktop/Projetos/vetsystem/backend/venv/lib/python3.12/site-packages/rest_framework/serializers.py", line 212, in save
    self.instance = self.create(validated_data)
                    ^^^^^^^^^^^^^^^^^^^^^^^^^^^
  File "/home/fabianosf/Desktop/Projetos/vetsystem/backend/venv/lib/python3.12/site-packages/rest_framework/serializers.py", line 962, in create
    instance = ModelClass._default_manager.create(**validated_data)
               ^^^^^^^^^^^^^^^^^^^^^^^^^^^^^^^^^^^^^^^^^^^^^^^^^^^^
  File "/home/fabianosf/Desktop/Projetos/vetsystem/backend/venv/lib/python3.12/site-packages/django/db/models/manager.py", line 87, in manager_method
    return getattr(self.get_queryset(), name)(*args, **kwargs)
           ^^^^^^^^^^^^^^^^^^^^^^^^^^^^^^^^^^^^^^^^^^^^^^^^^^^
  File "/home/fabianosf/Desktop/Projetos/vetsystem/backend/venv/lib/python3.12/site-packages/django/db/models/query.py", line 658, in create
    obj.save(force_insert=True, using=self.db)
  File "/home/fabianosf/Desktop/Projetos/vetsystem/backend/venv/lib/python3.12/site-packages/django/db/models/base.py", line 814, in save
    self.save_base(
  File "/home/fabianosf/Desktop/Projetos/vetsystem/backend/venv/lib/python3.12/site-packages/django/db/models/base.py", line 877, in save_base
    updated = self._save_table(
              ^^^^^^^^^^^^^^^^^
  File "/home/fabianosf/Desktop/Projetos/vetsystem/backend/venv/lib/python3.12/site-packages/django/db/models/base.py", line 1020, in _save_table
    results = self._do_insert(
              ^^^^^^^^^^^^^^^^
  File "/home/fabianosf/Desktop/Projetos/vetsystem/backend/venv/lib/python3.12/site-packages/django/db/models/base.py", line 1061, in _do_insert
    return manager._insert(
           ^^^^^^^^^^^^^^^^
  File "/home/fabianosf/Desktop/Projetos/vetsystem/backend/venv/lib/python3.12/site-packages/django/db/models/manager.py", line 87, in manager_method
    return getattr(self.get_queryset(), name)(*args, **kwargs)
           ^^^^^^^^^^^^^^^^^^^^^^^^^^^^^^^^^^^^^^^^^^^^^^^^^^^
  File "/home/fabianosf/Desktop/Projetos/vetsystem/backend/venv/lib/python3.12/site-packages/django/db/models/query.py", line 1805, in _insert
    return query.get_compiler(using=using).execute_sql(returning_fields)
           ^^^^^^^^^^^^^^^^^^^^^^^^^^^^^^^^^^^^^^^^^^^^^^^^^^^^^^^^^^^^^
  File "/home/fabianosf/Desktop/Projetos/vetsystem/backend/venv/lib/python3.12/site-packages/django/db/models/sql/compiler.py", line 1822, in execute_sql
    cursor.execute(sql, params)
  File "/home/fabianosf/Desktop/Projetos/vetsystem/backend/venv/lib/python3.12/site-packages/django/db/backends/utils.py", line 102, in execute
    return super().execute(sql, params)
           ^^^^^^^^^^^^^^^^^^^^^^^^^^^^
  File "/home/fabianosf/Desktop/Projetos/vetsystem/backend/venv/lib/python3.12/site-packages/django/db/backends/utils.py", line 67, in execute
    return self._execute_with_wrappers(
           ^^^^^^^^^^^^^^^^^^^^^^^^^^^^
  File "/home/fabianosf/Desktop/Projetos/vetsystem/backend/venv/lib/python3.12/site-packages/django/db/backends/utils.py", line 80, in _execute_with_wrappers
    return executor(sql, params, many, context)
           ^^^^^^^^^^^^^^^^^^^^^^^^^^^^^^^^^^^^
  File "/home/fabianosf/Desktop/Projetos/vetsystem/backend/venv/lib/python3.12/site-packages/django/db/backends/utils.py", line 84, in _execute
    with self.db.wrap_database_errors:
  File "/home/fabianosf/Desktop/Projetos/vetsystem/backend/venv/lib/python3.12/site-packages/django/db/utils.py", line 91, in __exit__
    raise dj_exc_value.with_traceback(traceback) from exc_value
  File "/home/fabianosf/Desktop/Projetos/vetsystem/backend/venv/lib/python3.12/site-packages/django/db/backends/utils.py", line 89, in _execute
    return self.cursor.execute(sql, params)
           ^^^^^^^^^^^^^^^^^^^^^^^^^^^^^^^^
django.db.utils.IntegrityError: null value in column "confianca" of relation "api_diagnostico_ia" violates not-null constraint
DETAIL:  Failing row contains (7, 2025-12-30 21:43:10.422119+00, 2025-12-30 21:43:10.422139+00, diagnosticos/2025/12/cachorro_6rVCa7y.jpg, {}, , null, , f, null, 17, null).

ERROR 2025-12-30 18:43:10,499 basehttp "POST /api/diagnosticos/ HTTP/1.1" 500 209008
INFO 2025-12-30 18:48:35,370 autoreload Watching for file changes with StatReloader
INFO 2025-12-30 18:48:51,810 basehttp "POST /api/diagnosticos/ HTTP/1.1" 201 4200
INFO 2025-12-30 19:12:06,371 autoreload Watching for file changes with StatReloader
INFO 2025-12-30 19:12:32,031 basehttp "OPTIONS /api/planos/ HTTP/1.1" 200 0
INFO 2025-12-30 19:12:32,033 basehttp "OPTIONS /api/notificacoes/nao_lidas/ HTTP/1.1" 200 0
INFO 2025-12-30 19:12:32,035 basehttp "OPTIONS /api/notificacoes/nao_lidas/ HTTP/1.1" 200 0
INFO 2025-12-30 19:12:32,037 basehttp "OPTIONS /api/veterinarios/ HTTP/1.1" 200 0
INFO 2025-12-30 19:12:32,037 basehttp "OPTIONS /api/animais/ HTTP/1.1" 200 0
INFO 2025-12-30 19:12:32,039 basehttp "OPTIONS /api/tutores/ HTTP/1.1" 200 0
INFO 2025-12-30 19:12:32,057 basehttp "OPTIONS /api/animais/ HTTP/1.1" 200 0
INFO 2025-12-30 19:12:32,059 basehttp "OPTIONS /api/planos/ HTTP/1.1" 200 0
INFO 2025-12-30 19:12:32,063 basehttp "OPTIONS /api/tutores/ HTTP/1.1" 200 0
INFO 2025-12-30 19:12:32,064 basehttp "OPTIONS /api/veterinarios/ HTTP/1.1" 200 0
WARNING 2025-12-30 19:12:32,075 log Unauthorized: /api/notificacoes/nao_lidas/
WARNING 2025-12-30 19:12:32,076 log Unauthorized: /api/planos/
WARNING 2025-12-30 19:12:32,076 basehttp "GET /api/notificacoes/nao_lidas/ HTTP/1.1" 401 191
WARNING 2025-12-30 19:12:32,077 basehttp "GET /api/planos/ HTTP/1.1" 401 191
WARNING 2025-12-30 19:12:32,145 log Unauthorized: /api/veterinarios/
WARNING 2025-12-30 19:12:32,148 log Unauthorized: /api/notificacoes/nao_lidas/
WARNING 2025-12-30 19:12:32,149 basehttp "GET /api/veterinarios/ HTTP/1.1" 401 191
WARNING 2025-12-30 19:12:32,152 log Unauthorized: /api/tutores/
WARNING 2025-12-30 19:12:32,166 basehttp "GET /api/notificacoes/nao_lidas/ HTTP/1.1" 401 191
WARNING 2025-12-30 19:12:32,156 log Unauthorized: /api/animais/
WARNING 2025-12-30 19:12:32,168 basehttp "GET /api/animais/ HTTP/1.1" 401 191
WARNING 2025-12-30 19:12:32,169 basehttp "GET /api/tutores/ HTTP/1.1" 401 191
WARNING 2025-12-30 19:12:32,164 log Unauthorized: /api/planos/
WARNING 2025-12-30 19:12:32,159 log Unauthorized: /api/veterinarios/
WARNING 2025-12-30 19:12:32,172 basehttp "GET /api/veterinarios/ HTTP/1.1" 401 191
WARNING 2025-12-30 19:12:32,172 basehttp "GET /api/planos/ HTTP/1.1" 401 191
WARNING 2025-12-30 19:12:32,183 log Unauthorized: /api/animais/
WARNING 2025-12-30 19:12:32,187 log Unauthorized: /api/tutores/
WARNING 2025-12-30 19:12:32,189 basehttp "GET /api/animais/ HTTP/1.1" 401 191
INFO 2025-12-30 19:12:32,190 basehttp "OPTIONS /api/auth/token/refresh/ HTTP/1.1" 200 0
INFO 2025-12-30 19:12:32,190 basehttp "OPTIONS /api/auth/token/refresh/ HTTP/1.1" 200 0
WARNING 2025-12-30 19:12:32,190 basehttp "GET /api/tutores/ HTTP/1.1" 401 191
INFO 2025-12-30 19:12:32,219 basehttp "OPTIONS /api/auth/token/refresh/ HTTP/1.1" 200 0
INFO 2025-12-30 19:12:32,220 basehttp "OPTIONS /api/auth/token/refresh/ HTTP/1.1" 200 0
INFO 2025-12-30 19:12:32,238 basehttp "OPTIONS /api/auth/token/refresh/ HTTP/1.1" 200 0
INFO 2025-12-30 19:12:32,241 basehttp "OPTIONS /api/auth/token/refresh/ HTTP/1.1" 200 0
INFO 2025-12-30 19:12:32,243 basehttp "OPTIONS /api/auth/token/refresh/ HTTP/1.1" 200 0
INFO 2025-12-30 19:12:32,246 basehttp "OPTIONS /api/auth/token/refresh/ HTTP/1.1" 200 0
WARNING 2025-12-30 19:12:32,356 log Not Found: /api/auth/token/refresh/
WARNING 2025-12-30 19:12:32,361 basehttp "POST /api/auth/token/refresh/ HTTP/1.1" 404 18229
WARNING 2025-12-30 19:12:32,362 log Not Found: /api/auth/token/refresh/
WARNING 2025-12-30 19:12:32,375 log Not Found: /api/auth/token/refresh/
WARNING 2025-12-30 19:12:32,404 log Not Found: /api/auth/token/refresh/
WARNING 2025-12-30 19:12:32,405 basehttp "POST /api/auth/token/refresh/ HTTP/1.1" 404 18229
WARNING 2025-12-30 19:12:32,413 basehttp "POST /api/auth/token/refresh/ HTTP/1.1" 404 18229
WARNING 2025-12-30 19:12:32,421 log Not Found: /api/auth/token/refresh/
WARNING 2025-12-30 19:12:32,421 basehttp "POST /api/auth/token/refresh/ HTTP/1.1" 404 18229
WARNING 2025-12-30 19:12:32,458 log Not Found: /api/auth/token/refresh/
WARNING 2025-12-30 19:12:32,458 basehttp "POST /api/auth/token/refresh/ HTTP/1.1" 404 18229
WARNING 2025-12-30 19:12:32,541 basehttp "POST /api/auth/token/refresh/ HTTP/1.1" 404 18229
WARNING 2025-12-30 19:12:32,591 log Not Found: /api/auth/token/refresh/
INFO 2025-12-30 19:12:32,619 basehttp code 400, message Bad request syntax ('{"refresh":"eyJhbGciOiJIUzI1NiIsInR5cCI6IkpXVCJ9.eyJ0b2tlbl90eXBlIjoicmVmcmVzaCIsImV4cCI6MTc2NzcxMjA0NSwiaWF0IjoxNzY3MTA3MjQ1LCJqdGkiOiI0OGYxZTA4Y2UzYmE0NWRiOTZjMWEzZTFiODY2Mzc4ZSIsInVzZXJfaWQiOiIxIiwidXNlcm5hbWUiOiJhZG1pbiIsImVtYWlsIjoiYWRtaW5AZXhhbXBsZS5jb20iLCJyb2xlIjoiVFVUT1IifQ.KD_PzRYhtqC_cMXYzcOiGBDrUWBIDYr4FPANnia95hY"}')
WARNING 2025-12-30 19:12:32,619 basehttp "{"refresh":"eyJhbGciOiJIUzI1NiIsInR5cCI6IkpXVCJ9.eyJ0b2tlbl90eXBlIjoicmVmcmVzaCIsImV4cCI6MTc2NzcxMjA0NSwiaWF0IjoxNzY3MTA3MjQ1LCJqdGkiOiI0OGYxZTA4Y2UzYmE0NWRiOTZjMWEzZTFiODY2Mzc4ZSIsInVzZXJfaWQiOiIxIiwidXNlcm5hbWUiOiJhZG1pbiIsImVtYWlsIjoiYWRtaW5AZXhhbXBsZS5jb20iLCJyb2xlIjoiVFVUT1IifQ.KD_PzRYhtqC_cMXYzcOiGBDrUWBIDYr4FPANnia95hY"}" 400 -
INFO 2025-12-30 19:12:32,619 basehttp - Broken pipe from ('127.0.0.1', 51170)
WARNING 2025-12-30 19:12:32,599 log Not Found: /api/auth/token/refresh/
INFO 2025-12-30 19:12:32,629 basehttp code 400, message Bad request syntax ('{"refresh":"eyJhbGciOiJIUzI1NiIsInR5cCI6IkpXVCJ9.eyJ0b2tlbl90eXBlIjoicmVmcmVzaCIsImV4cCI6MTc2NzcxMjA0NSwiaWF0IjoxNzY3MTA3MjQ1LCJqdGkiOiI0OGYxZTA4Y2UzYmE0NWRiOTZjMWEzZTFiODY2Mzc4ZSIsInVzZXJfaWQiOiIxIiwidXNlcm5hbWUiOiJhZG1pbiIsImVtYWlsIjoiYWRtaW5AZXhhbXBsZS5jb20iLCJyb2xlIjoiVFVUT1IifQ.KD_PzRYhtqC_cMXYzcOiGBDrUWBIDYr4FPANnia95hY"}')
WARNING 2025-12-30 19:12:32,629 basehttp "{"refresh":"eyJhbGciOiJIUzI1NiIsInR5cCI6IkpXVCJ9.eyJ0b2tlbl90eXBlIjoicmVmcmVzaCIsImV4cCI6MTc2NzcxMjA0NSwiaWF0IjoxNzY3MTA3MjQ1LCJqdGkiOiI0OGYxZTA4Y2UzYmE0NWRiOTZjMWEzZTFiODY2Mzc4ZSIsInVzZXJfaWQiOiIxIiwidXNlcm5hbWUiOiJhZG1pbiIsImVtYWlsIjoiYWRtaW5AZXhhbXBsZS5jb20iLCJyb2xlIjoiVFVUT1IifQ.KD_PzRYhtqC_cMXYzcOiGBDrUWBIDYr4FPANnia95hY"}" 400 -
INFO 2025-12-30 19:12:32,630 basehttp - Broken pipe from ('127.0.0.1', 51182)
WARNING 2025-12-30 19:12:32,634 log Not Found: /api/auth/token/refresh/
INFO 2025-12-30 19:12:32,634 basehttp code 400, message Bad request syntax ('{"refresh":"eyJhbGciOiJIUzI1NiIsInR5cCI6IkpXVCJ9.eyJ0b2tlbl90eXBlIjoicmVmcmVzaCIsImV4cCI6MTc2NzcxMjA0NSwiaWF0IjoxNzY3MTA3MjQ1LCJqdGkiOiI0OGYxZTA4Y2UzYmE0NWRiOTZjMWEzZTFiODY2Mzc4ZSIsInVzZXJfaWQiOiIxIiwidXNlcm5hbWUiOiJhZG1pbiIsImVtYWlsIjoiYWRtaW5AZXhhbXBsZS5jb20iLCJyb2xlIjoiVFVUT1IifQ.KD_PzRYhtqC_cMXYzcOiGBDrUWBIDYr4FPANnia95hY"}')
WARNING 2025-12-30 19:12:32,635 basehttp "{"refresh":"eyJhbGciOiJIUzI1NiIsInR5cCI6IkpXVCJ9.eyJ0b2tlbl90eXBlIjoicmVmcmVzaCIsImV4cCI6MTc2NzcxMjA0NSwiaWF0IjoxNzY3MTA3MjQ1LCJqdGkiOiI0OGYxZTA4Y2UzYmE0NWRiOTZjMWEzZTFiODY2Mzc4ZSIsInVzZXJfaWQiOiIxIiwidXNlcm5hbWUiOiJhZG1pbiIsImVtYWlsIjoiYWRtaW5AZXhhbXBsZS5jb20iLCJyb2xlIjoiVFVUT1IifQ.KD_PzRYhtqC_cMXYzcOiGBDrUWBIDYr4FPANnia95hY"}" 400 -
INFO 2025-12-30 19:12:32,635 basehttp - Broken pipe from ('127.0.0.1', 51202)
WARNING 2025-12-30 19:12:32,628 log Not Found: /api/auth/token/refresh/
INFO 2025-12-30 19:12:32,639 basehttp code 400, message Bad request syntax ('{"refresh":"eyJhbGciOiJIUzI1NiIsInR5cCI6IkpXVCJ9.eyJ0b2tlbl90eXBlIjoicmVmcmVzaCIsImV4cCI6MTc2NzcxMjA0NSwiaWF0IjoxNzY3MTA3MjQ1LCJqdGkiOiI0OGYxZTA4Y2UzYmE0NWRiOTZjMWEzZTFiODY2Mzc4ZSIsInVzZXJfaWQiOiIxIiwidXNlcm5hbWUiOiJhZG1pbiIsImVtYWlsIjoiYWRtaW5AZXhhbXBsZS5jb20iLCJyb2xlIjoiVFVUT1IifQ.KD_PzRYhtqC_cMXYzcOiGBDrUWBIDYr4FPANnia95hY"}')
WARNING 2025-12-30 19:12:32,639 basehttp "{"refresh":"eyJhbGciOiJIUzI1NiIsInR5cCI6IkpXVCJ9.eyJ0b2tlbl90eXBlIjoicmVmcmVzaCIsImV4cCI6MTc2NzcxMjA0NSwiaWF0IjoxNzY3MTA3MjQ1LCJqdGkiOiI0OGYxZTA4Y2UzYmE0NWRiOTZjMWEzZTFiODY2Mzc4ZSIsInVzZXJfaWQiOiIxIiwidXNlcm5hbWUiOiJhZG1pbiIsImVtYWlsIjoiYWRtaW5AZXhhbXBsZS5jb20iLCJyb2xlIjoiVFVUT1IifQ.KD_PzRYhtqC_cMXYzcOiGBDrUWBIDYr4FPANnia95hY"}" 400 -
INFO 2025-12-30 19:12:32,640 basehttp - Broken pipe from ('127.0.0.1', 51186)
INFO 2025-12-30 19:12:39,079 basehttp "OPTIONS /api/auth/login/ HTTP/1.1" 200 0
INFO 2025-12-30 19:12:39,752 basehttp "POST /api/auth/login/ HTTP/1.1" 200 763
WARNING 2025-12-30 19:12:40,026 log Not Found: /api/notificacoes/nao_lidas/
WARNING 2025-12-30 19:12:40,034 basehttp "GET /api/notificacoes/nao_lidas/ HTTP/1.1" 404 29
INFO 2025-12-30 19:12:40,100 basehttp "GET /api/veterinarios/ HTTP/1.1" 200 434
WARNING 2025-12-30 19:12:40,124 log Not Found: /api/notificacoes/nao_lidas/
WARNING 2025-12-30 19:12:40,125 basehttp "GET /api/notificacoes/nao_lidas/ HTTP/1.1" 404 29
INFO 2025-12-30 19:12:40,133 basehttp "GET /api/animais/ HTTP/1.1" 200 1915
INFO 2025-12-30 19:12:40,191 basehttp "GET /api/planos/ HTTP/1.1" 200 3300
INFO 2025-12-30 19:12:40,207 basehttp "GET /api/tutores/ HTTP/1.1" 200 1031
INFO 2025-12-30 19:12:40,225 basehttp "GET /api/veterinarios/ HTTP/1.1" 200 434
INFO 2025-12-30 19:12:40,244 basehttp "GET /api/animais/ HTTP/1.1" 200 1915
INFO 2025-12-30 19:12:40,309 basehttp "GET /api/planos/ HTTP/1.1" 200 3300
INFO 2025-12-30 19:12:40,335 basehttp "GET /api/tutores/ HTTP/1.1" 200 1031
INFO 2025-12-30 19:12:44,292 basehttp "OPTIONS /api/consultas/ HTTP/1.1" 200 0
INFO 2025-12-30 19:12:44,313 basehttp "OPTIONS /api/clinicas/ HTTP/1.1" 200 0
INFO 2025-12-30 19:12:44,320 basehttp "OPTIONS /api/clinicas/ HTTP/1.1" 200 0
INFO 2025-12-30 19:12:44,322 basehttp "OPTIONS /api/consultas/ HTTP/1.1" 200 0
INFO 2025-12-30 19:12:44,361 basehttp "GET /api/veterinarios/ HTTP/1.1" 200 434
INFO 2025-12-30 19:12:44,381 basehttp "GET /api/animais/ HTTP/1.1" 200 1915
INFO 2025-12-30 19:12:44,431 basehttp "GET /api/consultas/ HTTP/1.1" 200 3739
INFO 2025-12-30 19:12:44,442 basehttp "GET /api/clinicas/ HTTP/1.1" 200 664
INFO 2025-12-30 19:12:44,456 basehttp "GET /api/veterinarios/ HTTP/1.1" 200 434
INFO 2025-12-30 19:12:44,477 basehttp "GET /api/animais/ HTTP/1.1" 200 1915
INFO 2025-12-30 19:12:44,512 basehttp "GET /api/consultas/ HTTP/1.1" 200 3739
INFO 2025-12-30 19:12:44,527 basehttp "GET /api/clinicas/ HTTP/1.1" 200 664
INFO 2025-12-30 19:12:46,211 basehttp "GET /api/tutores/ HTTP/1.1" 200 1031
INFO 2025-12-30 19:12:46,271 basehttp "GET /api/tutores/ HTTP/1.1" 200 1031
INFO 2025-12-30 19:12:47,420 basehttp "GET /api/veterinarios/ HTTP/1.1" 200 434
INFO 2025-12-30 19:12:47,467 basehttp "GET /api/veterinarios/ HTTP/1.1" 200 434
INFO 2025-12-30 19:12:49,138 basehttp "GET /api/planos/ HTTP/1.1" 200 3300
INFO 2025-12-30 19:12:49,199 basehttp "GET /api/planos/ HTTP/1.1" 200 3300
INFO 2025-12-30 19:12:50,317 basehttp "GET /api/clinicas/ HTTP/1.1" 200 664
INFO 2025-12-30 19:12:50,370 basehttp "GET /api/clinicas/ HTTP/1.1" 200 664
INFO 2025-12-30 19:12:51,522 basehttp "GET /api/veterinarios/ HTTP/1.1" 200 434
INFO 2025-12-30 19:12:51,524 basehttp "GET /api/animais/ HTTP/1.1" 200 1915
INFO 2025-12-30 19:12:51,535 basehttp "GET /api/tutores/ HTTP/1.1" 200 1031
INFO 2025-12-30 19:12:51,564 basehttp "GET /api/planos/ HTTP/1.1" 200 3300
INFO 2025-12-30 19:12:51,619 basehttp "GET /api/veterinarios/ HTTP/1.1" 200 434
INFO 2025-12-30 19:12:51,620 basehttp "GET /api/animais/ HTTP/1.1" 200 1915
INFO 2025-12-30 19:12:51,647 basehttp "GET /api/tutores/ HTTP/1.1" 200 1031
INFO 2025-12-30 19:12:51,664 basehttp "GET /api/planos/ HTTP/1.1" 200 3300
WARNING 2025-12-30 19:13:10,959 log Not Found: /api/notificacoes/nao_lidas/
WARNING 2025-12-30 19:13:10,960 basehttp "GET /api/notificacoes/nao_lidas/ HTTP/1.1" 404 29
WARNING 2025-12-30 19:13:40,960 log Not Found: /api/notificacoes/nao_lidas/
WARNING 2025-12-30 19:13:40,960 basehttp "GET /api/notificacoes/nao_lidas/ HTTP/1.1" 404 29
WARNING 2025-12-30 19:14:10,958 log Not Found: /api/notificacoes/nao_lidas/
WARNING 2025-12-30 19:14:10,959 basehttp "GET /api/notificacoes/nao_lidas/ HTTP/1.1" 404 29
WARNING 2025-12-30 19:14:40,014 log Not Found: /api/notificacoes/nao_lidas/
WARNING 2025-12-30 19:14:40,017 basehttp "GET /api/notificacoes/nao_lidas/ HTTP/1.1" 404 29
INFO 2025-12-30 19:14:52,359 basehttp "GET /api/consultas/ HTTP/1.1" 200 3739
INFO 2025-12-30 19:14:52,381 basehttp "GET /api/veterinarios/ HTTP/1.1" 200 434
INFO 2025-12-30 19:14:52,396 basehttp "GET /api/clinicas/ HTTP/1.1" 200 664
INFO 2025-12-30 19:14:52,404 basehttp "GET /api/animais/ HTTP/1.1" 200 1915
INFO 2025-12-30 19:14:52,449 basehttp "GET /api/veterinarios/ HTTP/1.1" 200 434
INFO 2025-12-30 19:14:52,493 basehttp "GET /api/consultas/ HTTP/1.1" 200 3739
INFO 2025-12-30 19:14:52,522 basehttp "GET /api/clinicas/ HTTP/1.1" 200 664
INFO 2025-12-30 19:14:52,533 basehttp "GET /api/animais/ HTTP/1.1" 200 1915
INFO 2025-12-30 19:14:59,673 basehttp "GET /api/tutores/ HTTP/1.1" 200 1031
INFO 2025-12-30 19:14:59,724 basehttp "GET /api/tutores/ HTTP/1.1" 200 1031
INFO 2025-12-30 19:15:02,299 basehttp "GET /api/veterinarios/ HTTP/1.1" 200 434
INFO 2025-12-30 19:15:02,351 basehttp "GET /api/veterinarios/ HTTP/1.1" 200 434
INFO 2025-12-30 19:15:03,712 basehttp "GET /api/planos/ HTTP/1.1" 200 3300
INFO 2025-12-30 19:15:03,791 basehttp "GET /api/planos/ HTTP/1.1" 200 3300
WARNING 2025-12-30 19:15:09,993 log Not Found: /api/notificacoes/nao_lidas/
WARNING 2025-12-30 19:15:09,994 basehttp "GET /api/notificacoes/nao_lidas/ HTTP/1.1" 404 29
INFO 2025-12-30 19:15:10,143 basehttp "GET /api/clinicas/ HTTP/1.1" 200 664
INFO 2025-12-30 19:15:10,194 basehttp "GET /api/clinicas/ HTTP/1.1" 200 664
INFO 2025-12-30 19:15:12,922 basehttp "GET /api/veterinarios/ HTTP/1.1" 200 434
INFO 2025-12-30 19:15:12,958 basehttp "GET /api/animais/ HTTP/1.1" 200 1915
INFO 2025-12-30 19:15:12,965 basehttp "GET /api/tutores/ HTTP/1.1" 200 1031
INFO 2025-12-30 19:15:12,991 basehttp "GET /api/planos/ HTTP/1.1" 200 3300
INFO 2025-12-30 19:15:13,015 basehttp "GET /api/veterinarios/ HTTP/1.1" 200 434
INFO 2025-12-30 19:15:13,085 basehttp "GET /api/animais/ HTTP/1.1" 200 1915
INFO 2025-12-30 19:15:13,102 basehttp "GET /api/tutores/ HTTP/1.1" 200 1031
INFO 2025-12-30 19:15:13,105 basehttp "GET /api/planos/ HTTP/1.1" 200 3300
INFO 2025-12-30 20:14:05,053 autoreload Watching for file changes with StatReloader
INFO 2025-12-30 20:15:17,067 autoreload /home/fabianosf/Desktop/Projetos/vetsystem/backend/api/views/diagnostico_views.py changed, reloading.
INFO 2025-12-30 20:15:17,934 autoreload Watching for file changes with StatReloader
INFO 2025-12-30 20:17:09,666 autoreload /home/fabianosf/Desktop/Projetos/vetsystem/backend/api/__init__.py changed, reloading.
INFO 2025-12-30 20:17:11,100 autoreload Watching for file changes with StatReloader
INFO 2025-12-30 20:17:23,948 autoreload Watching for file changes with StatReloader
INFO 2025-12-30 20:19:09,254 autoreload /home/fabianosf/Desktop/Projetos/vetsystem/backend/ml/disease_classifier.py changed, reloading.
INFO 2025-12-30 20:19:10,916 autoreload Watching for file changes with StatReloader
INFO 2025-12-30 20:19:28,971 autoreload /home/fabianosf/Desktop/Projetos/vetsystem/backend/ml/disease_classifier.py changed, reloading.
INFO 2025-12-30 20:19:29,932 autoreload Watching for file changes with StatReloader
INFO 2025-12-30 20:19:38,477 autoreload Watching for file changes with StatReloader
INFO 2025-12-30 20:26:53,584 basehttp "POST /api/auth/login/ HTTP/1.1" 200 763
WARNING 2025-12-30 20:26:53,865 log Not Found: /api/notificacoes/nao_lidas/
WARNING 2025-12-30 20:26:53,900 basehttp "GET /api/notificacoes/nao_lidas/ HTTP/1.1" 404 29
WARNING 2025-12-30 20:26:53,926 log Not Found: /api/notificacoes/nao_lidas/
INFO 2025-12-30 20:26:53,932 basehttp "GET /api/veterinarios/ HTTP/1.1" 200 434
WARNING 2025-12-30 20:26:53,943 basehttp "GET /api/notificacoes/nao_lidas/ HTTP/1.1" 404 29
INFO 2025-12-30 20:26:53,946 basehttp "GET /api/tutores/ HTTP/1.1" 200 1031
INFO 2025-12-30 20:26:53,962 basehttp "GET /api/animais/ HTTP/1.1" 200 1915
INFO 2025-12-30 20:26:53,977 basehttp "GET /api/planos/ HTTP/1.1" 200 3300
INFO 2025-12-30 20:26:54,019 basehttp "GET /api/veterinarios/ HTTP/1.1" 200 434
INFO 2025-12-30 20:26:54,039 basehttp "GET /api/animais/ HTTP/1.1" 200 1915
INFO 2025-12-30 20:26:54,065 basehttp "GET /api/tutores/ HTTP/1.1" 200 1031
INFO 2025-12-30 20:26:54,080 basehttp "GET /api/planos/ HTTP/1.1" 200 3300
INFO 2025-12-30 20:26:57,909 basehttp "GET /api/animais/ HTTP/1.1" 200 1915
INFO 2025-12-30 20:26:57,953 basehttp "GET /api/animais/ HTTP/1.1" 200 1915
INFO 2025-12-30 20:27:55,622 basehttp "OPTIONS /api/diagnosticos/ HTTP/1.1" 200 0
INFO 2025-12-30 20:27:57,502 basehttp "POST /api/diagnosticos/ HTTP/1.1" 201 2140
INFO 2025-12-30 20:27:57,619 basehttp "GET /api/diagnosticos/ HTTP/1.1" 200 3615
INFO 2025-12-30 20:27:57,717 basehttp "GET /api/diagnosticos/ HTTP/1.1" 200 3615
INFO 2025-12-30 20:27:57,807 basehttp "GET /media/diagnosticos/2025/12/cachorro_qFClTgj.jpg HTTP/1.1" 200 48893
INFO 2025-12-30 20:27:57,824 basehttp "GET /media/diagnosticos/2025/12/cao.jpg HTTP/1.1" 200 524691
INFO 2025-12-30 20:28:18,221 basehttp "OPTIONS /api/diagnosticos/stats/ HTTP/1.1" 200 0
INFO 2025-12-30 20:28:18,222 basehttp "OPTIONS /api/diagnosticos/stats/ HTTP/1.1" 200 0
INFO 2025-12-30 20:28:18,261 basehttp "GET /api/diagnosticos/stats/ HTTP/1.1" 200 213
INFO 2025-12-30 20:28:18,348 basehttp "GET /api/diagnosticos/stats/ HTTP/1.1" 200 213
INFO 2025-12-30 20:28:22,676 basehttp "GET /api/diagnosticos/ HTTP/1.1" 200 3615
INFO 2025-12-30 20:28:22,722 basehttp "GET /api/diagnosticos/ HTTP/1.1" 200 3615
WARNING 2025-12-30 20:28:43,105 log Not Found: /api/notificacoes/nao_lidas/
WARNING 2025-12-30 20:28:43,119 basehttp "GET /api/notificacoes/nao_lidas/ HTTP/1.1" 404 29
WARNING 2025-12-30 20:28:43,165 log Not Found: /api/notificacoes/nao_lidas/
INFO 2025-12-30 20:28:43,169 basehttp "GET /api/animais/ HTTP/1.1" 200 1915
WARNING 2025-12-30 20:28:43,181 basehttp "GET /api/notificacoes/nao_lidas/ HTTP/1.1" 404 29
INFO 2025-12-30 20:28:43,189 basehttp "GET /api/veterinarios/ HTTP/1.1" 200 434
INFO 2025-12-30 20:28:43,204 basehttp "GET /api/tutores/ HTTP/1.1" 200 1031
INFO 2025-12-30 20:28:43,228 basehttp "GET /api/planos/ HTTP/1.1" 200 3300
INFO 2025-12-30 20:28:43,245 basehttp "GET /api/animais/ HTTP/1.1" 200 1915
INFO 2025-12-30 20:28:43,259 basehttp "GET /api/veterinarios/ HTTP/1.1" 200 434
INFO 2025-12-30 20:28:43,294 basehttp "GET /api/tutores/ HTTP/1.1" 200 1031
INFO 2025-12-30 20:28:43,307 basehttp "GET /api/planos/ HTTP/1.1" 200 3300
INFO 2025-12-30 20:28:53,104 basehttp "GET /api/veterinarios/ HTTP/1.1" 200 434
INFO 2025-12-30 20:28:53,105 basehttp "GET /api/animais/ HTTP/1.1" 200 1915
INFO 2025-12-30 20:28:53,124 basehttp "GET /api/consultas/ HTTP/1.1" 200 3739
INFO 2025-12-30 20:28:53,149 basehttp "GET /api/clinicas/ HTTP/1.1" 200 664
INFO 2025-12-30 20:28:53,188 basehttp "GET /api/veterinarios/ HTTP/1.1" 200 434
INFO 2025-12-30 20:28:53,200 basehttp "GET /api/animais/ HTTP/1.1" 200 1915
INFO 2025-12-30 20:28:53,216 basehttp "GET /api/clinicas/ HTTP/1.1" 200 664
INFO 2025-12-30 20:28:53,230 basehttp "GET /api/consultas/ HTTP/1.1" 200 3739
INFO 2025-12-30 20:28:54,411 basehttp "GET /api/tutores/ HTTP/1.1" 200 1031
INFO 2025-12-30 20:28:54,468 basehttp "GET /api/tutores/ HTTP/1.1" 200 1031
INFO 2025-12-30 20:28:55,815 basehttp "GET /api/animais/ HTTP/1.1" 200 1915
INFO 2025-12-30 20:28:55,835 basehttp "GET /api/tutores/ HTTP/1.1" 200 1031
INFO 2025-12-30 20:28:55,861 basehttp "GET /api/animais/ HTTP/1.1" 200 1915
INFO 2025-12-30 20:28:55,894 basehttp "GET /api/tutores/ HTTP/1.1" 200 1031
INFO 2025-12-30 20:28:57,706 basehttp "GET /api/animais/ HTTP/1.1" 200 1915
INFO 2025-12-30 20:28:57,756 basehttp "GET /api/animais/ HTTP/1.1" 200 1915
INFO 2025-12-30 20:29:01,038 basehttp "GET /api/diagnosticos/stats/ HTTP/1.1" 200 213
INFO 2025-12-30 20:29:01,077 basehttp "GET /api/diagnosticos/stats/ HTTP/1.1" 200 213
INFO 2025-12-30 20:29:02,967 basehttp "GET /api/diagnosticos/ HTTP/1.1" 200 3615
INFO 2025-12-30 20:29:03,007 basehttp "GET /api/diagnosticos/ HTTP/1.1" 200 3615
INFO 2025-12-30 20:29:03,027 basehttp "GET /media/diagnosticos/2025/12/cao.jpg HTTP/1.1" 304 0
WARNING 2025-12-30 20:29:11,069 log Not Found: /api/notificacoes/nao_lidas/
WARNING 2025-12-30 20:29:11,075 basehttp "GET /api/notificacoes/nao_lidas/ HTTP/1.1" 404 29
INFO 2025-12-30 20:29:11,101 basehttp "GET /api/tutores/ HTTP/1.1" 200 1031
INFO 2025-12-30 20:29:11,124 basehttp "GET /api/animais/ HTTP/1.1" 200 1915
WARNING 2025-12-30 20:29:11,130 log Not Found: /api/notificacoes/nao_lidas/
WARNING 2025-12-30 20:29:11,131 basehttp "GET /api/notificacoes/nao_lidas/ HTTP/1.1" 404 29
INFO 2025-12-30 20:29:11,188 basehttp "GET /api/tutores/ HTTP/1.1" 200 1031
INFO 2025-12-30 20:29:11,219 basehttp "GET /api/animais/ HTTP/1.1" 200 1915
INFO 2025-12-30 20:49:52,345 autoreload Watching for file changes with StatReloader
INFO 2025-12-30 20:50:58,899 autoreload Watching for file changes with StatReloader
INFO 2025-12-30 20:51:51,714 autoreload Watching for file changes with StatReloader
INFO 2025-12-30 20:52:42,135 autoreload Watching for file changes with StatReloader
WARNING 2025-12-30 20:53:08,738 log Not Found: /api/notificacoes/nao_lidas/
WARNING 2025-12-30 20:53:08,750 basehttp "GET /api/notificacoes/nao_lidas/ HTTP/1.1" 404 12971
WARNING 2025-12-30 20:53:08,800 log Not Found: /api/notificacoes/nao_lidas/
WARNING 2025-12-30 20:53:08,811 basehttp "GET /api/notificacoes/nao_lidas/ HTTP/1.1" 404 12971
INFO 2025-12-30 20:53:08,831 basehttp "GET /api/veterinarios/ HTTP/1.1" 200 434
INFO 2025-12-30 20:53:08,882 basehttp "GET /api/animais/ HTTP/1.1" 200 1915
INFO 2025-12-30 20:53:08,892 basehttp "GET /api/tutores/ HTTP/1.1" 200 1031
INFO 2025-12-30 20:53:08,919 basehttp "GET /api/veterinarios/ HTTP/1.1" 200 434
INFO 2025-12-30 20:53:08,921 basehttp "GET /api/planos/ HTTP/1.1" 200 3300
INFO 2025-12-30 20:53:08,954 basehttp "GET /api/animais/ HTTP/1.1" 200 1915
INFO 2025-12-30 20:53:08,984 basehttp "GET /api/tutores/ HTTP/1.1" 200 1031
INFO 2025-12-30 20:53:09,015 basehttp "GET /api/planos/ HTTP/1.1" 200 3300
INFO 2025-12-30 20:53:13,067 basehttp "GET /api/animais/ HTTP/1.1" 200 1915
INFO 2025-12-30 20:53:13,120 basehttp "GET /api/animais/ HTTP/1.1" 200 1915
WARNING 2025-12-30 20:53:15,004 log Not Found: /api/notificacoes/nao_lidas/
WARNING 2025-12-30 20:53:15,007 basehttp "GET /api/notificacoes/nao_lidas/ HTTP/1.1" 404 12971
INFO 2025-12-30 20:53:15,051 basehttp "GET /api/animais/ HTTP/1.1" 200 1915
INFO 2025-12-30 20:53:15,081 basehttp "GET /api/veterinarios/ HTTP/1.1" 200 434
WARNING 2025-12-30 20:53:15,083 log Not Found: /api/notificacoes/nao_lidas/
WARNING 2025-12-30 20:53:15,094 basehttp "GET /api/notificacoes/nao_lidas/ HTTP/1.1" 404 12971
INFO 2025-12-30 20:53:15,141 basehttp "GET /api/veterinarios/ HTTP/1.1" 200 434
INFO 2025-12-30 20:53:15,141 basehttp "GET /api/planos/ HTTP/1.1" 200 3300
INFO 2025-12-30 20:53:15,141 basehttp "GET /api/tutores/ HTTP/1.1" 200 1031
INFO 2025-12-30 20:53:15,141 basehttp "GET /api/animais/ HTTP/1.1" 200 1915
INFO 2025-12-30 20:53:15,221 basehttp "GET /api/tutores/ HTTP/1.1" 200 1031
INFO 2025-12-30 20:53:15,229 basehttp "GET /api/planos/ HTTP/1.1" 200 3300
INFO 2025-12-30 20:53:17,835 basehttp "GET /api/consultas/ HTTP/1.1" 200 3739
INFO 2025-12-30 20:53:17,849 basehttp "GET /api/clinicas/ HTTP/1.1" 200 664
INFO 2025-12-30 20:53:17,849 basehttp "GET /api/veterinarios/ HTTP/1.1" 200 434
INFO 2025-12-30 20:53:17,850 basehttp "GET /api/animais/ HTTP/1.1" 200 1915
INFO 2025-12-30 20:53:17,962 basehttp "GET /api/animais/ HTTP/1.1" 200 1915
INFO 2025-12-30 20:53:17,963 basehttp "GET /api/consultas/ HTTP/1.1" 200 3739
INFO 2025-12-30 20:53:17,963 basehttp "GET /api/clinicas/ HTTP/1.1" 200 664
INFO 2025-12-30 20:53:17,978 basehttp "GET /api/veterinarios/ HTTP/1.1" 200 434
INFO 2025-12-30 20:53:18,636 basehttp "GET /api/tutores/ HTTP/1.1" 200 1031
INFO 2025-12-30 20:53:18,692 basehttp "GET /api/tutores/ HTTP/1.1" 200 1031
INFO 2025-12-30 20:53:19,678 basehttp "GET /api/animais/ HTTP/1.1" 200 1915
INFO 2025-12-30 20:53:19,696 basehttp "GET /api/tutores/ HTTP/1.1" 200 1031
INFO 2025-12-30 20:53:19,727 basehttp "GET /api/animais/ HTTP/1.1" 200 1915
INFO 2025-12-30 20:53:19,757 basehttp "GET /api/tutores/ HTTP/1.1" 200 1031
INFO 2025-12-30 20:53:20,692 basehttp "GET /api/animais/ HTTP/1.1" 200 1915
INFO 2025-12-30 20:53:20,730 basehttp "GET /api/animais/ HTTP/1.1" 200 1915
WARNING 2025-12-30 20:53:22,715 log Not Found: /api/notificacoes/nao_lidas/
WARNING 2025-12-30 20:53:22,716 basehttp "GET /api/notificacoes/nao_lidas/ HTTP/1.1" 404 12971
WARNING 2025-12-30 20:53:22,745 log Not Found: /api/notificacoes/nao_lidas/
WARNING 2025-12-30 20:53:22,753 basehttp "GET /api/notificacoes/nao_lidas/ HTTP/1.1" 404 12971
INFO 2025-12-30 20:53:22,753 basehttp "GET /api/animais/ HTTP/1.1" 200 1915
INFO 2025-12-30 20:53:22,780 basehttp "GET /api/tutores/ HTTP/1.1" 200 1031
INFO 2025-12-30 20:53:22,816 basehttp "GET /api/animais/ HTTP/1.1" 200 1915
INFO 2025-12-30 20:53:22,860 basehttp "GET /api/tutores/ HTTP/1.1" 200 1031
INFO 2025-12-30 20:53:24,236 basehttp "GET /api/veterinarios/ HTTP/1.1" 200 434
INFO 2025-12-30 20:53:24,272 basehttp "GET /api/veterinarios/ HTTP/1.1" 200 434
INFO 2025-12-30 20:53:25,791 basehttp "GET /api/planos/ HTTP/1.1" 200 3300
INFO 2025-12-30 20:53:25,857 basehttp "GET /api/planos/ HTTP/1.1" 200 3300
INFO 2025-12-30 20:53:26,887 basehttp "GET /api/clinicas/ HTTP/1.1" 200 664
INFO 2025-12-30 20:53:26,957 basehttp "GET /api/clinicas/ HTTP/1.1" 200 664
INFO 2025-12-30 20:53:29,048 basehttp "GET /api/planos/ HTTP/1.1" 200 3300
INFO 2025-12-30 20:53:29,104 basehttp "GET /api/planos/ HTTP/1.1" 200 3300
WARNING 2025-12-30 20:53:52,942 log Not Found: /api/notificacoes/nao_lidas/
WARNING 2025-12-30 20:53:52,943 basehttp "GET /api/notificacoes/nao_lidas/ HTTP/1.1" 404 12971
WARNING 2025-12-30 20:54:22,938 log Not Found: /api/notificacoes/nao_lidas/
WARNING 2025-12-30 20:54:22,939 basehttp "GET /api/notificacoes/nao_lidas/ HTTP/1.1" 404 12971
INFO 2025-12-30 21:00:38,313 autoreload Watching for file changes with StatReloader
WARNING 2025-12-30 21:01:12,090 log Not Found: /api/notificacoes/nao_lidas/
WARNING 2025-12-30 21:01:12,091 basehttp "GET /api/notificacoes/nao_lidas/ HTTP/1.1" 404 13846
WARNING 2025-12-30 21:01:22,940 log Not Found: /api/notificacoes/nao_lidas/
WARNING 2025-12-30 21:01:22,940 basehttp "GET /api/notificacoes/nao_lidas/ HTTP/1.1" 404 13846
WARNING 2025-12-30 21:01:52,940 log Not Found: /api/notificacoes/nao_lidas/
WARNING 2025-12-30 21:01:52,940 basehttp "GET /api/notificacoes/nao_lidas/ HTTP/1.1" 404 13846
WARNING 2025-12-30 21:02:40,957 log Not Found: /api/notificacoes/nao_lidas/
WARNING 2025-12-30 21:02:40,960 basehttp "GET /api/notificacoes/nao_lidas/ HTTP/1.1" 404 13846
WARNING 2025-12-30 21:03:40,955 log Not Found: /api/notificacoes/nao_lidas/
WARNING 2025-12-30 21:03:40,955 basehttp "GET /api/notificacoes/nao_lidas/ HTTP/1.1" 404 13846
WARNING 2025-12-30 21:04:40,951 log Not Found: /api/notificacoes/nao_lidas/
WARNING 2025-12-30 21:04:40,951 basehttp "GET /api/notificacoes/nao_lidas/ HTTP/1.1" 404 13846
WARNING 2025-12-30 21:05:40,971 log Not Found: /api/notificacoes/nao_lidas/
WARNING 2025-12-30 21:05:40,974 basehttp "GET /api/notificacoes/nao_lidas/ HTTP/1.1" 404 13846
WARNING 2025-12-30 21:06:40,954 log Not Found: /api/notificacoes/nao_lidas/
WARNING 2025-12-30 21:06:40,955 basehttp "GET /api/notificacoes/nao_lidas/ HTTP/1.1" 404 13846
WARNING 2025-12-30 21:07:40,944 log Not Found: /api/notificacoes/nao_lidas/
WARNING 2025-12-30 21:07:40,944 basehttp "GET /api/notificacoes/nao_lidas/ HTTP/1.1" 404 13846
WARNING 2025-12-30 21:08:40,948 log Not Found: /api/notificacoes/nao_lidas/
WARNING 2025-12-30 21:08:40,949 basehttp "GET /api/notificacoes/nao_lidas/ HTTP/1.1" 404 13846
WARNING 2025-12-30 21:09:40,955 log Not Found: /api/notificacoes/nao_lidas/
WARNING 2025-12-30 21:09:40,956 basehttp "GET /api/notificacoes/nao_lidas/ HTTP/1.1" 404 13846
WARNING 2025-12-30 21:10:40,946 log Not Found: /api/notificacoes/nao_lidas/
WARNING 2025-12-30 21:10:40,947 basehttp "GET /api/notificacoes/nao_lidas/ HTTP/1.1" 404 13846
INFO 2025-12-30 21:10:58,659 autoreload Watching for file changes with StatReloader
WARNING 2025-12-30 21:11:09,742 log Not Found: /api/notificacoes/nao_lidas/
WARNING 2025-12-30 21:11:09,744 basehttp "GET /api/notificacoes/nao_lidas/ HTTP/1.1" 404 13846
WARNING 2025-12-30 21:11:13,010 log Not Found: /api/notificacoes/nao_lidas/
WARNING 2025-12-30 21:11:13,018 basehttp "GET /api/notificacoes/nao_lidas/ HTTP/1.1" 404 13846
WARNING 2025-12-30 21:11:13,045 log Not Found: /api/notificacoes/nao_lidas/
WARNING 2025-12-30 21:11:13,046 basehttp "GET /api/notificacoes/nao_lidas/ HTTP/1.1" 404 13846
INFO 2025-12-30 21:11:13,114 basehttp "GET /api/planos/ HTTP/1.1" 200 3300
INFO 2025-12-30 21:11:13,157 basehttp "GET /api/planos/ HTTP/1.1" 200 3300
INFO 2025-12-30 21:11:15,355 basehttp "GET /api/animais/ HTTP/1.1" 200 1915
INFO 2025-12-30 21:11:15,366 basehttp "GET /api/tutores/ HTTP/1.1" 200 1031
INFO 2025-12-30 21:11:15,375 basehttp "GET /api/veterinarios/ HTTP/1.1" 200 434
INFO 2025-12-30 21:11:15,408 basehttp "GET /api/planos/ HTTP/1.1" 200 3300
INFO 2025-12-30 21:11:15,441 basehttp "GET /api/veterinarios/ HTTP/1.1" 200 434
INFO 2025-12-30 21:11:15,475 basehttp "GET /api/animais/ HTTP/1.1" 200 1915
INFO 2025-12-30 21:11:15,488 basehttp "GET /api/tutores/ HTTP/1.1" 200 1031
INFO 2025-12-30 21:11:15,512 basehttp "GET /api/planos/ HTTP/1.1" 200 3300
INFO 2025-12-30 21:11:16,694 basehttp "GET /api/animais/ HTTP/1.1" 200 1915
INFO 2025-12-30 21:11:16,729 basehttp "GET /api/consultas/ HTTP/1.1" 200 3739
INFO 2025-12-30 21:11:16,738 basehttp "GET /api/clinicas/ HTTP/1.1" 200 664
INFO 2025-12-30 21:11:16,739 basehttp "GET /api/veterinarios/ HTTP/1.1" 200 434
INFO 2025-12-30 21:11:16,791 basehttp "GET /api/animais/ HTTP/1.1" 200 1915
INFO 2025-12-30 21:11:16,827 basehttp "GET /api/veterinarios/ HTTP/1.1" 200 434
INFO 2025-12-30 21:11:16,846 basehttp "GET /api/consultas/ HTTP/1.1" 200 3739
INFO 2025-12-30 21:11:16,847 basehttp "GET /api/clinicas/ HTTP/1.1" 200 664
INFO 2025-12-30 21:11:18,139 basehttp "GET /api/tutores/ HTTP/1.1" 200 1031
INFO 2025-12-30 21:11:18,197 basehttp "GET /api/tutores/ HTTP/1.1" 200 1031
INFO 2025-12-30 21:11:19,617 basehttp "GET /api/animais/ HTTP/1.1" 200 1915
INFO 2025-12-30 21:11:19,639 basehttp "GET /api/tutores/ HTTP/1.1" 200 1031
INFO 2025-12-30 21:11:19,672 basehttp "GET /api/animais/ HTTP/1.1" 200 1915
INFO 2025-12-30 21:11:19,710 basehttp "GET /api/tutores/ HTTP/1.1" 200 1031
INFO 2025-12-30 21:11:21,337 basehttp "GET /api/veterinarios/ HTTP/1.1" 200 434
INFO 2025-12-30 21:11:21,373 basehttp "GET /api/veterinarios/ HTTP/1.1" 200 434
INFO 2025-12-30 21:11:22,749 basehttp "GET /api/planos/ HTTP/1.1" 200 3300
INFO 2025-12-30 21:11:22,805 basehttp "GET /api/planos/ HTTP/1.1" 200 3300
INFO 2025-12-30 21:11:24,789 basehttp "GET /api/clinicas/ HTTP/1.1" 200 664
INFO 2025-12-30 21:11:24,828 basehttp "GET /api/clinicas/ HTTP/1.1" 200 664
INFO 2025-12-30 21:11:29,401 basehttp "GET /api/animais/ HTTP/1.1" 200 1915
INFO 2025-12-30 21:11:29,403 basehttp "GET /api/tutores/ HTTP/1.1" 200 1031
INFO 2025-12-30 21:11:29,413 basehttp "GET /api/veterinarios/ HTTP/1.1" 200 434
INFO 2025-12-30 21:11:29,455 basehttp "GET /api/planos/ HTTP/1.1" 200 3300
INFO 2025-12-30 21:11:29,482 basehttp "GET /api/animais/ HTTP/1.1" 200 1915
INFO 2025-12-30 21:11:29,496 basehttp "GET /api/veterinarios/ HTTP/1.1" 200 434
INFO 2025-12-30 21:11:29,529 basehttp "GET /api/tutores/ HTTP/1.1" 200 1031
INFO 2025-12-30 21:11:29,540 basehttp "GET /api/planos/ HTTP/1.1" 200 3300
INFO 2025-12-30 21:52:08,245 autoreload Watching for file changes with StatReloader
INFO 2025-12-30 22:02:12,624 autoreload Watching for file changes with StatReloader
INFO 2025-12-30 22:08:54,962 basehttp "OPTIONS /api/notificacoes/nao_lidas/ HTTP/1.1" 200 0
INFO 2025-12-30 22:08:54,968 basehttp "OPTIONS /api/tutores/ HTTP/1.1" 200 0
INFO 2025-12-30 22:08:54,970 basehttp "OPTIONS /api/animais/ HTTP/1.1" 200 0
INFO 2025-12-30 22:08:54,973 basehttp "OPTIONS /api/veterinarios/ HTTP/1.1" 200 0
INFO 2025-12-30 22:08:54,977 basehttp "OPTIONS /api/notificacoes/nao_lidas/ HTTP/1.1" 200 0
INFO 2025-12-30 22:08:54,981 basehttp "OPTIONS /api/planos/ HTTP/1.1" 200 0
INFO 2025-12-30 22:08:54,986 basehttp "OPTIONS /api/animais/ HTTP/1.1" 200 0
INFO 2025-12-30 22:08:54,994 basehttp "OPTIONS /api/veterinarios/ HTTP/1.1" 200 0
INFO 2025-12-30 22:08:54,994 basehttp "OPTIONS /api/planos/ HTTP/1.1" 200 0
INFO 2025-12-30 22:08:54,994 basehttp "OPTIONS /api/tutores/ HTTP/1.1" 200 0
WARNING 2025-12-30 22:08:55,037 log Unauthorized: /api/tutores/
WARNING 2025-12-30 22:08:55,046 basehttp "GET /api/tutores/ HTTP/1.1" 401 191
WARNING 2025-12-30 22:08:55,046 log Unauthorized: /api/animais/
WARNING 2025-12-30 22:08:55,053 basehttp "GET /api/animais/ HTTP/1.1" 401 191
WARNING 2025-12-30 22:08:55,052 log Unauthorized: /api/planos/
WARNING 2025-12-30 22:08:55,049 log Not Found: /api/notificacoes/nao_lidas/
WARNING 2025-12-30 22:08:55,055 basehttp "GET /api/notificacoes/nao_lidas/ HTTP/1.1" 404 14946
WARNING 2025-12-30 22:08:55,055 basehttp "GET /api/planos/ HTTP/1.1" 401 191
WARNING 2025-12-30 22:08:55,066 log Unauthorized: /api/veterinarios/
WARNING 2025-12-30 22:08:55,066 basehttp "GET /api/veterinarios/ HTTP/1.1" 401 191
WARNING 2025-12-30 22:08:55,097 log Unauthorized: /api/tutores/
WARNING 2025-12-30 22:08:55,097 basehttp "GET /api/tutores/ HTTP/1.1" 401 191
WARNING 2025-12-30 22:08:55,103 log Unauthorized: /api/animais/
WARNING 2025-12-30 22:08:55,104 basehttp "GET /api/animais/ HTTP/1.1" 401 191
WARNING 2025-12-30 22:08:55,109 log Unauthorized: /api/planos/
INFO 2025-12-30 22:08:55,112 basehttp "OPTIONS /api/auth/token/refresh/ HTTP/1.1" 200 0
WARNING 2025-12-30 22:08:55,121 log Unauthorized: /api/veterinarios/
WARNING 2025-12-30 22:08:55,124 basehttp "GET /api/planos/ HTTP/1.1" 401 191
WARNING 2025-12-30 22:08:55,125 basehttp "GET /api/veterinarios/ HTTP/1.1" 401 191
INFO 2025-12-30 22:08:55,125 basehttp "OPTIONS /api/auth/token/refresh/ HTTP/1.1" 200 0
WARNING 2025-12-30 22:08:55,136 log Not Found: /api/notificacoes/nao_lidas/
WARNING 2025-12-30 22:08:55,137 basehttp "GET /api/notificacoes/nao_lidas/ HTTP/1.1" 404 14946
INFO 2025-12-30 22:08:55,152 basehttp "OPTIONS /api/auth/token/refresh/ HTTP/1.1" 200 0
INFO 2025-12-30 22:08:55,152 basehttp "OPTIONS /api/auth/token/refresh/ HTTP/1.1" 200 0
INFO 2025-12-30 22:08:55,171 basehttp "OPTIONS /api/auth/token/refresh/ HTTP/1.1" 200 0
WARNING 2025-12-30 22:08:55,232 log Not Found: /api/auth/token/refresh/
WARNING 2025-12-30 22:08:55,236 log Not Found: /api/auth/token/refresh/
WARNING 2025-12-30 22:08:55,248 basehttp "POST /api/auth/token/refresh/ HTTP/1.1" 404 15914
WARNING 2025-12-30 22:08:55,255 log Not Found: /api/auth/token/refresh/
WARNING 2025-12-30 22:08:55,256 log Not Found: /api/auth/token/refresh/
WARNING 2025-12-30 22:08:55,274 log Not Found: /api/auth/token/refresh/
WARNING 2025-12-30 22:08:55,277 basehttp "POST /api/auth/token/refresh/ HTTP/1.1" 404 15914
WARNING 2025-12-30 22:08:55,283 basehttp "POST /api/auth/token/refresh/ HTTP/1.1" 404 15914
WARNING 2025-12-30 22:08:55,284 basehttp "POST /api/auth/token/refresh/ HTTP/1.1" 404 15914
WARNING 2025-12-30 22:08:55,291 basehttp "POST /api/auth/token/refresh/ HTTP/1.1" 404 15914
WARNING 2025-12-30 22:08:55,294 log Not Found: /api/auth/token/refresh/
WARNING 2025-12-30 22:08:55,301 basehttp "POST /api/auth/token/refresh/ HTTP/1.1" 404 15914
WARNING 2025-12-30 22:08:55,350 log Not Found: /api/auth/token/refresh/
WARNING 2025-12-30 22:08:55,351 basehttp "POST /api/auth/token/refresh/ HTTP/1.1" 404 15914
WARNING 2025-12-30 22:08:55,366 log Not Found: /api/auth/token/refresh/
WARNING 2025-12-30 22:08:55,367 basehttp "POST /api/auth/token/refresh/ HTTP/1.1" 404 15914
INFO 2025-12-30 22:09:01,273 basehttp "OPTIONS /api/auth/login/ HTTP/1.1" 200 0
INFO 2025-12-30 22:09:01,945 basehttp "POST /api/auth/login/ HTTP/1.1" 200 763
WARNING 2025-12-30 22:09:02,232 log Not Found: /api/notificacoes/nao_lidas/
WARNING 2025-12-30 22:09:02,247 basehttp "GET /api/notificacoes/nao_lidas/ HTTP/1.1" 404 14946
INFO 2025-12-30 22:09:02,256 basehttp "GET /api/veterinarios/ HTTP/1.1" 200 434
INFO 2025-12-30 22:09:02,315 basehttp "GET /api/animais/ HTTP/1.1" 200 1915
INFO 2025-12-30 22:09:02,322 basehttp "GET /api/tutores/ HTTP/1.1" 200 1031
WARNING 2025-12-30 22:09:02,334 log Not Found: /api/notificacoes/nao_lidas/
INFO 2025-12-30 22:09:02,341 basehttp "GET /api/veterinarios/ HTTP/1.1" 200 434
WARNING 2025-12-30 22:09:02,341 basehttp "GET /api/notificacoes/nao_lidas/ HTTP/1.1" 404 14946
INFO 2025-12-30 22:09:02,350 basehttp "GET /api/planos/ HTTP/1.1" 200 3300
INFO 2025-12-30 22:09:02,369 basehttp "GET /api/animais/ HTTP/1.1" 200 1915
INFO 2025-12-30 22:09:02,416 basehttp "GET /api/tutores/ HTTP/1.1" 200 1031
INFO 2025-12-30 22:09:02,427 basehttp "GET /api/planos/ HTTP/1.1" 200 3300
INFO 2025-12-30 22:09:05,975 basehttp "OPTIONS /api/consultas/ HTTP/1.1" 200 0
INFO 2025-12-30 22:09:05,993 basehttp "OPTIONS /api/clinicas/ HTTP/1.1" 200 0
INFO 2025-12-30 22:09:05,993 basehttp "OPTIONS /api/clinicas/ HTTP/1.1" 200 0
INFO 2025-12-30 22:09:06,039 basehttp "GET /api/animais/ HTTP/1.1" 200 1915
INFO 2025-12-30 22:09:06,098 basehttp "GET /api/clinicas/ HTTP/1.1" 200 664
INFO 2025-12-30 22:09:06,113 basehttp "GET /api/consultas/ HTTP/1.1" 200 3739
INFO 2025-12-30 22:09:06,114 basehttp "GET /api/veterinarios/ HTTP/1.1" 200 434
INFO 2025-12-30 22:09:06,151 basehttp "GET /api/animais/ HTTP/1.1" 200 1915
INFO 2025-12-30 22:09:06,185 basehttp "GET /api/veterinarios/ HTTP/1.1" 200 434
INFO 2025-12-30 22:09:06,204 basehttp "GET /api/clinicas/ HTTP/1.1" 200 664
INFO 2025-12-30 22:09:06,213 basehttp "GET /api/consultas/ HTTP/1.1" 200 3739
INFO 2025-12-30 22:09:07,788 basehttp "GET /api/tutores/ HTTP/1.1" 200 1031
INFO 2025-12-30 22:09:07,838 basehttp "GET /api/tutores/ HTTP/1.1" 200 1031
INFO 2025-12-30 22:09:09,654 basehttp "GET /api/animais/ HTTP/1.1" 200 1915
INFO 2025-12-30 22:09:09,674 basehttp "GET /api/tutores/ HTTP/1.1" 200 1031
INFO 2025-12-30 22:09:09,708 basehttp "GET /api/animais/ HTTP/1.1" 200 1915
INFO 2025-12-30 22:09:09,738 basehttp "GET /api/tutores/ HTTP/1.1" 200 1031
INFO 2025-12-30 22:09:11,428 basehttp "GET /api/veterinarios/ HTTP/1.1" 200 434
INFO 2025-12-30 22:09:11,462 basehttp "GET /api/veterinarios/ HTTP/1.1" 200 434
INFO 2025-12-30 22:09:12,708 basehttp "GET /api/planos/ HTTP/1.1" 200 3300
INFO 2025-12-30 22:09:12,764 basehttp "GET /api/planos/ HTTP/1.1" 200 3300
INFO 2025-12-30 22:09:15,299 basehttp "GET /api/clinicas/ HTTP/1.1" 200 664
INFO 2025-12-30 22:09:15,331 basehttp "GET /api/clinicas/ HTTP/1.1" 200 664
INFO 2025-12-30 22:09:28,118 basehttp "GET /api/veterinarios/ HTTP/1.1" 200 434
INFO 2025-12-30 22:09:28,127 basehttp "GET /api/tutores/ HTTP/1.1" 200 1031
INFO 2025-12-30 22:09:28,137 basehttp "GET /api/animais/ HTTP/1.1" 200 1915
INFO 2025-12-30 22:09:28,153 basehttp "GET /api/planos/ HTTP/1.1" 200 3300
INFO 2025-12-30 22:09:28,201 basehttp "GET /api/veterinarios/ HTTP/1.1" 200 434
INFO 2025-12-30 22:09:28,230 basehttp "GET /api/animais/ HTTP/1.1" 200 1915
INFO 2025-12-30 22:09:28,254 basehttp "GET /api/tutores/ HTTP/1.1" 200 1031
INFO 2025-12-30 22:09:28,263 basehttp "GET /api/planos/ HTTP/1.1" 200 3300
INFO 2025-12-30 22:09:30,643 basehttp "GET /api/veterinarios/ HTTP/1.1" 200 434
INFO 2025-12-30 22:09:30,674 basehttp "GET /api/consultas/ HTTP/1.1" 200 3739
INFO 2025-12-30 22:09:30,675 basehttp "GET /api/clinicas/ HTTP/1.1" 200 664
INFO 2025-12-30 22:09:30,695 basehttp "GET /api/animais/ HTTP/1.1" 200 1915
INFO 2025-12-30 22:09:30,718 basehttp "GET /api/veterinarios/ HTTP/1.1" 200 434
INFO 2025-12-30 22:09:30,760 basehttp "GET /api/consultas/ HTTP/1.1" 200 3739
INFO 2025-12-30 22:09:30,767 basehttp "GET /api/clinicas/ HTTP/1.1" 200 664
INFO 2025-12-30 22:09:30,779 basehttp "GET /api/animais/ HTTP/1.1" 200 1915
WARNING 2025-12-30 22:09:32,174 log Not Found: /api/notificacoes/nao_lidas/
WARNING 2025-12-30 22:09:32,175 basehttp "GET /api/notificacoes/nao_lidas/ HTTP/1.1" 404 14946
INFO 2025-12-31 00:26:17,749 autoreload Watching for file changes with StatReloader
INFO 2025-12-31 00:26:45,557 basehttp "OPTIONS /api/tutores/ HTTP/1.1" 200 0
INFO 2025-12-31 00:26:45,559 basehttp "OPTIONS /api/animais/ HTTP/1.1" 200 0
INFO 2025-12-31 00:26:45,562 basehttp "OPTIONS /api/notificacoes/nao_lidas/ HTTP/1.1" 200 0
INFO 2025-12-31 00:26:45,566 basehttp "OPTIONS /api/veterinarios/ HTTP/1.1" 200 0
INFO 2025-12-31 00:26:45,565 basehttp "OPTIONS /api/planos/ HTTP/1.1" 200 0
INFO 2025-12-31 00:26:45,584 basehttp "OPTIONS /api/notificacoes/nao_lidas/ HTTP/1.1" 200 0
INFO 2025-12-31 00:26:45,586 basehttp "OPTIONS /api/tutores/ HTTP/1.1" 200 0
INFO 2025-12-31 00:26:45,590 basehttp "OPTIONS /api/animais/ HTTP/1.1" 200 0
INFO 2025-12-31 00:26:45,597 basehttp "OPTIONS /api/planos/ HTTP/1.1" 200 0
INFO 2025-12-31 00:26:45,598 basehttp "OPTIONS /api/veterinarios/ HTTP/1.1" 200 0
WARNING 2025-12-31 00:26:45,617 log Unauthorized: /api/tutores/
WARNING 2025-12-31 00:26:45,618 basehttp "GET /api/tutores/ HTTP/1.1" 401 191
WARNING 2025-12-31 00:26:45,620 log Unauthorized: /api/animais/
WARNING 2025-12-31 00:26:45,620 basehttp "GET /api/animais/ HTTP/1.1" 401 191
WARNING 2025-12-31 00:26:45,689 log Unauthorized: /api/tutores/
WARNING 2025-12-31 00:26:45,702 log Unauthorized: /api/veterinarios/
WARNING 2025-12-31 00:26:45,710 log Unauthorized: /api/planos/
WARNING 2025-12-31 00:26:45,712 log Unauthorized: /api/animais/
WARNING 2025-12-31 00:26:45,712 basehttp "GET /api/tutores/ HTTP/1.1" 401 191
WARNING 2025-12-31 00:26:45,716 log Not Found: /api/notificacoes/nao_lidas/
INFO 2025-12-31 00:26:45,716 basehttp "OPTIONS /api/auth/token/refresh/ HTTP/1.1" 200 0
WARNING 2025-12-31 00:26:45,717 basehttp "GET /api/planos/ HTTP/1.1" 401 191
WARNING 2025-12-31 00:26:45,719 basehttp "GET /api/animais/ HTTP/1.1" 401 191
WARNING 2025-12-31 00:26:45,719 basehttp "GET /api/veterinarios/ HTTP/1.1" 401 191
WARNING 2025-12-31 00:26:45,726 basehttp "GET /api/notificacoes/nao_lidas/ HTTP/1.1" 404 14946
INFO 2025-12-31 00:26:45,730 basehttp "OPTIONS /api/auth/token/refresh/ HTTP/1.1" 200 0
WARNING 2025-12-31 00:26:45,737 log Unauthorized: /api/veterinarios/
WARNING 2025-12-31 00:26:45,738 basehttp "GET /api/veterinarios/ HTTP/1.1" 401 191
INFO 2025-12-31 00:26:45,749 basehttp "OPTIONS /api/auth/token/refresh/ HTTP/1.1" 200 0
INFO 2025-12-31 00:26:45,772 basehttp "OPTIONS /api/auth/token/refresh/ HTTP/1.1" 200 0
WARNING 2025-12-31 00:26:45,801 log Unauthorized: /api/planos/
WARNING 2025-12-31 00:26:45,814 basehttp "GET /api/planos/ HTTP/1.1" 401 191
WARNING 2025-12-31 00:26:45,850 log Not Found: /api/notificacoes/nao_lidas/
WARNING 2025-12-31 00:26:45,851 basehttp "GET /api/notificacoes/nao_lidas/ HTTP/1.1" 404 14946
WARNING 2025-12-31 00:26:45,873 log Not Found: /api/auth/token/refresh/
WARNING 2025-12-31 00:26:45,881 log Not Found: /api/auth/token/refresh/
WARNING 2025-12-31 00:26:45,887 basehttp "POST /api/auth/token/refresh/ HTTP/1.1" 404 15914
WARNING 2025-12-31 00:26:45,895 log Not Found: /api/auth/token/refresh/
WARNING 2025-12-31 00:26:45,897 basehttp "POST /api/auth/token/refresh/ HTTP/1.1" 404 15914
WARNING 2025-12-31 00:26:45,899 basehttp "POST /api/auth/token/refresh/ HTTP/1.1" 404 15914
WARNING 2025-12-31 00:26:45,910 log Not Found: /api/auth/token/refresh/
WARNING 2025-12-31 00:26:45,910 basehttp "POST /api/auth/token/refresh/ HTTP/1.1" 404 15914
WARNING 2025-12-31 00:26:45,945 log Not Found: /api/auth/token/refresh/
WARNING 2025-12-31 00:26:45,964 log Not Found: /api/auth/token/refresh/
WARNING 2025-12-31 00:26:45,965 basehttp "POST /api/auth/token/refresh/ HTTP/1.1" 404 15914
WARNING 2025-12-31 00:26:45,981 basehttp "POST /api/auth/token/refresh/ HTTP/1.1" 404 15914
WARNING 2025-12-31 00:26:46,025 log Not Found: /api/auth/token/refresh/
WARNING 2025-12-31 00:26:46,036 basehttp "POST /api/auth/token/refresh/ HTTP/1.1" 404 15914
WARNING 2025-12-31 00:26:46,041 log Not Found: /api/auth/token/refresh/
WARNING 2025-12-31 00:26:46,047 basehttp "POST /api/auth/token/refresh/ HTTP/1.1" 404 15914
INFO 2025-12-31 00:26:54,089 basehttp "OPTIONS /api/auth/login/ HTTP/1.1" 200 0
WARNING 2025-12-31 00:26:54,753 log Unauthorized: /api/auth/login/
WARNING 2025-12-31 00:26:54,753 basehttp "POST /api/auth/login/ HTTP/1.1" 401 45
INFO 2025-12-31 00:27:00,714 basehttp "POST /api/auth/login/ HTTP/1.1" 200 763
WARNING 2025-12-31 00:27:00,923 log Not Found: /api/notificacoes/nao_lidas/
WARNING 2025-12-31 00:27:00,925 basehttp "GET /api/notificacoes/nao_lidas/ HTTP/1.1" 404 14946
INFO 2025-12-31 00:27:01,004 basehttp "GET /api/animais/ HTTP/1.1" 200 1915
INFO 2025-12-31 00:27:01,016 basehttp "GET /api/veterinarios/ HTTP/1.1" 200 434
WARNING 2025-12-31 00:27:01,023 log Not Found: /api/notificacoes/nao_lidas/
WARNING 2025-12-31 00:27:01,035 basehttp "GET /api/notificacoes/nao_lidas/ HTTP/1.1" 404 14946
INFO 2025-12-31 00:27:01,063 basehttp "GET /api/tutores/ HTTP/1.1" 200 1031
INFO 2025-12-31 00:27:01,077 basehttp "GET /api/animais/ HTTP/1.1" 200 1915
INFO 2025-12-31 00:27:01,084 basehttp "GET /api/planos/ HTTP/1.1" 200 3300
INFO 2025-12-31 00:27:01,107 basehttp "GET /api/veterinarios/ HTTP/1.1" 200 434
INFO 2025-12-31 00:27:01,183 basehttp "GET /api/tutores/ HTTP/1.1" 200 1031
INFO 2025-12-31 00:27:01,196 basehttp "GET /api/planos/ HTTP/1.1" 200 3300
INFO 2025-12-31 00:27:05,511 basehttp "OPTIONS /api/consultas/ HTTP/1.1" 200 0
INFO 2025-12-31 00:27:05,518 basehttp "OPTIONS /api/consultas/ HTTP/1.1" 200 0
INFO 2025-12-31 00:27:05,523 basehttp "OPTIONS /api/clinicas/ HTTP/1.1" 200 0
INFO 2025-12-31 00:27:05,526 basehttp "OPTIONS /api/clinicas/ HTTP/1.1" 200 0
INFO 2025-12-31 00:27:05,587 basehttp "GET /api/veterinarios/ HTTP/1.1" 200 434
INFO 2025-12-31 00:27:05,611 basehttp "GET /api/animais/ HTTP/1.1" 200 1915
INFO 2025-12-31 00:27:05,629 basehttp "GET /api/clinicas/ HTTP/1.1" 200 664
INFO 2025-12-31 00:27:05,637 basehttp "GET /api/consultas/ HTTP/1.1" 200 3739
INFO 2025-12-31 00:27:05,645 basehttp "GET /api/veterinarios/ HTTP/1.1" 200 434
INFO 2025-12-31 00:27:05,661 basehttp "GET /api/animais/ HTTP/1.1" 200 1915
INFO 2025-12-31 00:27:05,734 basehttp "GET /api/clinicas/ HTTP/1.1" 200 664
INFO 2025-12-31 00:27:05,734 basehttp "GET /api/consultas/ HTTP/1.1" 200 3739
INFO 2025-12-31 00:27:07,936 basehttp "GET /api/tutores/ HTTP/1.1" 200 1031
INFO 2025-12-31 00:27:07,988 basehttp "GET /api/tutores/ HTTP/1.1" 200 1031
INFO 2025-12-31 00:27:09,751 basehttp "GET /api/animais/ HTTP/1.1" 200 1915
INFO 2025-12-31 00:27:09,772 basehttp "GET /api/tutores/ HTTP/1.1" 200 1031
INFO 2025-12-31 00:27:09,803 basehttp "GET /api/animais/ HTTP/1.1" 200 1915
INFO 2025-12-31 00:27:09,838 basehttp "GET /api/tutores/ HTTP/1.1" 200 1031
INFO 2025-12-31 00:27:11,938 basehttp "GET /api/veterinarios/ HTTP/1.1" 200 434
INFO 2025-12-31 00:27:11,979 basehttp "GET /api/veterinarios/ HTTP/1.1" 200 434
INFO 2025-12-31 00:27:13,385 basehttp "GET /api/planos/ HTTP/1.1" 200 3300
INFO 2025-12-31 00:27:13,437 basehttp "GET /api/planos/ HTTP/1.1" 200 3300
INFO 2025-12-31 00:27:15,228 basehttp "GET /api/clinicas/ HTTP/1.1" 200 664
INFO 2025-12-31 00:27:15,265 basehttp "GET /api/clinicas/ HTTP/1.1" 200 664
WARNING 2025-12-31 00:27:30,893 log Not Found: /api/notificacoes/nao_lidas/
WARNING 2025-12-31 00:27:30,894 basehttp "GET /api/notificacoes/nao_lidas/ HTTP/1.1" 404 14946
INFO 2025-12-31 00:27:38,887 basehttp "GET /api/animais/ HTTP/1.1" 200 1915
INFO 2025-12-31 00:27:38,895 basehttp "GET /api/tutores/ HTTP/1.1" 200 1031
INFO 2025-12-31 00:27:38,898 basehttp "GET /api/veterinarios/ HTTP/1.1" 200 434
INFO 2025-12-31 00:27:38,970 basehttp "GET /api/veterinarios/ HTTP/1.1" 200 434
INFO 2025-12-31 00:27:38,971 basehttp "GET /api/animais/ HTTP/1.1" 200 1915
INFO 2025-12-31 00:27:38,977 basehttp "GET /api/planos/ HTTP/1.1" 200 3300
INFO 2025-12-31 00:27:38,999 basehttp "GET /api/tutores/ HTTP/1.1" 200 1031
INFO 2025-12-31 00:27:39,042 basehttp "GET /api/planos/ HTTP/1.1" 200 3300
INFO 2025-12-31 00:27:46,521 basehttp "GET /api/animais/ HTTP/1.1" 200 1915
INFO 2025-12-31 00:27:46,565 basehttp "GET /api/animais/ HTTP/1.1" 200 1915
INFO 2025-12-31 00:27:48,018 basehttp "OPTIONS /api/diagnosticos/ HTTP/1.1" 200 0
INFO 2025-12-31 00:27:48,019 basehttp "OPTIONS /api/diagnosticos/ HTTP/1.1" 200 0
INFO 2025-12-31 00:27:48,071 basehttp "GET /api/diagnosticos/ HTTP/1.1" 200 3615
INFO 2025-12-31 00:27:48,167 basehttp "GET /api/diagnosticos/ HTTP/1.1" 200 3615
INFO 2025-12-31 00:27:48,212 basehttp "GET /media/diagnosticos/2025/12/cao.jpg HTTP/1.1" 304 0
INFO 2025-12-31 00:27:48,213 basehttp "GET /media/diagnosticos/2025/12/cachorro_qFClTgj.jpg HTTP/1.1" 304 0
INFO 2025-12-31 00:27:50,050 basehttp "OPTIONS /api/diagnosticos/stats/ HTTP/1.1" 200 0
INFO 2025-12-31 00:27:50,050 basehttp "OPTIONS /api/diagnosticos/stats/ HTTP/1.1" 200 0
INFO 2025-12-31 00:27:50,092 basehttp "GET /api/diagnosticos/stats/ HTTP/1.1" 200 213
INFO 2025-12-31 00:27:50,174 basehttp "GET /api/diagnosticos/stats/ HTTP/1.1" 200 213
INFO 2025-12-31 00:27:53,100 basehttp "GET /api/diagnosticos/ HTTP/1.1" 200 3615
INFO 2025-12-31 00:27:53,160 basehttp "GET /api/diagnosticos/ HTTP/1.1" 200 3615
INFO 2025-12-31 00:28:04,817 basehttp "GET /api/diagnosticos/stats/ HTTP/1.1" 200 213
INFO 2025-12-31 00:28:04,860 basehttp "GET /api/diagnosticos/stats/ HTTP/1.1" 200 213
WARNING 2025-12-31 00:28:10,649 log Not Found: /api/notificacoes/nao_lidas/
WARNING 2025-12-31 00:28:10,664 basehttp "GET /api/notificacoes/nao_lidas/ HTTP/1.1" 404 14946
INFO 2025-12-31 00:28:10,679 basehttp "GET /api/veterinarios/ HTTP/1.1" 200 434
INFO 2025-12-31 00:28:10,718 basehttp "GET /api/animais/ HTTP/1.1" 200 1915
WARNING 2025-12-31 00:28:10,750 log Not Found: /api/notificacoes/nao_lidas/
WARNING 2025-12-31 00:28:10,755 basehttp "GET /api/notificacoes/nao_lidas/ HTTP/1.1" 404 14946
INFO 2025-12-31 00:28:10,783 basehttp "GET /api/veterinarios/ HTTP/1.1" 200 434
INFO 2025-12-31 00:28:10,804 basehttp "GET /api/animais/ HTTP/1.1" 200 1915
INFO 2025-12-31 00:28:10,804 basehttp "GET /api/tutores/ HTTP/1.1" 200 1031
INFO 2025-12-31 00:28:10,809 basehttp "GET /api/planos/ HTTP/1.1" 200 3300
INFO 2025-12-31 00:28:10,898 basehttp "GET /api/tutores/ HTTP/1.1" 200 1031
INFO 2025-12-31 00:28:10,898 basehttp "GET /api/planos/ HTTP/1.1" 200 3300
INFO 2025-12-31 00:28:12,561 basehttp "GET /api/animais/ HTTP/1.1" 200 1915
INFO 2025-12-31 00:28:12,561 basehttp "GET /api/consultas/ HTTP/1.1" 200 3739
INFO 2025-12-31 00:28:12,563 basehttp "GET /api/clinicas/ HTTP/1.1" 200 664
INFO 2025-12-31 00:28:12,569 basehttp "GET /api/veterinarios/ HTTP/1.1" 200 434
INFO 2025-12-31 00:28:12,650 basehttp "GET /api/consultas/ HTTP/1.1" 200 3739
INFO 2025-12-31 00:28:12,667 basehttp "GET /api/clinicas/ HTTP/1.1" 200 664
INFO 2025-12-31 00:28:12,682 basehttp "GET /api/veterinarios/ HTTP/1.1" 200 434
INFO 2025-12-31 00:28:12,682 basehttp "GET /api/animais/ HTTP/1.1" 200 1915
INFO 2025-12-31 00:28:32,391 basehttp "GET /api/tutores/ HTTP/1.1" 200 1031
INFO 2025-12-31 00:28:32,482 basehttp "GET /api/tutores/ HTTP/1.1" 200 1031
INFO 2025-12-31 00:28:35,090 basehttp "GET /api/animais/ HTTP/1.1" 200 1915
INFO 2025-12-31 00:28:35,112 basehttp "GET /api/tutores/ HTTP/1.1" 200 1031
INFO 2025-12-31 00:28:35,146 basehttp "GET /api/animais/ HTTP/1.1" 200 1915
INFO 2025-12-31 00:28:35,175 basehttp "GET /api/tutores/ HTTP/1.1" 200 1031
WARNING 2025-12-31 00:28:40,587 log Not Found: /api/notificacoes/nao_lidas/
WARNING 2025-12-31 00:28:40,588 basehttp "GET /api/notificacoes/nao_lidas/ HTTP/1.1" 404 14946
INFO 2025-12-31 00:28:46,057 basehttp "GET /api/tutores/ HTTP/1.1" 200 1031
INFO 2025-12-31 00:28:46,121 basehttp "GET /api/tutores/ HTTP/1.1" 200 1031
INFO 2025-12-31 00:28:47,530 basehttp "GET /api/clinicas/ HTTP/1.1" 200 664
INFO 2025-12-31 00:28:47,538 basehttp "GET /api/veterinarios/ HTTP/1.1" 200 434
INFO 2025-12-31 00:28:47,548 basehttp "GET /api/consultas/ HTTP/1.1" 200 3739
INFO 2025-12-31 00:28:47,568 basehttp "GET /api/animais/ HTTP/1.1" 200 1915
INFO 2025-12-31 00:28:47,627 basehttp "GET /api/veterinarios/ HTTP/1.1" 200 434
INFO 2025-12-31 00:28:47,656 basehttp "GET /api/animais/ HTTP/1.1" 200 1915
INFO 2025-12-31 00:28:47,683 basehttp "GET /api/consultas/ HTTP/1.1" 200 3739
INFO 2025-12-31 00:28:47,690 basehttp "GET /api/clinicas/ HTTP/1.1" 200 664
INFO 2025-12-31 00:38:26,899 autoreload Watching for file changes with StatReloader
WARNING 2025-12-31 00:38:58,058 log Not Found: /api-token-auth/
WARNING 2025-12-31 00:38:58,058 basehttp "POST /api-token-auth/ HTTP/1.1" 404 2843
WARNING 2025-12-31 00:39:49,389 log Not Found: /api-token-auth/
WARNING 2025-12-31 00:39:49,390 basehttp "POST /api-token-auth/ HTTP/1.1" 404 2843
INFO 2025-12-31 00:41:10,712 autoreload /home/fabianosf/Desktop/Projetos/vetsystem/backend/config/urls.py changed, reloading.
INFO 2025-12-31 00:41:12,599 autoreload Watching for file changes with StatReloader
INFO 2025-12-31 00:41:48,950 autoreload /home/fabianosf/Desktop/Projetos/vetsystem/backend/config/settings.py changed, reloading.
INFO 2025-12-31 00:41:50,817 autoreload Watching for file changes with StatReloader
INFO 2025-12-31 00:42:24,054 autoreload /home/fabianosf/Desktop/Projetos/vetsystem/backend/config/urls.py changed, reloading.
INFO 2025-12-31 00:42:25,684 autoreload Watching for file changes with StatReloader
INFO 2025-12-31 00:42:54,035 autoreload Watching for file changes with StatReloader
INFO 2025-12-31 00:43:11,422 basehttp "POST /api-token-auth/ HTTP/1.1" 200 52
WARNING 2025-12-31 00:44:10,107 log Bad Request: /api/consultas/
WARNING 2025-12-31 00:44:10,107 basehttp "POST /api/consultas/ HTTP/1.1" 400 114
INFO 2025-12-31 00:46:05,068 basehttp "POST /api/consultas/ HTTP/1.1" 201 484
WARNING 2025-12-31 00:46:42,983 log Unauthorized: /api/consultas/9/cancelar/
WARNING 2025-12-31 00:46:42,984 basehttp "POST /api/consultas/9/cancelar/ HTTP/1.1" 401 68
WARNING 2025-12-31 00:47:16,181 log Unauthorized: /api/consultas/9/cancelar/
WARNING 2025-12-31 00:47:16,182 basehttp "POST /api/consultas/9/cancelar/ HTTP/1.1" 401 68
WARNING 2025-12-31 00:48:09,271 log Unauthorized: /api/consultas/9/cancelar/
WARNING 2025-12-31 00:48:09,272 basehttp "POST /api/consultas/9/cancelar/ HTTP/1.1" 401 68
WARNING 2025-12-31 00:48:40,289 log Unauthorized: /api/consultas/9/cancelar/
WARNING 2025-12-31 00:48:40,290 basehttp "POST /api/consultas/9/cancelar/ HTTP/1.1" 401 68
WARNING 2025-12-31 00:48:52,214 log Unauthorized: /api/consultas/9/cancelar/
WARNING 2025-12-31 00:48:52,214 basehttp "POST /api/consultas/9/cancelar/ HTTP/1.1" 401 68
INFO 2025-12-31 00:50:30,896 autoreload /home/fabianosf/Desktop/Projetos/vetsystem/backend/api/services/notification_service.py changed, reloading.
INFO 2025-12-31 00:50:32,980 autoreload Watching for file changes with StatReloader
INFO 2025-12-31 00:50:59,874 basehttp "POST /api/consultas/ HTTP/1.1" 201 478
INFO 2025-12-31 01:14:54,441 autoreload Watching for file changes with StatReloader
WARNING 2025-12-31 01:15:28,538 log Not Found: /api/notificacoes/nao_lidas/
WARNING 2025-12-31 01:15:28,543 basehttp "GET /api/notificacoes/nao_lidas/ HTTP/1.1" 404 15623
WARNING 2025-12-31 01:15:28,586 log Not Found: /api/notificacoes/nao_lidas/
WARNING 2025-12-31 01:15:28,603 basehttp "GET /api/notificacoes/nao_lidas/ HTTP/1.1" 404 15623
INFO 2025-12-31 01:15:28,701 basehttp "GET /api/animais/ HTTP/1.1" 200 1915
INFO 2025-12-31 01:15:28,710 basehttp "GET /api/veterinarios/ HTTP/1.1" 200 434
INFO 2025-12-31 01:15:28,722 basehttp "GET /api/tutores/ HTTP/1.1" 200 1031
INFO 2025-12-31 01:15:28,730 basehttp "GET /api/planos/ HTTP/1.1" 200 3300
INFO 2025-12-31 01:15:28,774 basehttp "GET /api/veterinarios/ HTTP/1.1" 200 434
INFO 2025-12-31 01:15:28,778 basehttp "GET /api/animais/ HTTP/1.1" 200 1915
INFO 2025-12-31 01:15:28,820 basehttp "GET /api/tutores/ HTTP/1.1" 200 1031
INFO 2025-12-31 01:15:28,829 basehttp "GET /api/planos/ HTTP/1.1" 200 3300
INFO 2025-12-31 01:15:32,704 basehttp "GET /api/veterinarios/ HTTP/1.1" 200 434
INFO 2025-12-31 01:15:32,704 basehttp "GET /api/consultas/ HTTP/1.1" 200 4704
INFO 2025-12-31 01:15:32,730 basehttp "GET /api/animais/ HTTP/1.1" 200 1915
INFO 2025-12-31 01:15:32,740 basehttp "GET /api/clinicas/ HTTP/1.1" 200 664
INFO 2025-12-31 01:15:32,786 basehttp "GET /api/veterinarios/ HTTP/1.1" 200 434
INFO 2025-12-31 01:15:32,808 basehttp "GET /api/consultas/ HTTP/1.1" 200 4704
INFO 2025-12-31 01:15:32,812 basehttp "GET /api/clinicas/ HTTP/1.1" 200 664
INFO 2025-12-31 01:15:32,821 basehttp "GET /api/animais/ HTTP/1.1" 200 1915
INFO 2025-12-31 01:15:37,068 basehttp "GET /api/tutores/ HTTP/1.1" 200 1031
INFO 2025-12-31 01:15:37,123 basehttp "GET /api/tutores/ HTTP/1.1" 200 1031
INFO 2025-12-31 01:15:39,018 basehttp "GET /api/animais/ HTTP/1.1" 200 1915
INFO 2025-12-31 01:15:39,039 basehttp "GET /api/tutores/ HTTP/1.1" 200 1031
INFO 2025-12-31 01:15:39,081 basehttp "GET /api/animais/ HTTP/1.1" 200 1915
INFO 2025-12-31 01:15:39,115 basehttp "GET /api/tutores/ HTTP/1.1" 200 1031
INFO 2025-12-31 01:15:40,637 basehttp "GET /api/veterinarios/ HTTP/1.1" 200 434
INFO 2025-12-31 01:15:40,679 basehttp "GET /api/veterinarios/ HTTP/1.1" 200 434
INFO 2025-12-31 01:15:41,927 basehttp "GET /api/planos/ HTTP/1.1" 200 3300
INFO 2025-12-31 01:15:41,985 basehttp "GET /api/planos/ HTTP/1.1" 200 3300
INFO 2025-12-31 01:15:43,215 basehttp "GET /api/clinicas/ HTTP/1.1" 200 664
INFO 2025-12-31 01:15:43,259 basehttp "GET /api/clinicas/ HTTP/1.1" 200 664
INFO 2025-12-31 01:35:48,982 autoreload Watching for file changes with StatReloader
WARNING 2025-12-31 01:36:06,381 log Not Found: /api/notificacoes/nao_lidas/
WARNING 2025-12-31 01:36:06,390 basehttp "GET /api/notificacoes/nao_lidas/ HTTP/1.1" 404 15623
WARNING 2025-12-31 01:36:06,390 log Unauthorized: /api/veterinarios/
WARNING 2025-12-31 01:36:06,391 basehttp "GET /api/veterinarios/ HTTP/1.1" 401 191
WARNING 2025-12-31 01:36:06,393 log Unauthorized: /api/animais/
WARNING 2025-12-31 01:36:06,394 basehttp "GET /api/animais/ HTTP/1.1" 401 191
WARNING 2025-12-31 01:36:06,385 log Unauthorized: /api/tutores/
WARNING 2025-12-31 01:36:06,397 basehttp "GET /api/tutores/ HTTP/1.1" 401 191
WARNING 2025-12-31 01:36:06,397 log Unauthorized: /api/planos/
WARNING 2025-12-31 01:36:06,402 basehttp "GET /api/planos/ HTTP/1.1" 401 191
WARNING 2025-12-31 01:36:06,415 log Unauthorized: /api/animais/
WARNING 2025-12-31 01:36:06,428 basehttp "GET /api/animais/ HTTP/1.1" 401 191
WARNING 2025-12-31 01:36:06,418 log Unauthorized: /api/veterinarios/
WARNING 2025-12-31 01:36:06,422 log Unauthorized: /api/tutores/
WARNING 2025-12-31 01:36:06,420 log Unauthorized: /api/planos/
WARNING 2025-12-31 01:36:06,432 basehttp "GET /api/veterinarios/ HTTP/1.1" 401 191
WARNING 2025-12-31 01:36:06,449 basehttp "GET /api/planos/ HTTP/1.1" 401 191
WARNING 2025-12-31 01:36:06,458 basehttp "GET /api/tutores/ HTTP/1.1" 401 191
WARNING 2025-12-31 01:36:06,464 log Not Found: /api/notificacoes/nao_lidas/
WARNING 2025-12-31 01:36:06,479 basehttp "GET /api/notificacoes/nao_lidas/ HTTP/1.1" 404 15623
WARNING 2025-12-31 01:36:06,492 log Not Found: /api/auth/token/refresh/
WARNING 2025-12-31 01:36:06,507 log Not Found: /api/auth/token/refresh/
WARNING 2025-12-31 01:36:06,512 basehttp "POST /api/auth/token/refresh/ HTTP/1.1" 404 16591
WARNING 2025-12-31 01:36:06,512 basehttp "POST /api/auth/token/refresh/ HTTP/1.1" 404 16591
WARNING 2025-12-31 01:36:06,629 log Not Found: /api/auth/token/refresh/
INFO 2025-12-31 01:36:06,637 basehttp code 400, message Bad request syntax ('{"refresh":"eyJhbGciOiJIUzI1NiIsInR5cCI6IkpXVCJ9.eyJ0b2tlbl90eXBlIjoicmVmcmVzaCIsImV4cCI6MTc2Nzc1NjQyMCwiaWF0IjoxNzY3MTUxNjIwLCJqdGkiOiJmMzUyOGI1ZDFjZTI0NWVlOTM3NWRkY2U3NDYyNzI5YiIsInVzZXJfaWQiOiIxIiwidXNlcm5hbWUiOiJhZG1pbiIsImVtYWlsIjoiYWRtaW5AZXhhbXBsZS5jb20iLCJyb2xlIjoiVFVUT1IifQ.tQFdhWM5tXnWrve3D7Vw0DWXxtJDK5cm0F5DUTYUF8g"}')
WARNING 2025-12-31 01:36:06,638 basehttp "{"refresh":"eyJhbGciOiJIUzI1NiIsInR5cCI6IkpXVCJ9.eyJ0b2tlbl90eXBlIjoicmVmcmVzaCIsImV4cCI6MTc2Nzc1NjQyMCwiaWF0IjoxNzY3MTUxNjIwLCJqdGkiOiJmMzUyOGI1ZDFjZTI0NWVlOTM3NWRkY2U3NDYyNzI5YiIsInVzZXJfaWQiOiIxIiwidXNlcm5hbWUiOiJhZG1pbiIsImVtYWlsIjoiYWRtaW5AZXhhbXBsZS5jb20iLCJyb2xlIjoiVFVUT1IifQ.tQFdhWM5tXnWrve3D7Vw0DWXxtJDK5cm0F5DUTYUF8g"}" 400 -
INFO 2025-12-31 01:36:06,638 basehttp - Broken pipe from ('127.0.0.1', 50188)
WARNING 2025-12-31 01:36:06,631 log Not Found: /api/auth/token/refresh/
INFO 2025-12-31 01:36:06,655 basehttp code 400, message Bad request syntax ('{"refresh":"eyJhbGciOiJIUzI1NiIsInR5cCI6IkpXVCJ9.eyJ0b2tlbl90eXBlIjoicmVmcmVzaCIsImV4cCI6MTc2Nzc1NjQyMCwiaWF0IjoxNzY3MTUxNjIwLCJqdGkiOiJmMzUyOGI1ZDFjZTI0NWVlOTM3NWRkY2U3NDYyNzI5YiIsInVzZXJfaWQiOiIxIiwidXNlcm5hbWUiOiJhZG1pbiIsImVtYWlsIjoiYWRtaW5AZXhhbXBsZS5jb20iLCJyb2xlIjoiVFVUT1IifQ.tQFdhWM5tXnWrve3D7Vw0DWXxtJDK5cm0F5DUTYUF8g"}')
WARNING 2025-12-31 01:36:06,655 basehttp "{"refresh":"eyJhbGciOiJIUzI1NiIsInR5cCI6IkpXVCJ9.eyJ0b2tlbl90eXBlIjoicmVmcmVzaCIsImV4cCI6MTc2Nzc1NjQyMCwiaWF0IjoxNzY3MTUxNjIwLCJqdGkiOiJmMzUyOGI1ZDFjZTI0NWVlOTM3NWRkY2U3NDYyNzI5YiIsInVzZXJfaWQiOiIxIiwidXNlcm5hbWUiOiJhZG1pbiIsImVtYWlsIjoiYWRtaW5AZXhhbXBsZS5jb20iLCJyb2xlIjoiVFVUT1IifQ.tQFdhWM5tXnWrve3D7Vw0DWXxtJDK5cm0F5DUTYUF8g"}" 400 -
WARNING 2025-12-31 01:36:06,633 log Not Found: /api/auth/token/refresh/
WARNING 2025-12-31 01:36:06,635 log Not Found: /api/auth/token/refresh/
INFO 2025-12-31 01:36:06,664 basehttp code 400, message Bad request syntax ('{"refresh":"eyJhbGciOiJIUzI1NiIsInR5cCI6IkpXVCJ9.eyJ0b2tlbl90eXBlIjoicmVmcmVzaCIsImV4cCI6MTc2Nzc1NjQyMCwiaWF0IjoxNzY3MTUxNjIwLCJqdGkiOiJmMzUyOGI1ZDFjZTI0NWVlOTM3NWRkY2U3NDYyNzI5YiIsInVzZXJfaWQiOiIxIiwidXNlcm5hbWUiOiJhZG1pbiIsImVtYWlsIjoiYWRtaW5AZXhhbXBsZS5jb20iLCJyb2xlIjoiVFVUT1IifQ.tQFdhWM5tXnWrve3D7Vw0DWXxtJDK5cm0F5DUTYUF8g"}')
WARNING 2025-12-31 01:36:06,665 basehttp "{"refresh":"eyJhbGciOiJIUzI1NiIsInR5cCI6IkpXVCJ9.eyJ0b2tlbl90eXBlIjoicmVmcmVzaCIsImV4cCI6MTc2Nzc1NjQyMCwiaWF0IjoxNzY3MTUxNjIwLCJqdGkiOiJmMzUyOGI1ZDFjZTI0NWVlOTM3NWRkY2U3NDYyNzI5YiIsInVzZXJfaWQiOiIxIiwidXNlcm5hbWUiOiJhZG1pbiIsImVtYWlsIjoiYWRtaW5AZXhhbXBsZS5jb20iLCJyb2xlIjoiVFVUT1IifQ.tQFdhWM5tXnWrve3D7Vw0DWXxtJDK5cm0F5DUTYUF8g"}" 400 -
INFO 2025-12-31 01:36:06,672 basehttp - Broken pipe from ('127.0.0.1', 50204)
INFO 2025-12-31 01:36:06,672 basehttp - Broken pipe from ('127.0.0.1', 50206)
INFO 2025-12-31 01:36:06,687 basehttp code 400, message Bad request syntax ('{"refresh":"eyJhbGciOiJIUzI1NiIsInR5cCI6IkpXVCJ9.eyJ0b2tlbl90eXBlIjoicmVmcmVzaCIsImV4cCI6MTc2Nzc1NjQyMCwiaWF0IjoxNzY3MTUxNjIwLCJqdGkiOiJmMzUyOGI1ZDFjZTI0NWVlOTM3NWRkY2U3NDYyNzI5YiIsInVzZXJfaWQiOiIxIiwidXNlcm5hbWUiOiJhZG1pbiIsImVtYWlsIjoiYWRtaW5AZXhhbXBsZS5jb20iLCJyb2xlIjoiVFVUT1IifQ.tQFdhWM5tXnWrve3D7Vw0DWXxtJDK5cm0F5DUTYUF8g"}')
WARNING 2025-12-31 01:36:06,688 basehttp "{"refresh":"eyJhbGciOiJIUzI1NiIsInR5cCI6IkpXVCJ9.eyJ0b2tlbl90eXBlIjoicmVmcmVzaCIsImV4cCI6MTc2Nzc1NjQyMCwiaWF0IjoxNzY3MTUxNjIwLCJqdGkiOiJmMzUyOGI1ZDFjZTI0NWVlOTM3NWRkY2U3NDYyNzI5YiIsInVzZXJfaWQiOiIxIiwidXNlcm5hbWUiOiJhZG1pbiIsImVtYWlsIjoiYWRtaW5AZXhhbXBsZS5jb20iLCJyb2xlIjoiVFVUT1IifQ.tQFdhWM5tXnWrve3D7Vw0DWXxtJDK5cm0F5DUTYUF8g"}" 400 -
INFO 2025-12-31 01:36:06,688 basehttp - Broken pipe from ('127.0.0.1', 50190)
WARNING 2025-12-31 01:36:06,676 log Not Found: /api/auth/token/refresh/
INFO 2025-12-31 01:36:06,693 basehttp code 400, message Bad request syntax ('{"refresh":"eyJhbGciOiJIUzI1NiIsInR5cCI6IkpXVCJ9.eyJ0b2tlbl90eXBlIjoicmVmcmVzaCIsImV4cCI6MTc2Nzc1NjQyMCwiaWF0IjoxNzY3MTUxNjIwLCJqdGkiOiJmMzUyOGI1ZDFjZTI0NWVlOTM3NWRkY2U3NDYyNzI5YiIsInVzZXJfaWQiOiIxIiwidXNlcm5hbWUiOiJhZG1pbiIsImVtYWlsIjoiYWRtaW5AZXhhbXBsZS5jb20iLCJyb2xlIjoiVFVUT1IifQ.tQFdhWM5tXnWrve3D7Vw0DWXxtJDK5cm0F5DUTYUF8g"}')
WARNING 2025-12-31 01:36:06,693 basehttp "{"refresh":"eyJhbGciOiJIUzI1NiIsInR5cCI6IkpXVCJ9.eyJ0b2tlbl90eXBlIjoicmVmcmVzaCIsImV4cCI6MTc2Nzc1NjQyMCwiaWF0IjoxNzY3MTUxNjIwLCJqdGkiOiJmMzUyOGI1ZDFjZTI0NWVlOTM3NWRkY2U3NDYyNzI5YiIsInVzZXJfaWQiOiIxIiwidXNlcm5hbWUiOiJhZG1pbiIsImVtYWlsIjoiYWRtaW5AZXhhbXBsZS5jb20iLCJyb2xlIjoiVFVUT1IifQ.tQFdhWM5tXnWrve3D7Vw0DWXxtJDK5cm0F5DUTYUF8g"}" 400 -
INFO 2025-12-31 01:36:06,693 basehttp - Broken pipe from ('127.0.0.1', 50220)
WARNING 2025-12-31 01:36:06,709 log Not Found: /api/auth/token/refresh/
INFO 2025-12-31 01:36:06,712 basehttp code 400, message Bad request syntax ('{"refresh":"eyJhbGciOiJIUzI1NiIsInR5cCI6IkpXVCJ9.eyJ0b2tlbl90eXBlIjoicmVmcmVzaCIsImV4cCI6MTc2Nzc1NjQyMCwiaWF0IjoxNzY3MTUxNjIwLCJqdGkiOiJmMzUyOGI1ZDFjZTI0NWVlOTM3NWRkY2U3NDYyNzI5YiIsInVzZXJfaWQiOiIxIiwidXNlcm5hbWUiOiJhZG1pbiIsImVtYWlsIjoiYWRtaW5AZXhhbXBsZS5jb20iLCJyb2xlIjoiVFVUT1IifQ.tQFdhWM5tXnWrve3D7Vw0DWXxtJDK5cm0F5DUTYUF8g"}')
WARNING 2025-12-31 01:36:06,713 basehttp "{"refresh":"eyJhbGciOiJIUzI1NiIsInR5cCI6IkpXVCJ9.eyJ0b2tlbl90eXBlIjoicmVmcmVzaCIsImV4cCI6MTc2Nzc1NjQyMCwiaWF0IjoxNzY3MTUxNjIwLCJqdGkiOiJmMzUyOGI1ZDFjZTI0NWVlOTM3NWRkY2U3NDYyNzI5YiIsInVzZXJfaWQiOiIxIiwidXNlcm5hbWUiOiJhZG1pbiIsImVtYWlsIjoiYWRtaW5AZXhhbXBsZS5jb20iLCJyb2xlIjoiVFVUT1IifQ.tQFdhWM5tXnWrve3D7Vw0DWXxtJDK5cm0F5DUTYUF8g"}" 400 -
INFO 2025-12-31 01:36:06,713 basehttp - Broken pipe from ('127.0.0.1', 50222)
INFO 2025-12-31 01:36:13,900 basehttp "POST /api/auth/login/ HTTP/1.1" 200 763
WARNING 2025-12-31 01:36:14,138 log Not Found: /api/notificacoes/nao_lidas/
WARNING 2025-12-31 01:36:14,149 basehttp "GET /api/notificacoes/nao_lidas/ HTTP/1.1" 404 15623
INFO 2025-12-31 01:36:14,198 basehttp "GET /api/veterinarios/ HTTP/1.1" 200 434
INFO 2025-12-31 01:36:14,228 basehttp "GET /api/animais/ HTTP/1.1" 200 1915
WARNING 2025-12-31 01:36:14,233 log Not Found: /api/notificacoes/nao_lidas/
WARNING 2025-12-31 01:36:14,239 basehttp "GET /api/notificacoes/nao_lidas/ HTTP/1.1" 404 15623
INFO 2025-12-31 01:36:14,257 basehttp "GET /api/tutores/ HTTP/1.1" 200 1031
INFO 2025-12-31 01:36:14,265 basehttp "GET /api/veterinarios/ HTTP/1.1" 200 434
INFO 2025-12-31 01:36:14,276 basehttp "GET /api/planos/ HTTP/1.1" 200 3300
INFO 2025-12-31 01:36:14,302 basehttp "GET /api/animais/ HTTP/1.1" 200 1915
INFO 2025-12-31 01:36:14,329 basehttp "GET /api/tutores/ HTTP/1.1" 200 1031
INFO 2025-12-31 01:36:14,358 basehttp "GET /api/planos/ HTTP/1.1" 200 3300
INFO 2025-12-31 01:36:18,048 basehttp "GET /api/clinicas/ HTTP/1.1" 200 664
INFO 2025-12-31 01:36:18,093 basehttp "GET /api/clinicas/ HTTP/1.1" 200 664
INFO 2025-12-31 01:36:19,495 basehttp "GET /api/planos/ HTTP/1.1" 200 3300
INFO 2025-12-31 01:36:19,548 basehttp "GET /api/planos/ HTTP/1.1" 200 3300
INFO 2025-12-31 01:36:22,372 basehttp "GET /api/veterinarios/ HTTP/1.1" 200 434
INFO 2025-12-31 01:36:22,412 basehttp "GET /api/veterinarios/ HTTP/1.1" 200 434
INFO 2025-12-31 01:36:23,896 basehttp "GET /api/animais/ HTTP/1.1" 200 1915
INFO 2025-12-31 01:36:23,916 basehttp "GET /api/tutores/ HTTP/1.1" 200 1031
INFO 2025-12-31 01:36:23,940 basehttp "GET /api/animais/ HTTP/1.1" 200 1915
INFO 2025-12-31 01:36:23,971 basehttp "GET /api/tutores/ HTTP/1.1" 200 1031
INFO 2025-12-31 01:36:25,149 basehttp "GET /api/tutores/ HTTP/1.1" 200 1031
INFO 2025-12-31 01:36:25,202 basehttp "GET /api/tutores/ HTTP/1.1" 200 1031
INFO 2025-12-31 01:36:27,107 basehttp "GET /api/consultas/ HTTP/1.1" 200 4704
INFO 2025-12-31 01:36:27,108 basehttp "GET /api/animais/ HTTP/1.1" 200 1915
INFO 2025-12-31 01:36:27,133 basehttp "GET /api/veterinarios/ HTTP/1.1" 200 434
INFO 2025-12-31 01:36:27,158 basehttp "GET /api/clinicas/ HTTP/1.1" 200 664
INFO 2025-12-31 01:36:27,210 basehttp "GET /api/veterinarios/ HTTP/1.1" 200 434
INFO 2025-12-31 01:36:27,221 basehttp "GET /api/animais/ HTTP/1.1" 200 1915
INFO 2025-12-31 01:36:27,235 basehttp "GET /api/consultas/ HTTP/1.1" 200 4704
INFO 2025-12-31 01:36:27,242 basehttp "GET /api/clinicas/ HTTP/1.1" 200 664
INFO 2025-12-31 01:36:29,832 basehttp "GET /api/animais/ HTTP/1.1" 200 1915
INFO 2025-12-31 01:36:29,833 basehttp "GET /api/tutores/ HTTP/1.1" 200 1031
INFO 2025-12-31 01:36:29,868 basehttp "GET /api/veterinarios/ HTTP/1.1" 200 434
INFO 2025-12-31 01:36:29,929 basehttp "GET /api/planos/ HTTP/1.1" 200 3300
INFO 2025-12-31 01:36:29,957 basehttp "GET /api/veterinarios/ HTTP/1.1" 200 434
INFO 2025-12-31 01:36:29,970 basehttp "GET /api/animais/ HTTP/1.1" 200 1915
INFO 2025-12-31 01:36:29,989 basehttp "GET /api/tutores/ HTTP/1.1" 200 1031
INFO 2025-12-31 01:36:30,034 basehttp "GET /api/planos/ HTTP/1.1" 200 3300
WARNING 2025-12-31 01:36:44,104 log Not Found: /api/notificacoes/nao_lidas/
WARNING 2025-12-31 01:36:44,105 basehttp "GET /api/notificacoes/nao_lidas/ HTTP/1.1" 404 15623
WARNING 2025-12-31 01:37:15,060 log Not Found: /api/notificacoes/nao_lidas/
WARNING 2025-12-31 01:37:15,060 basehttp "GET /api/notificacoes/nao_lidas/ HTTP/1.1" 404 15623
WARNING 2025-12-31 01:37:45,060 log Not Found: /api/notificacoes/nao_lidas/
WARNING 2025-12-31 01:37:45,060 basehttp "GET /api/notificacoes/nao_lidas/ HTTP/1.1" 404 15623
WARNING 2025-12-31 01:38:15,072 log Not Found: /api/notificacoes/nao_lidas/
WARNING 2025-12-31 01:38:15,073 basehttp "GET /api/notificacoes/nao_lidas/ HTTP/1.1" 404 15623
WARNING 2025-12-31 01:38:45,060 log Not Found: /api/notificacoes/nao_lidas/
WARNING 2025-12-31 01:38:45,061 basehttp "GET /api/notificacoes/nao_lidas/ HTTP/1.1" 404 15623
WARNING 2025-12-31 01:39:15,084 log Not Found: /api/notificacoes/nao_lidas/
WARNING 2025-12-31 01:39:15,084 basehttp "GET /api/notificacoes/nao_lidas/ HTTP/1.1" 404 15623
WARNING 2025-12-31 01:39:55,063 log Not Found: /api/notificacoes/nao_lidas/
WARNING 2025-12-31 01:39:55,063 basehttp "GET /api/notificacoes/nao_lidas/ HTTP/1.1" 404 15623
WARNING 2025-12-31 01:40:55,076 log Not Found: /api/notificacoes/nao_lidas/
WARNING 2025-12-31 01:40:55,077 basehttp "GET /api/notificacoes/nao_lidas/ HTTP/1.1" 404 15623
WARNING 2025-12-31 01:41:55,071 log Not Found: /api/notificacoes/nao_lidas/
WARNING 2025-12-31 01:41:55,072 basehttp "GET /api/notificacoes/nao_lidas/ HTTP/1.1" 404 15623
WARNING 2025-12-31 01:42:55,070 log Not Found: /api/notificacoes/nao_lidas/
WARNING 2025-12-31 01:42:55,071 basehttp "GET /api/notificacoes/nao_lidas/ HTTP/1.1" 404 15623
WARNING 2025-12-31 01:43:55,090 log Not Found: /api/notificacoes/nao_lidas/
WARNING 2025-12-31 01:43:55,093 basehttp "GET /api/notificacoes/nao_lidas/ HTTP/1.1" 404 15623
WARNING 2025-12-31 01:44:55,075 log Not Found: /api/notificacoes/nao_lidas/
WARNING 2025-12-31 01:44:55,076 basehttp "GET /api/notificacoes/nao_lidas/ HTTP/1.1" 404 15623
WARNING 2025-12-31 01:45:05,501 log Not Found: /api/notificacoes/nao_lidas/
WARNING 2025-12-31 01:45:05,502 basehttp "GET /api/notificacoes/nao_lidas/ HTTP/1.1" 404 15623
INFO 2025-12-31 01:45:05,549 basehttp "GET /api/veterinarios/ HTTP/1.1" 200 434
INFO 2025-12-31 01:45:05,550 basehttp "GET /api/animais/ HTTP/1.1" 200 1915
WARNING 2025-12-31 01:45:05,626 log Not Found: /api/notificacoes/nao_lidas/
WARNING 2025-12-31 01:45:05,652 basehttp "GET /api/notificacoes/nao_lidas/ HTTP/1.1" 404 15623
INFO 2025-12-31 01:45:05,642 basehttp "GET /api/tutores/ HTTP/1.1" 200 1031
INFO 2025-12-31 01:45:05,667 basehttp "GET /api/veterinarios/ HTTP/1.1" 200 434
INFO 2025-12-31 01:45:05,686 basehttp "GET /api/animais/ HTTP/1.1" 200 1915
INFO 2025-12-31 01:45:05,705 basehttp "GET /api/planos/ HTTP/1.1" 200 3300
INFO 2025-12-31 01:45:05,717 basehttp "GET /api/tutores/ HTTP/1.1" 200 1031
INFO 2025-12-31 01:45:05,770 basehttp "GET /api/planos/ HTTP/1.1" 200 3300
WARNING 2025-12-31 01:45:36,068 log Not Found: /api/notificacoes/nao_lidas/
WARNING 2025-12-31 01:45:36,069 basehttp "GET /api/notificacoes/nao_lidas/ HTTP/1.1" 404 15623
WARNING 2025-12-31 01:46:06,067 log Not Found: /api/notificacoes/nao_lidas/
WARNING 2025-12-31 01:46:06,067 basehttp "GET /api/notificacoes/nao_lidas/ HTTP/1.1" 404 15623
WARNING 2025-12-31 01:46:36,089 log Not Found: /api/notificacoes/nao_lidas/
WARNING 2025-12-31 01:46:36,089 basehttp "GET /api/notificacoes/nao_lidas/ HTTP/1.1" 404 15623
WARNING 2025-12-31 01:47:06,064 log Not Found: /api/notificacoes/nao_lidas/
WARNING 2025-12-31 01:47:06,065 basehttp "GET /api/notificacoes/nao_lidas/ HTTP/1.1" 404 15623
WARNING 2025-12-31 01:47:09,270 log Not Found: /api/notificacoes/nao_lidas/
WARNING 2025-12-31 01:47:09,273 basehttp "GET /api/notificacoes/nao_lidas/ HTTP/1.1" 404 15623
WARNING 2025-12-31 01:47:09,326 log Not Found: /api/notificacoes/nao_lidas/
WARNING 2025-12-31 01:47:09,335 basehttp "GET /api/notificacoes/nao_lidas/ HTTP/1.1" 404 15623
INFO 2025-12-31 01:47:09,383 basehttp "GET /api/veterinarios/ HTTP/1.1" 200 434
INFO 2025-12-31 01:47:09,397 basehttp "GET /api/animais/ HTTP/1.1" 200 1915
INFO 2025-12-31 01:47:09,429 basehttp "GET /api/tutores/ HTTP/1.1" 200 1031
INFO 2025-12-31 01:47:09,441 basehttp "GET /api/planos/ HTTP/1.1" 200 3300
INFO 2025-12-31 01:47:09,461 basehttp "GET /api/veterinarios/ HTTP/1.1" 200 434
INFO 2025-12-31 01:47:09,507 basehttp "GET /api/animais/ HTTP/1.1" 200 1915
INFO 2025-12-31 01:47:09,555 basehttp "GET /api/tutores/ HTTP/1.1" 200 1031
INFO 2025-12-31 01:47:09,559 basehttp "GET /api/planos/ HTTP/1.1" 200 3300
WARNING 2025-12-31 01:47:40,068 log Not Found: /api/notificacoes/nao_lidas/
WARNING 2025-12-31 01:47:40,069 basehttp "GET /api/notificacoes/nao_lidas/ HTTP/1.1" 404 15623
WARNING 2025-12-31 01:48:10,073 log Not Found: /api/notificacoes/nao_lidas/
WARNING 2025-12-31 01:48:10,074 basehttp "GET /api/notificacoes/nao_lidas/ HTTP/1.1" 404 15623
WARNING 2025-12-31 01:48:40,073 log Not Found: /api/notificacoes/nao_lidas/
WARNING 2025-12-31 01:48:40,073 basehttp "GET /api/notificacoes/nao_lidas/ HTTP/1.1" 404 15623
WARNING 2025-12-31 01:49:10,077 log Not Found: /api/notificacoes/nao_lidas/
WARNING 2025-12-31 01:49:10,078 basehttp "GET /api/notificacoes/nao_lidas/ HTTP/1.1" 404 15623
WARNING 2025-12-31 01:49:39,231 log Not Found: /api/notificacoes/nao_lidas/
WARNING 2025-12-31 01:49:39,232 basehttp "GET /api/notificacoes/nao_lidas/ HTTP/1.1" 404 15623
WARNING 2025-12-31 01:50:10,064 log Not Found: /api/notificacoes/nao_lidas/
WARNING 2025-12-31 01:50:10,065 basehttp "GET /api/notificacoes/nao_lidas/ HTTP/1.1" 404 15623
WARNING 2025-12-31 01:50:40,066 log Not Found: /api/notificacoes/nao_lidas/
WARNING 2025-12-31 01:50:40,067 basehttp "GET /api/notificacoes/nao_lidas/ HTTP/1.1" 404 15623
WARNING 2025-12-31 01:51:55,071 log Not Found: /api/notificacoes/nao_lidas/
WARNING 2025-12-31 01:51:55,072 basehttp "GET /api/notificacoes/nao_lidas/ HTTP/1.1" 404 15623
WARNING 2025-12-31 01:52:55,088 log Not Found: /api/notificacoes/nao_lidas/
WARNING 2025-12-31 01:52:55,089 basehttp "GET /api/notificacoes/nao_lidas/ HTTP/1.1" 404 15623
WARNING 2025-12-31 01:53:09,240 log Not Found: /api/notificacoes/nao_lidas/
WARNING 2025-12-31 01:53:09,241 basehttp "GET /api/notificacoes/nao_lidas/ HTTP/1.1" 404 15623
WARNING 2025-12-31 01:53:40,064 log Not Found: /api/notificacoes/nao_lidas/
WARNING 2025-12-31 01:53:40,065 basehttp "GET /api/notificacoes/nao_lidas/ HTTP/1.1" 404 15623
WARNING 2025-12-31 01:54:10,058 log Not Found: /api/notificacoes/nao_lidas/
WARNING 2025-12-31 01:54:10,059 basehttp "GET /api/notificacoes/nao_lidas/ HTTP/1.1" 404 15623
WARNING 2025-12-31 01:54:55,085 log Not Found: /api/notificacoes/nao_lidas/
WARNING 2025-12-31 01:54:55,085 basehttp "GET /api/notificacoes/nao_lidas/ HTTP/1.1" 404 15623
WARNING 2025-12-31 01:55:55,078 log Not Found: /api/notificacoes/nao_lidas/
WARNING 2025-12-31 01:55:55,078 basehttp "GET /api/notificacoes/nao_lidas/ HTTP/1.1" 404 15623
WARNING 2025-12-31 01:56:55,075 log Not Found: /api/notificacoes/nao_lidas/
WARNING 2025-12-31 01:56:55,076 basehttp "GET /api/notificacoes/nao_lidas/ HTTP/1.1" 404 15623
WARNING 2025-12-31 01:57:50,170 log Not Found: /api/notificacoes/nao_lidas/
WARNING 2025-12-31 01:57:50,172 basehttp "GET /api/notificacoes/nao_lidas/ HTTP/1.1" 404 15623
WARNING 2025-12-31 01:58:10,070 log Not Found: /api/notificacoes/nao_lidas/
WARNING 2025-12-31 01:58:10,070 basehttp "GET /api/notificacoes/nao_lidas/ HTTP/1.1" 404 15623
WARNING 2025-12-31 01:58:40,068 log Not Found: /api/notificacoes/nao_lidas/
WARNING 2025-12-31 01:58:40,070 basehttp "GET /api/notificacoes/nao_lidas/ HTTP/1.1" 404 15623
WARNING 2025-12-31 01:59:10,073 log Not Found: /api/notificacoes/nao_lidas/
WARNING 2025-12-31 01:59:10,074 basehttp "GET /api/notificacoes/nao_lidas/ HTTP/1.1" 404 15623
WARNING 2025-12-31 01:59:55,074 log Not Found: /api/notificacoes/nao_lidas/
WARNING 2025-12-31 01:59:55,075 basehttp "GET /api/notificacoes/nao_lidas/ HTTP/1.1" 404 15623
WARNING 2025-12-31 02:00:42,417 log Not Found: /api/notificacoes/nao_lidas/
WARNING 2025-12-31 02:00:42,418 basehttp "GET /api/notificacoes/nao_lidas/ HTTP/1.1" 404 15623
WARNING 2025-12-31 02:00:45,657 log Not Found: /api/notificacoes/nao_lidas/
WARNING 2025-12-31 02:00:45,659 basehttp "GET /api/notificacoes/nao_lidas/ HTTP/1.1" 404 15623
WARNING 2025-12-31 02:00:45,677 log Not Found: /api/notificacoes/nao_lidas/
WARNING 2025-12-31 02:00:45,678 basehttp "GET /api/notificacoes/nao_lidas/ HTTP/1.1" 404 15623
INFO 2025-12-31 02:01:01,854 basehttp "GET /api/animais/ HTTP/1.1" 200 1915
INFO 2025-12-31 02:01:01,856 basehttp "GET /api/veterinarios/ HTTP/1.1" 200 434
INFO 2025-12-31 02:01:01,878 basehttp "GET /api/tutores/ HTTP/1.1" 200 1031
INFO 2025-12-31 02:01:01,919 basehttp "GET /api/veterinarios/ HTTP/1.1" 200 434
INFO 2025-12-31 02:01:01,925 basehttp "GET /api/planos/ HTTP/1.1" 200 3300
INFO 2025-12-31 02:01:01,952 basehttp "GET /api/animais/ HTTP/1.1" 200 1915
INFO 2025-12-31 02:01:01,984 basehttp "GET /api/tutores/ HTTP/1.1" 200 1031
INFO 2025-12-31 02:01:02,016 basehttp "GET /api/planos/ HTTP/1.1" 200 3300
WARNING 2025-12-31 02:01:16,061 log Not Found: /api/notificacoes/nao_lidas/
WARNING 2025-12-31 02:01:16,062 basehttp "GET /api/notificacoes/nao_lidas/ HTTP/1.1" 404 15623
WARNING 2025-12-31 02:01:46,059 log Not Found: /api/notificacoes/nao_lidas/
WARNING 2025-12-31 02:01:46,059 basehttp "GET /api/notificacoes/nao_lidas/ HTTP/1.1" 404 15623
WARNING 2025-12-31 02:02:16,060 log Not Found: /api/notificacoes/nao_lidas/
WARNING 2025-12-31 02:02:16,061 basehttp "GET /api/notificacoes/nao_lidas/ HTTP/1.1" 404 15623
WARNING 2025-12-31 02:02:46,066 log Not Found: /api/notificacoes/nao_lidas/
WARNING 2025-12-31 02:02:46,066 basehttp "GET /api/notificacoes/nao_lidas/ HTTP/1.1" 404 15623
WARNING 2025-12-31 02:03:16,076 log Not Found: /api/notificacoes/nao_lidas/
WARNING 2025-12-31 02:03:16,077 basehttp "GET /api/notificacoes/nao_lidas/ HTTP/1.1" 404 15623
WARNING 2025-12-31 02:03:46,079 log Not Found: /api/notificacoes/nao_lidas/
WARNING 2025-12-31 02:03:46,080 basehttp "GET /api/notificacoes/nao_lidas/ HTTP/1.1" 404 15623
WARNING 2025-12-31 02:04:55,066 log Not Found: /api/notificacoes/nao_lidas/
WARNING 2025-12-31 02:04:55,067 basehttp "GET /api/notificacoes/nao_lidas/ HTTP/1.1" 404 15623
WARNING 2025-12-31 02:05:55,089 log Not Found: /api/notificacoes/nao_lidas/
WARNING 2025-12-31 02:05:55,090 basehttp "GET /api/notificacoes/nao_lidas/ HTTP/1.1" 404 15623
WARNING 2025-12-31 02:06:55,075 log Not Found: /api/notificacoes/nao_lidas/
WARNING 2025-12-31 02:06:55,076 basehttp "GET /api/notificacoes/nao_lidas/ HTTP/1.1" 404 15623
WARNING 2025-12-31 02:07:55,116 log Not Found: /api/notificacoes/nao_lidas/
WARNING 2025-12-31 02:07:55,117 basehttp "GET /api/notificacoes/nao_lidas/ HTTP/1.1" 404 15623
WARNING 2025-12-31 02:08:37,734 log Not Found: /api/notificacoes/nao_lidas/
WARNING 2025-12-31 02:08:37,735 basehttp "GET /api/notificacoes/nao_lidas/ HTTP/1.1" 404 15623
WARNING 2025-12-31 02:08:46,075 log Not Found: /api/notificacoes/nao_lidas/
WARNING 2025-12-31 02:08:46,076 basehttp "GET /api/notificacoes/nao_lidas/ HTTP/1.1" 404 15623
WARNING 2025-12-31 02:09:16,065 log Not Found: /api/notificacoes/nao_lidas/
WARNING 2025-12-31 02:09:16,066 basehttp "GET /api/notificacoes/nao_lidas/ HTTP/1.1" 404 15623
WARNING 2025-12-31 02:09:55,075 log Not Found: /api/notificacoes/nao_lidas/
WARNING 2025-12-31 02:09:55,076 basehttp "GET /api/notificacoes/nao_lidas/ HTTP/1.1" 404 15623
WARNING 2025-12-31 02:10:55,073 log Not Found: /api/notificacoes/nao_lidas/
WARNING 2025-12-31 02:10:55,073 basehttp "GET /api/notificacoes/nao_lidas/ HTTP/1.1" 404 15623
WARNING 2025-12-31 02:11:55,080 log Not Found: /api/notificacoes/nao_lidas/
WARNING 2025-12-31 02:11:55,081 basehttp "GET /api/notificacoes/nao_lidas/ HTTP/1.1" 404 15623
WARNING 2025-12-31 02:12:55,082 log Not Found: /api/notificacoes/nao_lidas/
WARNING 2025-12-31 02:12:55,083 basehttp "GET /api/notificacoes/nao_lidas/ HTTP/1.1" 404 15623
WARNING 2025-12-31 02:13:55,076 log Not Found: /api/notificacoes/nao_lidas/
WARNING 2025-12-31 02:13:55,077 basehttp "GET /api/notificacoes/nao_lidas/ HTTP/1.1" 404 15623
WARNING 2025-12-31 02:14:55,079 log Not Found: /api/notificacoes/nao_lidas/
WARNING 2025-12-31 02:14:55,080 basehttp "GET /api/notificacoes/nao_lidas/ HTTP/1.1" 404 15623
WARNING 2025-12-31 02:15:55,073 log Not Found: /api/notificacoes/nao_lidas/
WARNING 2025-12-31 02:15:55,074 basehttp "GET /api/notificacoes/nao_lidas/ HTTP/1.1" 404 15623
WARNING 2025-12-31 02:16:42,180 log Not Found: /api/notificacoes/nao_lidas/
WARNING 2025-12-31 02:16:42,181 basehttp "GET /api/notificacoes/nao_lidas/ HTTP/1.1" 404 15623
WARNING 2025-12-31 02:17:13,076 log Not Found: /api/notificacoes/nao_lidas/
WARNING 2025-12-31 02:17:13,076 basehttp "GET /api/notificacoes/nao_lidas/ HTTP/1.1" 404 15623
WARNING 2025-12-31 02:17:43,062 log Not Found: /api/notificacoes/nao_lidas/
WARNING 2025-12-31 02:17:43,062 basehttp "GET /api/notificacoes/nao_lidas/ HTTP/1.1" 404 15623
WARNING 2025-12-31 02:18:13,075 log Not Found: /api/notificacoes/nao_lidas/
WARNING 2025-12-31 02:18:13,076 basehttp "GET /api/notificacoes/nao_lidas/ HTTP/1.1" 404 15623
WARNING 2025-12-31 02:18:43,063 log Not Found: /api/notificacoes/nao_lidas/
WARNING 2025-12-31 02:18:43,063 basehttp "GET /api/notificacoes/nao_lidas/ HTTP/1.1" 404 15623
WARNING 2025-12-31 02:19:13,071 log Not Found: /api/notificacoes/nao_lidas/
WARNING 2025-12-31 02:19:13,071 basehttp "GET /api/notificacoes/nao_lidas/ HTTP/1.1" 404 15623
WARNING 2025-12-31 02:19:55,085 log Not Found: /api/notificacoes/nao_lidas/
WARNING 2025-12-31 02:19:55,086 basehttp "GET /api/notificacoes/nao_lidas/ HTTP/1.1" 404 15623
WARNING 2025-12-31 02:20:55,108 log Not Found: /api/notificacoes/nao_lidas/
WARNING 2025-12-31 02:20:55,109 basehttp "GET /api/notificacoes/nao_lidas/ HTTP/1.1" 404 15623
WARNING 2025-12-31 02:21:42,289 log Not Found: /api/notificacoes/nao_lidas/
WARNING 2025-12-31 02:21:42,295 basehttp "GET /api/notificacoes/nao_lidas/ HTTP/1.1" 404 15623
WARNING 2025-12-31 02:21:42,358 log Not Found: /api/notificacoes/nao_lidas/
WARNING 2025-12-31 02:21:42,359 basehttp "GET /api/notificacoes/nao_lidas/ HTTP/1.1" 404 15623
INFO 2025-12-31 02:21:42,437 basehttp "GET /api/veterinarios/ HTTP/1.1" 200 434
INFO 2025-12-31 02:21:42,451 basehttp "GET /api/animais/ HTTP/1.1" 200 1915
INFO 2025-12-31 02:21:42,508 basehttp "GET /api/tutores/ HTTP/1.1" 200 1031
INFO 2025-12-31 02:21:42,521 basehttp "GET /api/veterinarios/ HTTP/1.1" 200 434
INFO 2025-12-31 02:21:42,523 basehttp "GET /api/planos/ HTTP/1.1" 200 3300
INFO 2025-12-31 02:21:42,574 basehttp "GET /api/animais/ HTTP/1.1" 200 1915
INFO 2025-12-31 02:21:42,609 basehttp "GET /api/tutores/ HTTP/1.1" 200 1031
INFO 2025-12-31 02:21:42,671 basehttp "GET /api/planos/ HTTP/1.1" 200 3300
WARNING 2025-12-31 02:22:13,075 log Not Found: /api/notificacoes/nao_lidas/
WARNING 2025-12-31 02:22:13,076 basehttp "GET /api/notificacoes/nao_lidas/ HTTP/1.1" 404 15623
WARNING 2025-12-31 02:22:40,127 log Not Found: /api/notificacoes/nao_lidas/
WARNING 2025-12-31 02:22:40,155 basehttp "GET /api/notificacoes/nao_lidas/ HTTP/1.1" 404 15623
INFO 2025-12-31 02:22:40,156 basehttp "GET /api/animais/ HTTP/1.1" 200 1915
INFO 2025-12-31 02:22:40,233 basehttp "GET /api/veterinarios/ HTTP/1.1" 200 434
INFO 2025-12-31 02:22:40,280 basehttp "GET /api/tutores/ HTTP/1.1" 200 1031
WARNING 2025-12-31 02:22:40,290 log Not Found: /api/notificacoes/nao_lidas/
WARNING 2025-12-31 02:22:40,300 basehttp "GET /api/notificacoes/nao_lidas/ HTTP/1.1" 404 15623
INFO 2025-12-31 02:22:40,304 basehttp "GET /api/planos/ HTTP/1.1" 200 3300
INFO 2025-12-31 02:22:40,331 basehttp "GET /api/animais/ HTTP/1.1" 200 1915
INFO 2025-12-31 02:22:40,359 basehttp "GET /api/veterinarios/ HTTP/1.1" 200 434
INFO 2025-12-31 02:22:40,411 basehttp "GET /api/tutores/ HTTP/1.1" 200 1031
INFO 2025-12-31 02:22:40,463 basehttp "GET /api/planos/ HTTP/1.1" 200 3300
WARNING 2025-12-31 02:23:10,065 log Not Found: /api/notificacoes/nao_lidas/
WARNING 2025-12-31 02:23:10,065 basehttp "GET /api/notificacoes/nao_lidas/ HTTP/1.1" 404 15623
WARNING 2025-12-31 02:23:40,066 log Not Found: /api/notificacoes/nao_lidas/
WARNING 2025-12-31 02:23:40,067 basehttp "GET /api/notificacoes/nao_lidas/ HTTP/1.1" 404 15623
WARNING 2025-12-31 02:24:10,073 log Not Found: /api/notificacoes/nao_lidas/
WARNING 2025-12-31 02:24:10,074 basehttp "GET /api/notificacoes/nao_lidas/ HTTP/1.1" 404 15623
WARNING 2025-12-31 02:24:40,071 log Not Found: /api/notificacoes/nao_lidas/
WARNING 2025-12-31 02:24:40,071 basehttp "GET /api/notificacoes/nao_lidas/ HTTP/1.1" 404 15623
WARNING 2025-12-31 02:25:10,076 log Not Found: /api/notificacoes/nao_lidas/
WARNING 2025-12-31 02:25:10,077 basehttp "GET /api/notificacoes/nao_lidas/ HTTP/1.1" 404 15623
WARNING 2025-12-31 02:25:40,074 log Not Found: /api/notificacoes/nao_lidas/
WARNING 2025-12-31 02:25:40,075 basehttp "GET /api/notificacoes/nao_lidas/ HTTP/1.1" 404 15623
INFO 2025-12-31 02:26:55,051 basehttp "OPTIONS /api/notificacoes/nao_lidas/ HTTP/1.1" 200 0
WARNING 2025-12-31 02:26:55,074 log Not Found: /api/notificacoes/nao_lidas/
WARNING 2025-12-31 02:26:55,075 basehttp "GET /api/notificacoes/nao_lidas/ HTTP/1.1" 404 15623
WARNING 2025-12-31 02:27:55,075 log Not Found: /api/notificacoes/nao_lidas/
WARNING 2025-12-31 02:27:55,075 basehttp "GET /api/notificacoes/nao_lidas/ HTTP/1.1" 404 15623
WARNING 2025-12-31 02:28:55,093 log Not Found: /api/notificacoes/nao_lidas/
WARNING 2025-12-31 02:28:55,095 basehttp "GET /api/notificacoes/nao_lidas/ HTTP/1.1" 404 15623
WARNING 2025-12-31 02:29:55,078 log Not Found: /api/notificacoes/nao_lidas/
WARNING 2025-12-31 02:29:55,078 basehttp "GET /api/notificacoes/nao_lidas/ HTTP/1.1" 404 15623
WARNING 2025-12-31 02:30:55,071 log Not Found: /api/notificacoes/nao_lidas/
WARNING 2025-12-31 02:30:55,071 basehttp "GET /api/notificacoes/nao_lidas/ HTTP/1.1" 404 15623
WARNING 2025-12-31 02:31:55,076 log Not Found: /api/notificacoes/nao_lidas/
WARNING 2025-12-31 02:31:55,077 basehttp "GET /api/notificacoes/nao_lidas/ HTTP/1.1" 404 15623
WARNING 2025-12-31 02:32:55,081 log Not Found: /api/notificacoes/nao_lidas/
WARNING 2025-12-31 02:32:55,082 basehttp "GET /api/notificacoes/nao_lidas/ HTTP/1.1" 404 15623
WARNING 2025-12-31 02:33:55,077 log Not Found: /api/notificacoes/nao_lidas/
WARNING 2025-12-31 02:33:55,078 basehttp "GET /api/notificacoes/nao_lidas/ HTTP/1.1" 404 15623
WARNING 2025-12-31 02:34:55,067 log Not Found: /api/notificacoes/nao_lidas/
WARNING 2025-12-31 02:34:55,067 basehttp "GET /api/notificacoes/nao_lidas/ HTTP/1.1" 404 15623
WARNING 2025-12-31 02:35:55,070 log Not Found: /api/notificacoes/nao_lidas/
WARNING 2025-12-31 02:35:55,071 basehttp "GET /api/notificacoes/nao_lidas/ HTTP/1.1" 404 15623
WARNING 2025-12-31 02:36:55,092 log Not Found: /api/notificacoes/nao_lidas/
WARNING 2025-12-31 02:36:55,093 basehttp "GET /api/notificacoes/nao_lidas/ HTTP/1.1" 404 15623
WARNING 2025-12-31 02:37:55,090 log Not Found: /api/notificacoes/nao_lidas/
WARNING 2025-12-31 02:37:55,090 basehttp "GET /api/notificacoes/nao_lidas/ HTTP/1.1" 404 15623
WARNING 2025-12-31 02:38:55,073 log Not Found: /api/notificacoes/nao_lidas/
WARNING 2025-12-31 02:38:55,074 basehttp "GET /api/notificacoes/nao_lidas/ HTTP/1.1" 404 15623
WARNING 2025-12-31 02:39:55,072 log Not Found: /api/notificacoes/nao_lidas/
WARNING 2025-12-31 02:39:55,073 basehttp "GET /api/notificacoes/nao_lidas/ HTTP/1.1" 404 15623
WARNING 2025-12-31 02:40:55,114 log Not Found: /api/notificacoes/nao_lidas/
WARNING 2025-12-31 02:40:55,114 basehttp "GET /api/notificacoes/nao_lidas/ HTTP/1.1" 404 15623
INFO 2025-12-31 12:20:04,837 autoreload Watching for file changes with StatReloader
INFO 2025-12-31 12:20:20,935 basehttp "OPTIONS /api/notificacoes/nao_lidas/ HTTP/1.1" 200 0
INFO 2025-12-31 12:20:20,938 basehttp "OPTIONS /api/animais/ HTTP/1.1" 200 0
INFO 2025-12-31 12:20:20,940 basehttp "OPTIONS /api/tutores/ HTTP/1.1" 200 0
INFO 2025-12-31 12:20:20,943 basehttp "OPTIONS /api/veterinarios/ HTTP/1.1" 200 0
INFO 2025-12-31 12:20:20,954 basehttp "OPTIONS /api/planos/ HTTP/1.1" 200 0
INFO 2025-12-31 12:20:20,956 basehttp "OPTIONS /api/tutores/ HTTP/1.1" 200 0
INFO 2025-12-31 12:20:20,962 basehttp "OPTIONS /api/veterinarios/ HTTP/1.1" 200 0
INFO 2025-12-31 12:20:20,962 basehttp "OPTIONS /api/animais/ HTTP/1.1" 200 0
INFO 2025-12-31 12:20:20,962 basehttp "OPTIONS /api/planos/ HTTP/1.1" 200 0
INFO 2025-12-31 12:20:20,970 basehttp "OPTIONS /api/notificacoes/nao_lidas/ HTTP/1.1" 200 0
WARNING 2025-12-31 12:20:21,076 log Not Found: /api/notificacoes/nao_lidas/
WARNING 2025-12-31 12:20:21,083 basehttp "GET /api/notificacoes/nao_lidas/ HTTP/1.1" 404 15623
WARNING 2025-12-31 12:20:21,099 log Unauthorized: /api/animais/
WARNING 2025-12-31 12:20:21,102 log Unauthorized: /api/planos/
WARNING 2025-12-31 12:20:21,103 log Unauthorized: /api/veterinarios/
WARNING 2025-12-31 12:20:21,103 basehttp "GET /api/planos/ HTTP/1.1" 401 191
WARNING 2025-12-31 12:20:21,104 log Unauthorized: /api/tutores/
WARNING 2025-12-31 12:20:21,104 basehttp "GET /api/animais/ HTTP/1.1" 401 191
WARNING 2025-12-31 12:20:21,104 basehttp "GET /api/veterinarios/ HTTP/1.1" 401 191
WARNING 2025-12-31 12:20:21,105 basehttp "GET /api/tutores/ HTTP/1.1" 401 191
WARNING 2025-12-31 12:20:21,156 log Unauthorized: /api/tutores/
WARNING 2025-12-31 12:20:21,158 log Unauthorized: /api/planos/
WARNING 2025-12-31 12:20:21,160 log Unauthorized: /api/veterinarios/
WARNING 2025-12-31 12:20:21,161 log Unauthorized: /api/animais/
INFO 2025-12-31 12:20:21,162 basehttp "OPTIONS /api/token/refresh/ HTTP/1.1" 200 0
WARNING 2025-12-31 12:20:21,163 basehttp "GET /api/tutores/ HTTP/1.1" 401 191
WARNING 2025-12-31 12:20:21,170 log Not Found: /api/notificacoes/nao_lidas/
WARNING 2025-12-31 12:20:21,171 basehttp "GET /api/veterinarios/ HTTP/1.1" 401 191
WARNING 2025-12-31 12:20:21,171 basehttp "GET /api/planos/ HTTP/1.1" 401 191
WARNING 2025-12-31 12:20:21,172 basehttp "GET /api/animais/ HTTP/1.1" 401 191
WARNING 2025-12-31 12:20:21,175 basehttp "GET /api/notificacoes/nao_lidas/ HTTP/1.1" 404 15623
INFO 2025-12-31 12:20:21,179 basehttp "OPTIONS /api/token/refresh/ HTTP/1.1" 200 0
INFO 2025-12-31 12:20:21,209 basehttp "OPTIONS /api/token/refresh/ HTTP/1.1" 200 0
INFO 2025-12-31 12:20:21,214 basehttp "OPTIONS /api/token/refresh/ HTTP/1.1" 200 0
WARNING 2025-12-31 12:20:21,267 log Not Found: /api/token/refresh/
WARNING 2025-12-31 12:20:21,272 basehttp "POST /api/token/refresh/ HTTP/1.1" 404 15597
WARNING 2025-12-31 12:20:21,277 log Not Found: /api/token/refresh/
WARNING 2025-12-31 12:20:21,290 log Not Found: /api/token/refresh/
WARNING 2025-12-31 12:20:21,296 log Not Found: /api/token/refresh/
WARNING 2025-12-31 12:20:21,297 basehttp "POST /api/token/refresh/ HTTP/1.1" 404 15597
WARNING 2025-12-31 12:20:21,299 basehttp "POST /api/token/refresh/ HTTP/1.1" 404 15597
WARNING 2025-12-31 12:20:21,299 basehttp "POST /api/token/refresh/ HTTP/1.1" 404 15597
WARNING 2025-12-31 12:20:21,305 log Not Found: /api/token/refresh/
WARNING 2025-12-31 12:20:21,312 log Not Found: /api/token/refresh/
WARNING 2025-12-31 12:20:21,312 basehttp "POST /api/token/refresh/ HTTP/1.1" 404 15597
WARNING 2025-12-31 12:20:21,313 basehttp "POST /api/token/refresh/ HTTP/1.1" 404 15597
WARNING 2025-12-31 12:20:21,369 log Not Found: /api/token/refresh/
WARNING 2025-12-31 12:20:21,372 basehttp "POST /api/token/refresh/ HTTP/1.1" 404 15597
WARNING 2025-12-31 12:20:21,391 log Not Found: /api/token/refresh/
WARNING 2025-12-31 12:20:21,391 basehttp "POST /api/token/refresh/ HTTP/1.1" 404 15597
INFO 2025-12-31 12:20:28,559 basehttp "OPTIONS /api/auth/login/ HTTP/1.1" 200 0
INFO 2025-12-31 12:20:29,204 basehttp "POST /api/auth/login/ HTTP/1.1" 200 763
WARNING 2025-12-31 12:20:29,474 log Not Found: /api/notificacoes/nao_lidas/
WARNING 2025-12-31 12:20:29,490 basehttp "GET /api/notificacoes/nao_lidas/ HTTP/1.1" 404 15623
INFO 2025-12-31 12:20:29,577 basehttp "GET /api/animais/ HTTP/1.1" 200 1915
INFO 2025-12-31 12:20:29,579 basehttp "GET /api/veterinarios/ HTTP/1.1" 200 434
WARNING 2025-12-31 12:20:29,608 log Not Found: /api/notificacoes/nao_lidas/
WARNING 2025-12-31 12:20:29,612 basehttp "GET /api/notificacoes/nao_lidas/ HTTP/1.1" 404 15623
INFO 2025-12-31 12:20:29,627 basehttp "GET /api/planos/ HTTP/1.1" 200 3300
INFO 2025-12-31 12:20:29,661 basehttp "GET /api/veterinarios/ HTTP/1.1" 200 434
INFO 2025-12-31 12:20:29,662 basehttp "GET /api/tutores/ HTTP/1.1" 200 1031
INFO 2025-12-31 12:20:29,691 basehttp "GET /api/animais/ HTTP/1.1" 200 1915
INFO 2025-12-31 12:20:29,737 basehttp "GET /api/planos/ HTTP/1.1" 200 3300
INFO 2025-12-31 12:20:29,739 basehttp "GET /api/tutores/ HTTP/1.1" 200 1031
WARNING 2025-12-31 12:20:59,419 log Not Found: /api/notificacoes/nao_lidas/
WARNING 2025-12-31 12:20:59,420 basehttp "GET /api/notificacoes/nao_lidas/ HTTP/1.1" 404 15623
INFO 2025-12-31 12:21:07,791 basehttp "GET /api/animais/ HTTP/1.1" 200 1915
INFO 2025-12-31 12:21:07,792 basehttp "GET /api/veterinarios/ HTTP/1.1" 200 434
INFO 2025-12-31 12:21:07,818 basehttp "GET /api/tutores/ HTTP/1.1" 200 1031
INFO 2025-12-31 12:21:07,851 basehttp "GET /api/veterinarios/ HTTP/1.1" 200 434
INFO 2025-12-31 12:21:07,860 basehttp "GET /api/animais/ HTTP/1.1" 200 1915
INFO 2025-12-31 12:21:07,860 basehttp "GET /api/planos/ HTTP/1.1" 200 3300
INFO 2025-12-31 12:21:07,903 basehttp "GET /api/tutores/ HTTP/1.1" 200 1031
INFO 2025-12-31 12:21:07,951 basehttp "GET /api/planos/ HTTP/1.1" 200 3300
WARNING 2025-12-31 12:21:29,965 log Not Found: /api/notificacoes/nao_lidas/
WARNING 2025-12-31 12:21:29,965 basehttp "GET /api/notificacoes/nao_lidas/ HTTP/1.1" 404 15623
WARNING 2025-12-31 12:21:59,957 log Not Found: /api/notificacoes/nao_lidas/
WARNING 2025-12-31 12:21:59,957 basehttp "GET /api/notificacoes/nao_lidas/ HTTP/1.1" 404 15623
WARNING 2025-12-31 12:22:29,426 log Not Found: /api/notificacoes/nao_lidas/
WARNING 2025-12-31 12:22:29,427 basehttp "GET /api/notificacoes/nao_lidas/ HTTP/1.1" 404 15623
WARNING 2025-12-31 12:22:59,962 log Not Found: /api/notificacoes/nao_lidas/
WARNING 2025-12-31 12:22:59,962 basehttp "GET /api/notificacoes/nao_lidas/ HTTP/1.1" 404 15623
WARNING 2025-12-31 12:23:29,972 log Not Found: /api/notificacoes/nao_lidas/
WARNING 2025-12-31 12:23:29,973 basehttp "GET /api/notificacoes/nao_lidas/ HTTP/1.1" 404 15623
WARNING 2025-12-31 12:24:06,745 log Not Found: /api/notificacoes/nao_lidas/
WARNING 2025-12-31 12:24:06,761 basehttp "GET /api/notificacoes/nao_lidas/ HTTP/1.1" 404 15623
INFO 2025-12-31 12:24:06,771 basehttp "GET /api/animais/ HTTP/1.1" 200 1915
INFO 2025-12-31 12:24:06,792 basehttp "GET /api/veterinarios/ HTTP/1.1" 200 434
INFO 2025-12-31 12:24:06,883 basehttp "GET /api/planos/ HTTP/1.1" 200 3300
INFO 2025-12-31 12:24:06,901 basehttp "GET /api/veterinarios/ HTTP/1.1" 200 434
WARNING 2025-12-31 12:24:06,945 log Not Found: /api/notificacoes/nao_lidas/
WARNING 2025-12-31 12:24:06,947 basehttp "GET /api/notificacoes/nao_lidas/ HTTP/1.1" 404 15623
INFO 2025-12-31 12:24:06,946 basehttp "GET /api/tutores/ HTTP/1.1" 200 1031
INFO 2025-12-31 12:24:06,979 basehttp "GET /api/animais/ HTTP/1.1" 200 1915
INFO 2025-12-31 12:24:07,050 basehttp "GET /api/planos/ HTTP/1.1" 200 3300
INFO 2025-12-31 12:24:07,088 basehttp "GET /api/tutores/ HTTP/1.1" 200 1031
WARNING 2025-12-31 12:24:36,967 log Not Found: /api/notificacoes/nao_lidas/
WARNING 2025-12-31 12:24:36,968 basehttp "GET /api/notificacoes/nao_lidas/ HTTP/1.1" 404 15623
WARNING 2025-12-31 12:25:06,959 log Not Found: /api/notificacoes/nao_lidas/
WARNING 2025-12-31 12:25:06,960 basehttp "GET /api/notificacoes/nao_lidas/ HTTP/1.1" 404 15623
WARNING 2025-12-31 12:25:41,584 log Not Found: /api/notificacoes/nao_lidas/
WARNING 2025-12-31 12:25:41,591 basehttp "GET /api/notificacoes/nao_lidas/ HTTP/1.1" 404 15623
WARNING 2025-12-31 12:25:41,687 log Not Found: /api/notificacoes/nao_lidas/
INFO 2025-12-31 12:25:41,688 basehttp "GET /api/veterinarios/ HTTP/1.1" 200 434
INFO 2025-12-31 12:25:41,704 basehttp "GET /api/animais/ HTTP/1.1" 200 1915
WARNING 2025-12-31 12:25:41,711 basehttp "GET /api/notificacoes/nao_lidas/ HTTP/1.1" 404 15623
INFO 2025-12-31 12:25:41,712 basehttp "GET /api/tutores/ HTTP/1.1" 200 1031
INFO 2025-12-31 12:25:41,728 basehttp "GET /api/planos/ HTTP/1.1" 200 3300
INFO 2025-12-31 12:25:41,766 basehttp "GET /api/veterinarios/ HTTP/1.1" 200 434
INFO 2025-12-31 12:25:41,810 basehttp "GET /api/animais/ HTTP/1.1" 200 1915
INFO 2025-12-31 12:25:41,874 basehttp "GET /api/tutores/ HTTP/1.1" 200 1031
INFO 2025-12-31 12:25:41,887 basehttp "GET /api/planos/ HTTP/1.1" 200 3300
WARNING 2025-12-31 12:26:19,722 log Not Found: /api/notificacoes/nao_lidas/
WARNING 2025-12-31 12:26:19,725 basehttp "GET /api/notificacoes/nao_lidas/ HTTP/1.1" 404 15623
INFO 2025-12-31 12:26:19,807 basehttp "GET /api/animais/ HTTP/1.1" 200 1915
INFO 2025-12-31 12:26:19,824 basehttp "GET /api/tutores/ HTTP/1.1" 200 1031
INFO 2025-12-31 12:26:19,864 basehttp "GET /api/veterinarios/ HTTP/1.1" 200 434
WARNING 2025-12-31 12:26:19,937 log Not Found: /api/notificacoes/nao_lidas/
WARNING 2025-12-31 12:26:19,938 basehttp "GET /api/notificacoes/nao_lidas/ HTTP/1.1" 404 15623
INFO 2025-12-31 12:26:20,005 basehttp "GET /api/animais/ HTTP/1.1" 200 1915
INFO 2025-12-31 12:26:20,011 basehttp "GET /api/planos/ HTTP/1.1" 200 3300
INFO 2025-12-31 12:26:20,061 basehttp "GET /api/veterinarios/ HTTP/1.1" 200 434
INFO 2025-12-31 12:26:20,069 basehttp "GET /api/tutores/ HTTP/1.1" 200 1031
INFO 2025-12-31 12:26:20,117 basehttp "GET /api/planos/ HTTP/1.1" 200 3300
WARNING 2025-12-31 12:26:49,957 log Not Found: /api/notificacoes/nao_lidas/
WARNING 2025-12-31 12:26:49,958 basehttp "GET /api/notificacoes/nao_lidas/ HTTP/1.1" 404 15623
WARNING 2025-12-31 12:27:19,967 log Not Found: /api/notificacoes/nao_lidas/
WARNING 2025-12-31 12:27:19,969 basehttp "GET /api/notificacoes/nao_lidas/ HTTP/1.1" 404 15623
WARNING 2025-12-31 12:27:49,961 log Not Found: /api/notificacoes/nao_lidas/
WARNING 2025-12-31 12:27:49,962 basehttp "GET /api/notificacoes/nao_lidas/ HTTP/1.1" 404 15623
INFO 2025-12-31 12:28:15,732 basehttp "POST /api/auth/login/ HTTP/1.1" 200 763
WARNING 2025-12-31 12:28:15,978 log Not Found: /api/notificacoes/nao_lidas/
WARNING 2025-12-31 12:28:15,980 basehttp "GET /api/notificacoes/nao_lidas/ HTTP/1.1" 404 15623
INFO 2025-12-31 12:28:16,024 basehttp "GET /api/veterinarios/ HTTP/1.1" 200 434
WARNING 2025-12-31 12:28:16,057 log Not Found: /api/notificacoes/nao_lidas/
INFO 2025-12-31 12:28:16,062 basehttp "GET /api/animais/ HTTP/1.1" 200 1915
WARNING 2025-12-31 12:28:16,077 basehttp "GET /api/notificacoes/nao_lidas/ HTTP/1.1" 404 15623
INFO 2025-12-31 12:28:16,079 basehttp "GET /api/tutores/ HTTP/1.1" 200 1031
INFO 2025-12-31 12:28:16,083 basehttp "GET /api/veterinarios/ HTTP/1.1" 200 434
INFO 2025-12-31 12:28:16,089 basehttp "GET /api/planos/ HTTP/1.1" 200 3300
INFO 2025-12-31 12:28:16,165 basehttp "GET /api/animais/ HTTP/1.1" 200 1915
INFO 2025-12-31 12:28:16,192 basehttp "GET /api/tutores/ HTTP/1.1" 200 1031
INFO 2025-12-31 12:28:16,196 basehttp "GET /api/planos/ HTTP/1.1" 200 3300
WARNING 2025-12-31 12:28:45,957 log Not Found: /api/notificacoes/nao_lidas/
WARNING 2025-12-31 12:28:45,958 basehttp "GET /api/notificacoes/nao_lidas/ HTTP/1.1" 404 15623
WARNING 2025-12-31 12:29:10,053 log Not Found: /api/notificacoes/nao_lidas/
WARNING 2025-12-31 12:29:10,057 basehttp "GET /api/notificacoes/nao_lidas/ HTTP/1.1" 404 15623
WARNING 2025-12-31 12:29:10,149 log Not Found: /api/notificacoes/nao_lidas/
WARNING 2025-12-31 12:29:10,161 basehttp "GET /api/notificacoes/nao_lidas/ HTTP/1.1" 404 15623
INFO 2025-12-31 12:29:10,165 basehttp "GET /api/animais/ HTTP/1.1" 200 1915
INFO 2025-12-31 12:29:10,185 basehttp "GET /api/tutores/ HTTP/1.1" 200 1031
INFO 2025-12-31 12:29:10,190 basehttp "GET /api/veterinarios/ HTTP/1.1" 200 434
INFO 2025-12-31 12:29:10,244 basehttp "GET /api/planos/ HTTP/1.1" 200 3300
INFO 2025-12-31 12:29:10,271 basehttp "GET /api/animais/ HTTP/1.1" 200 1915
INFO 2025-12-31 12:29:10,281 basehttp "GET /api/veterinarios/ HTTP/1.1" 200 434
INFO 2025-12-31 12:29:10,298 basehttp "GET /api/tutores/ HTTP/1.1" 200 1031
INFO 2025-12-31 12:29:10,322 basehttp "GET /api/planos/ HTTP/1.1" 200 3300
INFO 2025-12-31 12:29:11,788 basehttp "OPTIONS /api/consultas/ HTTP/1.1" 200 0
INFO 2025-12-31 12:29:11,810 basehttp "OPTIONS /api/clinicas/ HTTP/1.1" 200 0
INFO 2025-12-31 12:29:11,820 basehttp "OPTIONS /api/consultas/ HTTP/1.1" 200 0
INFO 2025-12-31 12:29:11,820 basehttp "OPTIONS /api/clinicas/ HTTP/1.1" 200 0
INFO 2025-12-31 12:29:11,880 basehttp "GET /api/animais/ HTTP/1.1" 200 1915
INFO 2025-12-31 12:29:11,913 basehttp "GET /api/clinicas/ HTTP/1.1" 200 664
INFO 2025-12-31 12:29:11,916 basehttp "GET /api/veterinarios/ HTTP/1.1" 200 434
INFO 2025-12-31 12:29:11,925 basehttp "GET /api/consultas/ HTTP/1.1" 200 4704
INFO 2025-12-31 12:29:11,945 basehttp "GET /api/animais/ HTTP/1.1" 200 1915
INFO 2025-12-31 12:29:11,983 basehttp "GET /api/veterinarios/ HTTP/1.1" 200 434
INFO 2025-12-31 12:29:12,006 basehttp "GET /api/consultas/ HTTP/1.1" 200 4704
INFO 2025-12-31 12:29:12,010 basehttp "GET /api/clinicas/ HTTP/1.1" 200 664
INFO 2025-12-31 12:29:16,189 basehttp "GET /api/clinicas/ HTTP/1.1" 200 664
INFO 2025-12-31 12:29:16,232 basehttp "GET /api/clinicas/ HTTP/1.1" 200 664
INFO 2025-12-31 12:29:19,956 basehttp "GET /api/planos/ HTTP/1.1" 200 3300
INFO 2025-12-31 12:29:20,016 basehttp "GET /api/planos/ HTTP/1.1" 200 3300
INFO 2025-12-31 12:29:21,634 basehttp "GET /api/veterinarios/ HTTP/1.1" 200 434
INFO 2025-12-31 12:29:21,674 basehttp "GET /api/veterinarios/ HTTP/1.1" 200 434
INFO 2025-12-31 12:29:22,756 basehttp "GET /api/animais/ HTTP/1.1" 200 1915
INFO 2025-12-31 12:29:22,779 basehttp "GET /api/tutores/ HTTP/1.1" 200 1031
INFO 2025-12-31 12:29:22,807 basehttp "GET /api/animais/ HTTP/1.1" 200 1915
INFO 2025-12-31 12:29:22,837 basehttp "GET /api/tutores/ HTTP/1.1" 200 1031
INFO 2025-12-31 12:29:23,905 basehttp "GET /api/tutores/ HTTP/1.1" 200 1031
INFO 2025-12-31 12:29:23,948 basehttp "GET /api/tutores/ HTTP/1.1" 200 1031
INFO 2025-12-31 12:29:25,006 basehttp "GET /api/veterinarios/ HTTP/1.1" 200 434
INFO 2025-12-31 12:29:25,011 basehttp "GET /api/animais/ HTTP/1.1" 200 1915
INFO 2025-12-31 12:29:25,036 basehttp "GET /api/consultas/ HTTP/1.1" 200 4704
INFO 2025-12-31 12:29:25,049 basehttp "GET /api/clinicas/ HTTP/1.1" 200 664
INFO 2025-12-31 12:29:25,076 basehttp "GET /api/veterinarios/ HTTP/1.1" 200 434
INFO 2025-12-31 12:29:25,097 basehttp "GET /api/animais/ HTTP/1.1" 200 1915
INFO 2025-12-31 12:29:25,118 basehttp "GET /api/clinicas/ HTTP/1.1" 200 664
INFO 2025-12-31 12:29:25,125 basehttp "GET /api/consultas/ HTTP/1.1" 200 4704
INFO 2025-12-31 12:29:26,265 basehttp "GET /api/animais/ HTTP/1.1" 200 1915
INFO 2025-12-31 12:29:26,282 basehttp "GET /api/veterinarios/ HTTP/1.1" 200 434
INFO 2025-12-31 12:29:26,296 basehttp "GET /api/tutores/ HTTP/1.1" 200 1031
INFO 2025-12-31 12:29:26,324 basehttp "GET /api/planos/ HTTP/1.1" 200 3300
INFO 2025-12-31 12:29:26,325 basehttp "GET /api/animais/ HTTP/1.1" 200 1915
INFO 2025-12-31 12:29:26,350 basehttp "GET /api/veterinarios/ HTTP/1.1" 200 434
INFO 2025-12-31 12:29:26,374 basehttp "GET /api/tutores/ HTTP/1.1" 200 1031
INFO 2025-12-31 12:29:26,404 basehttp "GET /api/planos/ HTTP/1.1" 200 3300
WARNING 2025-12-31 12:29:40,951 log Not Found: /api/notificacoes/nao_lidas/
WARNING 2025-12-31 12:29:40,952 basehttp "GET /api/notificacoes/nao_lidas/ HTTP/1.1" 404 15623
WARNING 2025-12-31 12:30:10,962 log Not Found: /api/notificacoes/nao_lidas/
WARNING 2025-12-31 12:30:10,963 basehttp "GET /api/notificacoes/nao_lidas/ HTTP/1.1" 404 15623
WARNING 2025-12-31 12:30:40,958 log Not Found: /api/notificacoes/nao_lidas/
WARNING 2025-12-31 12:30:40,959 basehttp "GET /api/notificacoes/nao_lidas/ HTTP/1.1" 404 15623
WARNING 2025-12-31 12:31:10,959 log Not Found: /api/notificacoes/nao_lidas/
WARNING 2025-12-31 12:31:10,960 basehttp "GET /api/notificacoes/nao_lidas/ HTTP/1.1" 404 15623
WARNING 2025-12-31 12:31:40,979 log Not Found: /api/notificacoes/nao_lidas/
WARNING 2025-12-31 12:31:40,981 basehttp "GET /api/notificacoes/nao_lidas/ HTTP/1.1" 404 15623
WARNING 2025-12-31 12:32:10,963 log Not Found: /api/notificacoes/nao_lidas/
WARNING 2025-12-31 12:32:10,964 basehttp "GET /api/notificacoes/nao_lidas/ HTTP/1.1" 404 15623
WARNING 2025-12-31 12:32:42,290 log Not Found: /api/notificacoes/nao_lidas/
WARNING 2025-12-31 12:32:42,291 basehttp "GET /api/notificacoes/nao_lidas/ HTTP/1.1" 404 15623
WARNING 2025-12-31 12:32:45,943 log Not Found: /api/notificacoes/nao_lidas/
WARNING 2025-12-31 12:32:45,950 basehttp "GET /api/notificacoes/nao_lidas/ HTTP/1.1" 404 15623
INFO 2025-12-31 12:32:46,024 basehttp "GET /api/veterinarios/ HTTP/1.1" 200 434
INFO 2025-12-31 12:32:46,044 basehttp "GET /api/animais/ HTTP/1.1" 200 1915
INFO 2025-12-31 12:32:46,072 basehttp "GET /api/tutores/ HTTP/1.1" 200 1031
WARNING 2025-12-31 12:32:46,106 log Not Found: /api/notificacoes/nao_lidas/
WARNING 2025-12-31 12:32:46,107 basehttp "GET /api/notificacoes/nao_lidas/ HTTP/1.1" 404 15623
INFO 2025-12-31 12:32:46,144 basehttp "GET /api/veterinarios/ HTTP/1.1" 200 434
INFO 2025-12-31 12:32:46,145 basehttp "GET /api/animais/ HTTP/1.1" 200 1915
INFO 2025-12-31 12:32:46,147 basehttp "GET /api/planos/ HTTP/1.1" 200 3300
INFO 2025-12-31 12:32:46,199 basehttp "GET /api/tutores/ HTTP/1.1" 200 1031
INFO 2025-12-31 12:32:46,233 basehttp "GET /api/planos/ HTTP/1.1" 200 3300
INFO 2025-12-31 12:32:47,646 basehttp "GET /api/animais/ HTTP/1.1" 200 1915
INFO 2025-12-31 12:32:47,686 basehttp "GET /api/animais/ HTTP/1.1" 200 1915
INFO 2025-12-31 12:32:49,317 basehttp "OPTIONS /api/diagnosticos/ HTTP/1.1" 200 0
INFO 2025-12-31 12:32:49,318 basehttp "OPTIONS /api/diagnosticos/ HTTP/1.1" 200 0
INFO 2025-12-31 12:32:49,364 basehttp "GET /api/diagnosticos/ HTTP/1.1" 200 3615
INFO 2025-12-31 12:32:49,449 basehttp "GET /api/diagnosticos/ HTTP/1.1" 200 3615
INFO 2025-12-31 12:32:49,511 basehttp "GET /media/diagnosticos/2025/12/cachorro_qFClTgj.jpg HTTP/1.1" 304 0
INFO 2025-12-31 12:32:49,513 basehttp "GET /media/diagnosticos/2025/12/cao.jpg HTTP/1.1" 304 0
INFO 2025-12-31 12:32:50,315 basehttp "OPTIONS /api/diagnosticos/stats/ HTTP/1.1" 200 0
INFO 2025-12-31 12:32:50,315 basehttp "OPTIONS /api/diagnosticos/stats/ HTTP/1.1" 200 0
INFO 2025-12-31 12:32:50,356 basehttp "GET /api/diagnosticos/stats/ HTTP/1.1" 200 213
INFO 2025-12-31 12:32:50,430 basehttp "GET /api/diagnosticos/stats/ HTTP/1.1" 200 213
WARNING 2025-12-31 12:32:53,003 log Not Found: /api/notificacoes/nao_lidas/
WARNING 2025-12-31 12:32:53,007 basehttp "GET /api/notificacoes/nao_lidas/ HTTP/1.1" 404 15623
INFO 2025-12-31 12:32:53,066 basehttp "GET /api/veterinarios/ HTTP/1.1" 200 434
INFO 2025-12-31 12:32:53,068 basehttp "GET /api/animais/ HTTP/1.1" 200 1915
WARNING 2025-12-31 12:32:53,083 log Not Found: /api/notificacoes/nao_lidas/
WARNING 2025-12-31 12:32:53,088 basehttp "GET /api/notificacoes/nao_lidas/ HTTP/1.1" 404 15623
INFO 2025-12-31 12:32:53,096 basehttp "GET /api/planos/ HTTP/1.1" 200 3300
INFO 2025-12-31 12:32:53,112 basehttp "GET /api/tutores/ HTTP/1.1" 200 1031
INFO 2025-12-31 12:32:53,157 basehttp "GET /api/animais/ HTTP/1.1" 200 1915
INFO 2025-12-31 12:32:53,158 basehttp "GET /api/veterinarios/ HTTP/1.1" 200 434
INFO 2025-12-31 12:32:53,209 basehttp "GET /api/planos/ HTTP/1.1" 200 3300
INFO 2025-12-31 12:32:53,209 basehttp "GET /api/tutores/ HTTP/1.1" 200 1031
WARNING 2025-12-31 12:33:23,951 log Not Found: /api/notificacoes/nao_lidas/
WARNING 2025-12-31 12:33:23,952 basehttp "GET /api/notificacoes/nao_lidas/ HTTP/1.1" 404 15623
WARNING 2025-12-31 12:33:53,973 log Not Found: /api/notificacoes/nao_lidas/
WARNING 2025-12-31 12:33:53,975 basehttp "GET /api/notificacoes/nao_lidas/ HTTP/1.1" 404 15623
WARNING 2025-12-31 12:34:23,956 log Not Found: /api/notificacoes/nao_lidas/
WARNING 2025-12-31 12:34:23,957 basehttp "GET /api/notificacoes/nao_lidas/ HTTP/1.1" 404 15623
WARNING 2025-12-31 12:34:53,962 log Not Found: /api/notificacoes/nao_lidas/
WARNING 2025-12-31 12:34:53,962 basehttp "GET /api/notificacoes/nao_lidas/ HTTP/1.1" 404 15623
WARNING 2025-12-31 12:35:23,952 log Not Found: /api/notificacoes/nao_lidas/
WARNING 2025-12-31 12:35:23,953 basehttp "GET /api/notificacoes/nao_lidas/ HTTP/1.1" 404 15623
WARNING 2025-12-31 12:35:53,966 log Not Found: /api/notificacoes/nao_lidas/
WARNING 2025-12-31 12:35:53,967 basehttp "GET /api/notificacoes/nao_lidas/ HTTP/1.1" 404 15623
WARNING 2025-12-31 12:36:33,961 log Not Found: /api/notificacoes/nao_lidas/
WARNING 2025-12-31 12:36:33,962 basehttp "GET /api/notificacoes/nao_lidas/ HTTP/1.1" 404 15623
WARNING 2025-12-31 12:37:33,961 log Not Found: /api/notificacoes/nao_lidas/
WARNING 2025-12-31 12:37:33,962 basehttp "GET /api/notificacoes/nao_lidas/ HTTP/1.1" 404 15623
WARNING 2025-12-31 12:37:53,953 log Not Found: /api/notificacoes/nao_lidas/
WARNING 2025-12-31 12:37:53,954 basehttp "GET /api/notificacoes/nao_lidas/ HTTP/1.1" 404 15623
WARNING 2025-12-31 12:38:23,954 log Not Found: /api/notificacoes/nao_lidas/
WARNING 2025-12-31 12:38:23,955 basehttp "GET /api/notificacoes/nao_lidas/ HTTP/1.1" 404 15623
WARNING 2025-12-31 12:39:33,963 log Not Found: /api/notificacoes/nao_lidas/
WARNING 2025-12-31 12:39:33,964 basehttp "GET /api/notificacoes/nao_lidas/ HTTP/1.1" 404 15623
WARNING 2025-12-31 12:40:33,960 log Not Found: /api/notificacoes/nao_lidas/
WARNING 2025-12-31 12:40:33,961 basehttp "GET /api/notificacoes/nao_lidas/ HTTP/1.1" 404 15623
WARNING 2025-12-31 12:41:33,962 log Not Found: /api/notificacoes/nao_lidas/
WARNING 2025-12-31 12:41:33,962 basehttp "GET /api/notificacoes/nao_lidas/ HTTP/1.1" 404 15623
WARNING 2025-12-31 12:42:33,971 log Not Found: /api/notificacoes/nao_lidas/
WARNING 2025-12-31 12:42:33,972 basehttp "GET /api/notificacoes/nao_lidas/ HTTP/1.1" 404 15623
WARNING 2025-12-31 12:43:33,970 log Not Found: /api/notificacoes/nao_lidas/
WARNING 2025-12-31 12:43:33,971 basehttp "GET /api/notificacoes/nao_lidas/ HTTP/1.1" 404 15623
WARNING 2025-12-31 12:44:33,965 log Not Found: /api/notificacoes/nao_lidas/
WARNING 2025-12-31 12:44:33,966 basehttp "GET /api/notificacoes/nao_lidas/ HTTP/1.1" 404 15623
WARNING 2025-12-31 12:45:33,968 log Not Found: /api/notificacoes/nao_lidas/
WARNING 2025-12-31 12:45:33,969 basehttp "GET /api/notificacoes/nao_lidas/ HTTP/1.1" 404 15623
WARNING 2025-12-31 12:46:33,979 log Not Found: /api/notificacoes/nao_lidas/
WARNING 2025-12-31 12:46:33,980 basehttp "GET /api/notificacoes/nao_lidas/ HTTP/1.1" 404 15623
WARNING 2025-12-31 12:47:33,968 log Not Found: /api/notificacoes/nao_lidas/
WARNING 2025-12-31 12:47:33,969 basehttp "GET /api/notificacoes/nao_lidas/ HTTP/1.1" 404 15623
WARNING 2025-12-31 12:48:33,970 log Not Found: /api/notificacoes/nao_lidas/
WARNING 2025-12-31 12:48:33,970 basehttp "GET /api/notificacoes/nao_lidas/ HTTP/1.1" 404 15623
WARNING 2025-12-31 12:49:33,973 log Not Found: /api/notificacoes/nao_lidas/
WARNING 2025-12-31 12:49:33,973 basehttp "GET /api/notificacoes/nao_lidas/ HTTP/1.1" 404 15623
WARNING 2025-12-31 12:50:33,971 log Not Found: /api/notificacoes/nao_lidas/
WARNING 2025-12-31 12:50:33,972 basehttp "GET /api/notificacoes/nao_lidas/ HTTP/1.1" 404 15623
WARNING 2025-12-31 12:51:04,509 log Not Found: /api/notificacoes/nao_lidas/
WARNING 2025-12-31 12:51:04,510 basehttp "GET /api/notificacoes/nao_lidas/ HTTP/1.1" 404 15623
INFO 2025-12-31 12:51:22,066 basehttp "POST /api/auth/login/ HTTP/1.1" 200 833
WARNING 2025-12-31 12:51:22,328 log Not Found: /api/notificacoes/nao_lidas/
WARNING 2025-12-31 12:51:22,337 basehttp "GET /api/notificacoes/nao_lidas/ HTTP/1.1" 404 15623
INFO 2025-12-31 12:51:22,391 basehttp "GET /api/animais/ HTTP/1.1" 200 1915
INFO 2025-12-31 12:51:22,402 basehttp "GET /api/veterinarios/ HTTP/1.1" 200 434
INFO 2025-12-31 12:51:22,408 basehttp "GET /api/planos/ HTTP/1.1" 200 3300
WARNING 2025-12-31 12:51:22,425 log Not Found: /api/notificacoes/nao_lidas/
WARNING 2025-12-31 12:51:22,431 basehttp "GET /api/notificacoes/nao_lidas/ HTTP/1.1" 404 15623
INFO 2025-12-31 12:51:22,436 basehttp "GET /api/tutores/ HTTP/1.1" 200 1031
INFO 2025-12-31 12:51:22,480 basehttp "GET /api/animais/ HTTP/1.1" 200 1915
INFO 2025-12-31 12:51:22,484 basehttp "GET /api/veterinarios/ HTTP/1.1" 200 434
INFO 2025-12-31 12:51:22,541 basehttp "GET /api/planos/ HTTP/1.1" 200 3300
INFO 2025-12-31 12:51:22,543 basehttp "GET /api/tutores/ HTTP/1.1" 200 1031
WARNING 2025-12-31 12:52:07,658 log Not Found: /api/notificacoes/nao_lidas/
WARNING 2025-12-31 12:52:07,667 basehttp "GET /api/notificacoes/nao_lidas/ HTTP/1.1" 404 15623
WARNING 2025-12-31 12:52:07,739 log Not Found: /api/notificacoes/nao_lidas/
WARNING 2025-12-31 12:52:07,742 basehttp "GET /api/notificacoes/nao_lidas/ HTTP/1.1" 404 15623
INFO 2025-12-31 12:52:07,743 basehttp "GET /api/tutores/ HTTP/1.1" 200 1031
INFO 2025-12-31 12:52:07,762 basehttp "GET /api/veterinarios/ HTTP/1.1" 200 434
INFO 2025-12-31 12:52:07,768 basehttp "GET /api/animais/ HTTP/1.1" 200 1915
INFO 2025-12-31 12:52:07,791 basehttp "GET /api/planos/ HTTP/1.1" 200 3300
INFO 2025-12-31 12:52:07,825 basehttp "GET /api/tutores/ HTTP/1.1" 200 1031
INFO 2025-12-31 12:52:07,846 basehttp "GET /api/veterinarios/ HTTP/1.1" 200 434
INFO 2025-12-31 12:52:07,852 basehttp "GET /api/animais/ HTTP/1.1" 200 1915
INFO 2025-12-31 12:52:07,886 basehttp "GET /api/planos/ HTTP/1.1" 200 3300
INFO 2025-12-31 12:52:21,630 basehttp "POST /api/auth/login/ HTTP/1.1" 200 777
WARNING 2025-12-31 12:52:21,830 log Not Found: /api/notificacoes/nao_lidas/
WARNING 2025-12-31 12:52:21,832 basehttp "GET /api/notificacoes/nao_lidas/ HTTP/1.1" 404 15623
INFO 2025-12-31 12:52:21,877 basehttp "GET /api/veterinarios/ HTTP/1.1" 200 434
WARNING 2025-12-31 12:52:21,894 log Not Found: /api/notificacoes/nao_lidas/
WARNING 2025-12-31 12:52:21,899 basehttp "GET /api/notificacoes/nao_lidas/ HTTP/1.1" 404 15623
INFO 2025-12-31 12:52:21,899 basehttp "GET /api/animais/ HTTP/1.1" 200 1915
INFO 2025-12-31 12:52:21,927 basehttp "GET /api/tutores/ HTTP/1.1" 200 1031
INFO 2025-12-31 12:52:21,939 basehttp "GET /api/planos/ HTTP/1.1" 200 3300
INFO 2025-12-31 12:52:21,941 basehttp "GET /api/veterinarios/ HTTP/1.1" 200 434
INFO 2025-12-31 12:52:21,970 basehttp "GET /api/animais/ HTTP/1.1" 200 1915
INFO 2025-12-31 12:52:22,025 basehttp "GET /api/tutores/ HTTP/1.1" 200 1031
INFO 2025-12-31 12:52:22,033 basehttp "GET /api/planos/ HTTP/1.1" 200 3300
WARNING 2025-12-31 12:54:48,080 log Not Found: /api/notificacoes/nao_lidas/
WARNING 2025-12-31 12:54:48,081 basehttp "GET /api/notificacoes/nao_lidas/ HTTP/1.1" 404 15623
WARNING 2025-12-31 12:54:48,124 log Not Found: /api/notificacoes/nao_lidas/
WARNING 2025-12-31 12:54:48,136 basehttp "GET /api/notificacoes/nao_lidas/ HTTP/1.1" 404 15623
INFO 2025-12-31 12:54:48,136 basehttp "GET /api/animais/ HTTP/1.1" 200 1915
INFO 2025-12-31 12:54:48,146 basehttp "GET /api/tutores/ HTTP/1.1" 200 1031
INFO 2025-12-31 12:54:48,196 basehttp "GET /api/animais/ HTTP/1.1" 200 1915
INFO 2025-12-31 12:54:48,217 basehttp "GET /api/tutores/ HTTP/1.1" 200 1031
INFO 2025-12-31 12:55:14,595 basehttp "GET /api/veterinarios/ HTTP/1.1" 200 434
INFO 2025-12-31 12:55:14,609 basehttp "GET /api/tutores/ HTTP/1.1" 200 1031
INFO 2025-12-31 12:55:14,624 basehttp "GET /api/animais/ HTTP/1.1" 200 1915
INFO 2025-12-31 12:55:14,657 basehttp "GET /api/planos/ HTTP/1.1" 200 3300
INFO 2025-12-31 12:55:14,676 basehttp "GET /api/veterinarios/ HTTP/1.1" 200 434
INFO 2025-12-31 12:55:14,689 basehttp "GET /api/tutores/ HTTP/1.1" 200 1031
INFO 2025-12-31 12:55:14,702 basehttp "GET /api/animais/ HTTP/1.1" 200 1915
INFO 2025-12-31 12:55:14,738 basehttp "GET /api/planos/ HTTP/1.1" 200 3300
WARNING 2025-12-31 12:55:18,047 log Not Found: /api/notificacoes/nao_lidas/
WARNING 2025-12-31 12:55:18,048 basehttp "GET /api/notificacoes/nao_lidas/ HTTP/1.1" 404 15623
WARNING 2025-12-31 12:55:48,955 log Not Found: /api/notificacoes/nao_lidas/
WARNING 2025-12-31 12:55:48,955 basehttp "GET /api/notificacoes/nao_lidas/ HTTP/1.1" 404 15623
WARNING 2025-12-31 12:56:18,958 log Not Found: /api/notificacoes/nao_lidas/
WARNING 2025-12-31 12:56:18,959 basehttp "GET /api/notificacoes/nao_lidas/ HTTP/1.1" 404 15623
WARNING 2025-12-31 12:56:48,961 log Not Found: /api/notificacoes/nao_lidas/
WARNING 2025-12-31 12:56:48,961 basehttp "GET /api/notificacoes/nao_lidas/ HTTP/1.1" 404 15623
WARNING 2025-12-31 12:57:18,962 log Not Found: /api/notificacoes/nao_lidas/
WARNING 2025-12-31 12:57:18,963 basehttp "GET /api/notificacoes/nao_lidas/ HTTP/1.1" 404 15623
WARNING 2025-12-31 12:58:19,331 log Not Found: /api/notificacoes/nao_lidas/
WARNING 2025-12-31 12:58:19,333 basehttp "GET /api/notificacoes/nao_lidas/ HTTP/1.1" 404 15623
WARNING 2025-12-31 12:58:48,955 log Not Found: /api/notificacoes/nao_lidas/
WARNING 2025-12-31 12:58:48,956 basehttp "GET /api/notificacoes/nao_lidas/ HTTP/1.1" 404 15623
WARNING 2025-12-31 12:59:18,961 log Not Found: /api/notificacoes/nao_lidas/
WARNING 2025-12-31 12:59:18,962 basehttp "GET /api/notificacoes/nao_lidas/ HTTP/1.1" 404 15623
WARNING 2025-12-31 12:59:48,966 log Not Found: /api/notificacoes/nao_lidas/
WARNING 2025-12-31 12:59:48,966 basehttp "GET /api/notificacoes/nao_lidas/ HTTP/1.1" 404 15623
WARNING 2025-12-31 13:00:33,977 log Not Found: /api/notificacoes/nao_lidas/
WARNING 2025-12-31 13:00:33,977 basehttp "GET /api/notificacoes/nao_lidas/ HTTP/1.1" 404 15623
WARNING 2025-12-31 13:01:33,988 log Not Found: /api/notificacoes/nao_lidas/
WARNING 2025-12-31 13:01:33,988 basehttp "GET /api/notificacoes/nao_lidas/ HTTP/1.1" 404 15623
INFO 2025-12-31 13:02:02,018 autoreload /home/fabianosf/Desktop/Projetos/vetsystem/backend/api/views/animal_views.py changed, reloading.
INFO 2025-12-31 13:02:04,158 autoreload Watching for file changes with StatReloader
INFO 2025-12-31 13:02:37,224 autoreload /home/fabianosf/Desktop/Projetos/vetsystem/backend/api/views/consulta_views.py changed, reloading.
INFO 2025-12-31 13:02:38,851 autoreload Watching for file changes with StatReloader
INFO 2025-12-31 13:09:33,774 autoreload /home/fabianosf/Desktop/Projetos/vetsystem/backend/api/models/tutor.py changed, reloading.
INFO 2025-12-31 13:09:35,723 autoreload Watching for file changes with StatReloader
INFO 2025-12-31 13:10:13,595 autoreload /home/fabianosf/Desktop/Projetos/vetsystem/backend/api/models/tutor.py changed, reloading.
INFO 2025-12-31 13:10:15,681 autoreload Watching for file changes with StatReloader
INFO 2025-12-31 13:10:54,855 autoreload Watching for file changes with StatReloader
INFO 2025-12-31 13:16:04,596 autoreload /home/fabianosf/Desktop/Projetos/vetsystem/backend/api/models/tutor.py changed, reloading.
INFO 2025-12-31 13:16:06,308 autoreload Watching for file changes with StatReloader
INFO 2025-12-31 13:16:34,770 autoreload Watching for file changes with StatReloader
INFO 2025-12-31 13:19:01,370 autoreload /home/fabianosf/Desktop/Projetos/vetsystem/backend/api/views/animal_views.py changed, reloading.
INFO 2025-12-31 13:19:03,145 autoreload Watching for file changes with StatReloader
WARNING 2025-12-31 13:20:01,753 log Not Found: /api/token/
WARNING 2025-12-31 13:20:01,754 basehttp "POST /api/token/ HTTP/1.1" 404 16077
WARNING 2025-12-31 13:21:03,532 log Bad Request: /api-token-auth/
WARNING 2025-12-31 13:21:03,533 basehttp "POST /api-token-auth/ HTTP/1.1" 400 79
WARNING 2025-12-31 13:21:17,901 log Unauthorized: /api/auth/login/
WARNING 2025-12-31 13:21:17,902 basehttp "POST /api/auth/login/ HTTP/1.1" 401 45
WARNING 2025-12-31 13:22:08,855 log Bad Request: /api-token-auth/
WARNING 2025-12-31 13:22:08,855 basehttp "POST /api-token-auth/ HTTP/1.1" 400 79
WARNING 2025-12-31 13:22:14,679 log Unauthorized: /api/auth/login/
WARNING 2025-12-31 13:22:14,679 basehttp "POST /api/auth/login/ HTTP/1.1" 401 45
WARNING 2025-12-31 13:22:44,271 log Unauthorized: /api/auth/login/
WARNING 2025-12-31 13:22:44,271 basehttp "POST /api/auth/login/ HTTP/1.1" 401 45
INFO 2025-12-31 13:24:21,392 basehttp "POST /api/auth/login/ HTTP/1.1" 200 777
INFO 2025-12-31 13:24:45,052 basehttp "GET /api/animais/me/ HTTP/1.1" 200 376
INFO 2025-12-31 13:51:13,537 basehttp "OPTIONS /api/dashboard/consultas-timeline/?dias=30 HTTP/1.1" 200 0
INFO 2025-12-31 13:51:13,559 basehttp "OPTIONS /api/dashboard/veterinarios/ HTTP/1.1" 200 0
INFO 2025-12-31 13:51:13,560 basehttp "OPTIONS /api/dashboard/consultas-status/ HTTP/1.1" 200 0
INFO 2025-12-31 13:51:13,561 basehttp "OPTIONS /api/dashboard/racas/ HTTP/1.1" 200 0
INFO 2025-12-31 13:51:13,561 basehttp "OPTIONS /api/dashboard/stats/ HTTP/1.1" 200 0
INFO 2025-12-31 13:51:13,572 basehttp "OPTIONS /api/dashboard/stats/ HTTP/1.1" 200 0
INFO 2025-12-31 13:51:13,593 basehttp "OPTIONS /api/dashboard/consultas-timeline/?dias=30 HTTP/1.1" 200 0
INFO 2025-12-31 13:51:13,594 basehttp "OPTIONS /api/dashboard/consultas-status/ HTTP/1.1" 200 0
WARNING 2025-12-31 13:51:13,598 log Not Found: /api/notificacoes/nao_lidas/
INFO 2025-12-31 13:51:13,603 basehttp "OPTIONS /api/dashboard/racas/ HTTP/1.1" 200 0
INFO 2025-12-31 13:51:13,603 basehttp "OPTIONS /api/dashboard/veterinarios/ HTTP/1.1" 200 0
WARNING 2025-12-31 13:51:13,605 basehttp "GET /api/notificacoes/nao_lidas/ HTTP/1.1" 404 16127
WARNING 2025-12-31 13:51:13,681 log Not Found: /api/dashboard/veterinarios/
WARNING 2025-12-31 13:51:13,701 basehttp "GET /api/dashboard/veterinarios/ HTTP/1.1" 404 16127
WARNING 2025-12-31 13:51:13,725 log Not Found: /api/dashboard/racas/
INFO 2025-12-31 13:51:13,792 basehttp "GET /api/dashboard/consultas-status/ HTTP/1.1" 200 100
WARNING 2025-12-31 13:51:13,798 basehttp "GET /api/dashboard/racas/ HTTP/1.1" 404 16106
WARNING 2025-12-31 13:51:13,825 log Not Found: /api/notificacoes/nao_lidas/
WARNING 2025-12-31 13:51:13,826 basehttp "GET /api/notificacoes/nao_lidas/ HTTP/1.1" 404 16127
WARNING 2025-12-31 13:51:13,861 log Not Found: /api/dashboard/veterinarios/
WARNING 2025-12-31 13:51:13,865 basehttp "GET /api/dashboard/veterinarios/ HTTP/1.1" 404 16127
WARNING 2025-12-31 13:51:13,877 log Not Found: /api/dashboard/racas/
WARNING 2025-12-31 13:51:13,881 basehttp "GET /api/dashboard/racas/ HTTP/1.1" 404 16106
INFO 2025-12-31 13:51:13,886 basehttp "GET /api/dashboard/consultas-status/ HTTP/1.1" 200 100
ERROR 2025-12-31 13:51:14,128 log Internal Server Error: /api/dashboard/stats/
Traceback (most recent call last):
  File "/home/fabianosf/Desktop/Projetos/vetsystem/backend/venv/lib/python3.12/site-packages/django/core/handlers/exception.py", line 55, in inner
    response = get_response(request)
               ^^^^^^^^^^^^^^^^^^^^^
  File "/home/fabianosf/Desktop/Projetos/vetsystem/backend/venv/lib/python3.12/site-packages/django/core/handlers/base.py", line 197, in _get_response
    response = wrapped_callback(request, *callback_args, **callback_kwargs)
               ^^^^^^^^^^^^^^^^^^^^^^^^^^^^^^^^^^^^^^^^^^^^^^^^^^^^^^^^^^^^
  File "/home/fabianosf/Desktop/Projetos/vetsystem/backend/venv/lib/python3.12/site-packages/django/views/decorators/csrf.py", line 56, in wrapper_view
    return view_func(*args, **kwargs)
           ^^^^^^^^^^^^^^^^^^^^^^^^^^
  File "/home/fabianosf/Desktop/Projetos/vetsystem/backend/venv/lib/python3.12/site-packages/django/views/generic/base.py", line 104, in view
    return self.dispatch(request, *args, **kwargs)
           ^^^^^^^^^^^^^^^^^^^^^^^^^^^^^^^^^^^^^^^
  File "/home/fabianosf/Desktop/Projetos/vetsystem/backend/venv/lib/python3.12/site-packages/rest_framework/views.py", line 509, in dispatch
    response = self.handle_exception(exc)
               ^^^^^^^^^^^^^^^^^^^^^^^^^^
  File "/home/fabianosf/Desktop/Projetos/vetsystem/backend/venv/lib/python3.12/site-packages/rest_framework/views.py", line 469, in handle_exception
    self.raise_uncaught_exception(exc)
  File "/home/fabianosf/Desktop/Projetos/vetsystem/backend/venv/lib/python3.12/site-packages/rest_framework/views.py", line 480, in raise_uncaught_exception
    raise exc
  File "/home/fabianosf/Desktop/Projetos/vetsystem/backend/venv/lib/python3.12/site-packages/rest_framework/views.py", line 506, in dispatch
    response = handler(request, *args, **kwargs)
               ^^^^^^^^^^^^^^^^^^^^^^^^^^^^^^^^^
  File "/home/fabianosf/Desktop/Projetos/vetsystem/backend/venv/lib/python3.12/site-packages/rest_framework/decorators.py", line 50, in handler
    return func(*args, **kwargs)
           ^^^^^^^^^^^^^^^^^^^^^
  File "/home/fabianosf/Desktop/Projetos/vetsystem/backend/api/views/dashboard_views.py", line 29, in dashboard_stats
    consultas_mes = Consulta.objects.filter(data_consulta__gte=inicio_mes).count()
                    ^^^^^^^^^^^^^^^^^^^^^^^^^^^^^^^^^^^^^^^^^^^^^^^^^^^^^^
  File "/home/fabianosf/Desktop/Projetos/vetsystem/backend/venv/lib/python3.12/site-packages/django/db/models/manager.py", line 87, in manager_method
    return getattr(self.get_queryset(), name)(*args, **kwargs)
           ^^^^^^^^^^^^^^^^^^^^^^^^^^^^^^^^^^^^^^^^^^^^^^^^^^^
  File "/home/fabianosf/Desktop/Projetos/vetsystem/backend/venv/lib/python3.12/site-packages/django/db/models/query.py", line 1436, in filter
    return self._filter_or_exclude(False, args, kwargs)
           ^^^^^^^^^^^^^^^^^^^^^^^^^^^^^^^^^^^^^^^^^^^^
  File "/home/fabianosf/Desktop/Projetos/vetsystem/backend/venv/lib/python3.12/site-packages/django/db/models/query.py", line 1454, in _filter_or_exclude
    clone._filter_or_exclude_inplace(negate, args, kwargs)
  File "/home/fabianosf/Desktop/Projetos/vetsystem/backend/venv/lib/python3.12/site-packages/django/db/models/query.py", line 1461, in _filter_or_exclude_inplace
    self._query.add_q(Q(*args, **kwargs))
  File "/home/fabianosf/Desktop/Projetos/vetsystem/backend/venv/lib/python3.12/site-packages/django/db/models/sql/query.py", line 1545, in add_q
    clause, _ = self._add_q(q_object, self.used_aliases)
                ^^^^^^^^^^^^^^^^^^^^^^^^^^^^^^^^^^^^^^^^
  File "/home/fabianosf/Desktop/Projetos/vetsystem/backend/venv/lib/python3.12/site-packages/django/db/models/sql/query.py", line 1576, in _add_q
    child_clause, needed_inner = self.build_filter(
                                 ^^^^^^^^^^^^^^^^^^
  File "/home/fabianosf/Desktop/Projetos/vetsystem/backend/venv/lib/python3.12/site-packages/django/db/models/sql/query.py", line 1426, in build_filter
    lookups, parts, reffed_expression = self.solve_lookup_type(arg, summarize)
                                        ^^^^^^^^^^^^^^^^^^^^^^^^^^^^^^^^^^^^^^
  File "/home/fabianosf/Desktop/Projetos/vetsystem/backend/venv/lib/python3.12/site-packages/django/db/models/sql/query.py", line 1236, in solve_lookup_type
    _, field, _, lookup_parts = self.names_to_path(lookup_splitted, self.get_meta())
                                ^^^^^^^^^^^^^^^^^^^^^^^^^^^^^^^^^^^^^^^^^^^^^^^^^^^^
  File "/home/fabianosf/Desktop/Projetos/vetsystem/backend/venv/lib/python3.12/site-packages/django/db/models/sql/query.py", line 1724, in names_to_path
    raise FieldError(
django.core.exceptions.FieldError: Cannot resolve keyword 'data_consulta' into field. Choices are: animal, animal_id, clinica, clinica_id, created_at, data, diagnostico, horario, id, motivo, notificacaoexterna, observacoes, prescricao, status, tipo, updated_at, valor, veterinario, veterinario_id
ERROR 2025-12-31 13:51:14,141 log Internal Server Error: /api/dashboard/consultas-timeline/
Traceback (most recent call last):
  File "/home/fabianosf/Desktop/Projetos/vetsystem/backend/venv/lib/python3.12/site-packages/django/core/handlers/exception.py", line 55, in inner
    response = get_response(request)
               ^^^^^^^^^^^^^^^^^^^^^
  File "/home/fabianosf/Desktop/Projetos/vetsystem/backend/venv/lib/python3.12/site-packages/django/core/handlers/base.py", line 197, in _get_response
    response = wrapped_callback(request, *callback_args, **callback_kwargs)
               ^^^^^^^^^^^^^^^^^^^^^^^^^^^^^^^^^^^^^^^^^^^^^^^^^^^^^^^^^^^^
  File "/home/fabianosf/Desktop/Projetos/vetsystem/backend/venv/lib/python3.12/site-packages/django/views/decorators/csrf.py", line 56, in wrapper_view
    return view_func(*args, **kwargs)
           ^^^^^^^^^^^^^^^^^^^^^^^^^^
  File "/home/fabianosf/Desktop/Projetos/vetsystem/backend/venv/lib/python3.12/site-packages/django/views/generic/base.py", line 104, in view
    return self.dispatch(request, *args, **kwargs)
           ^^^^^^^^^^^^^^^^^^^^^^^^^^^^^^^^^^^^^^^
  File "/home/fabianosf/Desktop/Projetos/vetsystem/backend/venv/lib/python3.12/site-packages/rest_framework/views.py", line 509, in dispatch
    response = self.handle_exception(exc)
               ^^^^^^^^^^^^^^^^^^^^^^^^^^
  File "/home/fabianosf/Desktop/Projetos/vetsystem/backend/venv/lib/python3.12/site-packages/rest_framework/views.py", line 469, in handle_exception
    self.raise_uncaught_exception(exc)
  File "/home/fabianosf/Desktop/Projetos/vetsystem/backend/venv/lib/python3.12/site-packages/rest_framework/views.py", line 480, in raise_uncaught_exception
    raise exc
  File "/home/fabianosf/Desktop/Projetos/vetsystem/backend/venv/lib/python3.12/site-packages/rest_framework/views.py", line 506, in dispatch
    response = handler(request, *args, **kwargs)
               ^^^^^^^^^^^^^^^^^^^^^^^^^^^^^^^^^
  File "/home/fabianosf/Desktop/Projetos/vetsystem/backend/venv/lib/python3.12/site-packages/rest_framework/decorators.py", line 50, in handler
    return func(*args, **kwargs)
           ^^^^^^^^^^^^^^^^^^^^^
  File "/home/fabianosf/Desktop/Projetos/vetsystem/backend/api/views/dashboard_views.py", line 87, in consultas_timeline
    consultas = Consulta.objects.filter(
                ^^^^^^^^^^^^^^^^^^^^^^^^
  File "/home/fabianosf/Desktop/Projetos/vetsystem/backend/venv/lib/python3.12/site-packages/django/db/models/manager.py", line 87, in manager_method
    return getattr(self.get_queryset(), name)(*args, **kwargs)
           ^^^^^^^^^^^^^^^^^^^^^^^^^^^^^^^^^^^^^^^^^^^^^^^^^^^
  File "/home/fabianosf/Desktop/Projetos/vetsystem/backend/venv/lib/python3.12/site-packages/django/db/models/query.py", line 1436, in filter
    return self._filter_or_exclude(False, args, kwargs)
           ^^^^^^^^^^^^^^^^^^^^^^^^^^^^^^^^^^^^^^^^^^^^
  File "/home/fabianosf/Desktop/Projetos/vetsystem/backend/venv/lib/python3.12/site-packages/django/db/models/query.py", line 1454, in _filter_or_exclude
    clone._filter_or_exclude_inplace(negate, args, kwargs)
  File "/home/fabianosf/Desktop/Projetos/vetsystem/backend/venv/lib/python3.12/site-packages/django/db/models/query.py", line 1461, in _filter_or_exclude_inplace
    self._query.add_q(Q(*args, **kwargs))
  File "/home/fabianosf/Desktop/Projetos/vetsystem/backend/venv/lib/python3.12/site-packages/django/db/models/sql/query.py", line 1545, in add_q
    clause, _ = self._add_q(q_object, self.used_aliases)
                ^^^^^^^^^^^^^^^^^^^^^^^^^^^^^^^^^^^^^^^^
  File "/home/fabianosf/Desktop/Projetos/vetsystem/backend/venv/lib/python3.12/site-packages/django/db/models/sql/query.py", line 1576, in _add_q
    child_clause, needed_inner = self.build_filter(
                                 ^^^^^^^^^^^^^^^^^^
  File "/home/fabianosf/Desktop/Projetos/vetsystem/backend/venv/lib/python3.12/site-packages/django/db/models/sql/query.py", line 1426, in build_filter
    lookups, parts, reffed_expression = self.solve_lookup_type(arg, summarize)
                                        ^^^^^^^^^^^^^^^^^^^^^^^^^^^^^^^^^^^^^^
  File "/home/fabianosf/Desktop/Projetos/vetsystem/backend/venv/lib/python3.12/site-packages/django/db/models/sql/query.py", line 1236, in solve_lookup_type
    _, field, _, lookup_parts = self.names_to_path(lookup_splitted, self.get_meta())
                                ^^^^^^^^^^^^^^^^^^^^^^^^^^^^^^^^^^^^^^^^^^^^^^^^^^^^
  File "/home/fabianosf/Desktop/Projetos/vetsystem/backend/venv/lib/python3.12/site-packages/django/db/models/sql/query.py", line 1724, in names_to_path
    raise FieldError(
django.core.exceptions.FieldError: Cannot resolve keyword 'data_consulta' into field. Choices are: animal, animal_id, clinica, clinica_id, created_at, data, diagnostico, horario, id, motivo, notificacaoexterna, observacoes, prescricao, status, tipo, updated_at, valor, veterinario, veterinario_id
ERROR 2025-12-31 13:51:14,153 basehttp "GET /api/dashboard/stats/ HTTP/1.1" 500 159440
ERROR 2025-12-31 13:51:14,163 basehttp "GET /api/dashboard/consultas-timeline/?dias=30 HTTP/1.1" 500 159211
ERROR 2025-12-31 13:51:14,458 log Internal Server Error: /api/dashboard/stats/
Traceback (most recent call last):
  File "/home/fabianosf/Desktop/Projetos/vetsystem/backend/venv/lib/python3.12/site-packages/django/core/handlers/exception.py", line 55, in inner
    response = get_response(request)
               ^^^^^^^^^^^^^^^^^^^^^
  File "/home/fabianosf/Desktop/Projetos/vetsystem/backend/venv/lib/python3.12/site-packages/django/core/handlers/base.py", line 197, in _get_response
    response = wrapped_callback(request, *callback_args, **callback_kwargs)
               ^^^^^^^^^^^^^^^^^^^^^^^^^^^^^^^^^^^^^^^^^^^^^^^^^^^^^^^^^^^^
  File "/home/fabianosf/Desktop/Projetos/vetsystem/backend/venv/lib/python3.12/site-packages/django/views/decorators/csrf.py", line 56, in wrapper_view
    return view_func(*args, **kwargs)
           ^^^^^^^^^^^^^^^^^^^^^^^^^^
  File "/home/fabianosf/Desktop/Projetos/vetsystem/backend/venv/lib/python3.12/site-packages/django/views/generic/base.py", line 104, in view
    return self.dispatch(request, *args, **kwargs)
           ^^^^^^^^^^^^^^^^^^^^^^^^^^^^^^^^^^^^^^^
  File "/home/fabianosf/Desktop/Projetos/vetsystem/backend/venv/lib/python3.12/site-packages/rest_framework/views.py", line 509, in dispatch
    response = self.handle_exception(exc)
               ^^^^^^^^^^^^^^^^^^^^^^^^^^
  File "/home/fabianosf/Desktop/Projetos/vetsystem/backend/venv/lib/python3.12/site-packages/rest_framework/views.py", line 469, in handle_exception
    self.raise_uncaught_exception(exc)
  File "/home/fabianosf/Desktop/Projetos/vetsystem/backend/venv/lib/python3.12/site-packages/rest_framework/views.py", line 480, in raise_uncaught_exception
    raise exc
  File "/home/fabianosf/Desktop/Projetos/vetsystem/backend/venv/lib/python3.12/site-packages/rest_framework/views.py", line 506, in dispatch
    response = handler(request, *args, **kwargs)
               ^^^^^^^^^^^^^^^^^^^^^^^^^^^^^^^^^
  File "/home/fabianosf/Desktop/Projetos/vetsystem/backend/venv/lib/python3.12/site-packages/rest_framework/decorators.py", line 50, in handler
    return func(*args, **kwargs)
           ^^^^^^^^^^^^^^^^^^^^^
  File "/home/fabianosf/Desktop/Projetos/vetsystem/backend/api/views/dashboard_views.py", line 29, in dashboard_stats
    consultas_mes = Consulta.objects.filter(data_consulta__gte=inicio_mes).count()
                    ^^^^^^^^^^^^^^^^^^^^^^^^^^^^^^^^^^^^^^^^^^^^^^^^^^^^^^
  File "/home/fabianosf/Desktop/Projetos/vetsystem/backend/venv/lib/python3.12/site-packages/django/db/models/manager.py", line 87, in manager_method
    return getattr(self.get_queryset(), name)(*args, **kwargs)
           ^^^^^^^^^^^^^^^^^^^^^^^^^^^^^^^^^^^^^^^^^^^^^^^^^^^
  File "/home/fabianosf/Desktop/Projetos/vetsystem/backend/venv/lib/python3.12/site-packages/django/db/models/query.py", line 1436, in filter
    return self._filter_or_exclude(False, args, kwargs)
           ^^^^^^^^^^^^^^^^^^^^^^^^^^^^^^^^^^^^^^^^^^^^
  File "/home/fabianosf/Desktop/Projetos/vetsystem/backend/venv/lib/python3.12/site-packages/django/db/models/query.py", line 1454, in _filter_or_exclude
    clone._filter_or_exclude_inplace(negate, args, kwargs)
  File "/home/fabianosf/Desktop/Projetos/vetsystem/backend/venv/lib/python3.12/site-packages/django/db/models/query.py", line 1461, in _filter_or_exclude_inplace
    self._query.add_q(Q(*args, **kwargs))
  File "/home/fabianosf/Desktop/Projetos/vetsystem/backend/venv/lib/python3.12/site-packages/django/db/models/sql/query.py", line 1545, in add_q
    clause, _ = self._add_q(q_object, self.used_aliases)
                ^^^^^^^^^^^^^^^^^^^^^^^^^^^^^^^^^^^^^^^^
  File "/home/fabianosf/Desktop/Projetos/vetsystem/backend/venv/lib/python3.12/site-packages/django/db/models/sql/query.py", line 1576, in _add_q
    child_clause, needed_inner = self.build_filter(
                                 ^^^^^^^^^^^^^^^^^^
  File "/home/fabianosf/Desktop/Projetos/vetsystem/backend/venv/lib/python3.12/site-packages/django/db/models/sql/query.py", line 1426, in build_filter
    lookups, parts, reffed_expression = self.solve_lookup_type(arg, summarize)
                                        ^^^^^^^^^^^^^^^^^^^^^^^^^^^^^^^^^^^^^^
  File "/home/fabianosf/Desktop/Projetos/vetsystem/backend/venv/lib/python3.12/site-packages/django/db/models/sql/query.py", line 1236, in solve_lookup_type
    _, field, _, lookup_parts = self.names_to_path(lookup_splitted, self.get_meta())
                                ^^^^^^^^^^^^^^^^^^^^^^^^^^^^^^^^^^^^^^^^^^^^^^^^^^^^
  File "/home/fabianosf/Desktop/Projetos/vetsystem/backend/venv/lib/python3.12/site-packages/django/db/models/sql/query.py", line 1724, in names_to_path
    raise FieldError(
django.core.exceptions.FieldError: Cannot resolve keyword 'data_consulta' into field. Choices are: animal, animal_id, clinica, clinica_id, created_at, data, diagnostico, horario, id, motivo, notificacaoexterna, observacoes, prescricao, status, tipo, updated_at, valor, veterinario, veterinario_id
ERROR 2025-12-31 13:51:14,492 log Internal Server Error: /api/dashboard/consultas-timeline/
Traceback (most recent call last):
  File "/home/fabianosf/Desktop/Projetos/vetsystem/backend/venv/lib/python3.12/site-packages/django/core/handlers/exception.py", line 55, in inner
    response = get_response(request)
               ^^^^^^^^^^^^^^^^^^^^^
  File "/home/fabianosf/Desktop/Projetos/vetsystem/backend/venv/lib/python3.12/site-packages/django/core/handlers/base.py", line 197, in _get_response
    response = wrapped_callback(request, *callback_args, **callback_kwargs)
               ^^^^^^^^^^^^^^^^^^^^^^^^^^^^^^^^^^^^^^^^^^^^^^^^^^^^^^^^^^^^
  File "/home/fabianosf/Desktop/Projetos/vetsystem/backend/venv/lib/python3.12/site-packages/django/views/decorators/csrf.py", line 56, in wrapper_view
    return view_func(*args, **kwargs)
           ^^^^^^^^^^^^^^^^^^^^^^^^^^
  File "/home/fabianosf/Desktop/Projetos/vetsystem/backend/venv/lib/python3.12/site-packages/django/views/generic/base.py", line 104, in view
    return self.dispatch(request, *args, **kwargs)
           ^^^^^^^^^^^^^^^^^^^^^^^^^^^^^^^^^^^^^^^
  File "/home/fabianosf/Desktop/Projetos/vetsystem/backend/venv/lib/python3.12/site-packages/rest_framework/views.py", line 509, in dispatch
    response = self.handle_exception(exc)
               ^^^^^^^^^^^^^^^^^^^^^^^^^^
  File "/home/fabianosf/Desktop/Projetos/vetsystem/backend/venv/lib/python3.12/site-packages/rest_framework/views.py", line 469, in handle_exception
    self.raise_uncaught_exception(exc)
  File "/home/fabianosf/Desktop/Projetos/vetsystem/backend/venv/lib/python3.12/site-packages/rest_framework/views.py", line 480, in raise_uncaught_exception
    raise exc
  File "/home/fabianosf/Desktop/Projetos/vetsystem/backend/venv/lib/python3.12/site-packages/rest_framework/views.py", line 506, in dispatch
    response = handler(request, *args, **kwargs)
               ^^^^^^^^^^^^^^^^^^^^^^^^^^^^^^^^^
  File "/home/fabianosf/Desktop/Projetos/vetsystem/backend/venv/lib/python3.12/site-packages/rest_framework/decorators.py", line 50, in handler
    return func(*args, **kwargs)
           ^^^^^^^^^^^^^^^^^^^^^
  File "/home/fabianosf/Desktop/Projetos/vetsystem/backend/api/views/dashboard_views.py", line 87, in consultas_timeline
    consultas = Consulta.objects.filter(
                ^^^^^^^^^^^^^^^^^^^^^^^^
  File "/home/fabianosf/Desktop/Projetos/vetsystem/backend/venv/lib/python3.12/site-packages/django/db/models/manager.py", line 87, in manager_method
    return getattr(self.get_queryset(), name)(*args, **kwargs)
           ^^^^^^^^^^^^^^^^^^^^^^^^^^^^^^^^^^^^^^^^^^^^^^^^^^^
  File "/home/fabianosf/Desktop/Projetos/vetsystem/backend/venv/lib/python3.12/site-packages/django/db/models/query.py", line 1436, in filter
    return self._filter_or_exclude(False, args, kwargs)
           ^^^^^^^^^^^^^^^^^^^^^^^^^^^^^^^^^^^^^^^^^^^^
  File "/home/fabianosf/Desktop/Projetos/vetsystem/backend/venv/lib/python3.12/site-packages/django/db/models/query.py", line 1454, in _filter_or_exclude
    clone._filter_or_exclude_inplace(negate, args, kwargs)
  File "/home/fabianosf/Desktop/Projetos/vetsystem/backend/venv/lib/python3.12/site-packages/django/db/models/query.py", line 1461, in _filter_or_exclude_inplace
    self._query.add_q(Q(*args, **kwargs))
  File "/home/fabianosf/Desktop/Projetos/vetsystem/backend/venv/lib/python3.12/site-packages/django/db/models/sql/query.py", line 1545, in add_q
    clause, _ = self._add_q(q_object, self.used_aliases)
                ^^^^^^^^^^^^^^^^^^^^^^^^^^^^^^^^^^^^^^^^
  File "/home/fabianosf/Desktop/Projetos/vetsystem/backend/venv/lib/python3.12/site-packages/django/db/models/sql/query.py", line 1576, in _add_q
    child_clause, needed_inner = self.build_filter(
                                 ^^^^^^^^^^^^^^^^^^
  File "/home/fabianosf/Desktop/Projetos/vetsystem/backend/venv/lib/python3.12/site-packages/django/db/models/sql/query.py", line 1426, in build_filter
    lookups, parts, reffed_expression = self.solve_lookup_type(arg, summarize)
                                        ^^^^^^^^^^^^^^^^^^^^^^^^^^^^^^^^^^^^^^
  File "/home/fabianosf/Desktop/Projetos/vetsystem/backend/venv/lib/python3.12/site-packages/django/db/models/sql/query.py", line 1236, in solve_lookup_type
    _, field, _, lookup_parts = self.names_to_path(lookup_splitted, self.get_meta())
                                ^^^^^^^^^^^^^^^^^^^^^^^^^^^^^^^^^^^^^^^^^^^^^^^^^^^^
  File "/home/fabianosf/Desktop/Projetos/vetsystem/backend/venv/lib/python3.12/site-packages/django/db/models/sql/query.py", line 1724, in names_to_path
    raise FieldError(
django.core.exceptions.FieldError: Cannot resolve keyword 'data_consulta' into field. Choices are: animal, animal_id, clinica, clinica_id, created_at, data, diagnostico, horario, id, motivo, notificacaoexterna, observacoes, prescricao, status, tipo, updated_at, valor, veterinario, veterinario_id
ERROR 2025-12-31 13:51:14,493 basehttp "GET /api/dashboard/stats/ HTTP/1.1" 500 159440
ERROR 2025-12-31 13:51:14,498 basehttp "GET /api/dashboard/consultas-timeline/?dias=30 HTTP/1.1" 500 159211
INFO 2025-12-31 13:51:19,720 basehttp "GET /api/animais/ HTTP/1.1" 200 426
INFO 2025-12-31 13:51:19,737 basehttp "GET /api/tutores/ HTTP/1.1" 200 1382
INFO 2025-12-31 13:51:19,771 basehttp "GET /api/animais/ HTTP/1.1" 200 426
INFO 2025-12-31 13:51:19,804 basehttp "GET /api/tutores/ HTTP/1.1" 200 1382
WARNING 2025-12-31 13:51:21,032 log Not Found: /api/dashboard/veterinarios/
WARNING 2025-12-31 13:51:21,037 basehttp "GET /api/dashboard/veterinarios/ HTTP/1.1" 404 16127
WARNING 2025-12-31 13:51:21,048 log Not Found: /api/dashboard/racas/
WARNING 2025-12-31 13:51:21,092 basehttp "GET /api/dashboard/racas/ HTTP/1.1" 404 16106
INFO 2025-12-31 13:51:21,093 basehttp "GET /api/dashboard/consultas-status/ HTTP/1.1" 200 100
WARNING 2025-12-31 13:51:21,126 log Not Found: /api/dashboard/racas/
WARNING 2025-12-31 13:51:21,130 basehttp "GET /api/dashboard/racas/ HTTP/1.1" 404 16106
WARNING 2025-12-31 13:51:21,147 log Not Found: /api/dashboard/veterinarios/
INFO 2025-12-31 13:51:21,147 basehttp "GET /api/dashboard/consultas-status/ HTTP/1.1" 200 100
WARNING 2025-12-31 13:51:21,149 basehttp "GET /api/dashboard/veterinarios/ HTTP/1.1" 404 16127
ERROR 2025-12-31 13:51:21,302 log Internal Server Error: /api/dashboard/consultas-timeline/
Traceback (most recent call last):
  File "/home/fabianosf/Desktop/Projetos/vetsystem/backend/venv/lib/python3.12/site-packages/django/core/handlers/exception.py", line 55, in inner
    response = get_response(request)
               ^^^^^^^^^^^^^^^^^^^^^
  File "/home/fabianosf/Desktop/Projetos/vetsystem/backend/venv/lib/python3.12/site-packages/django/core/handlers/base.py", line 197, in _get_response
    response = wrapped_callback(request, *callback_args, **callback_kwargs)
               ^^^^^^^^^^^^^^^^^^^^^^^^^^^^^^^^^^^^^^^^^^^^^^^^^^^^^^^^^^^^
  File "/home/fabianosf/Desktop/Projetos/vetsystem/backend/venv/lib/python3.12/site-packages/django/views/decorators/csrf.py", line 56, in wrapper_view
    return view_func(*args, **kwargs)
           ^^^^^^^^^^^^^^^^^^^^^^^^^^
  File "/home/fabianosf/Desktop/Projetos/vetsystem/backend/venv/lib/python3.12/site-packages/django/views/generic/base.py", line 104, in view
    return self.dispatch(request, *args, **kwargs)
           ^^^^^^^^^^^^^^^^^^^^^^^^^^^^^^^^^^^^^^^
  File "/home/fabianosf/Desktop/Projetos/vetsystem/backend/venv/lib/python3.12/site-packages/rest_framework/views.py", line 509, in dispatch
    response = self.handle_exception(exc)
               ^^^^^^^^^^^^^^^^^^^^^^^^^^
  File "/home/fabianosf/Desktop/Projetos/vetsystem/backend/venv/lib/python3.12/site-packages/rest_framework/views.py", line 469, in handle_exception
    self.raise_uncaught_exception(exc)
  File "/home/fabianosf/Desktop/Projetos/vetsystem/backend/venv/lib/python3.12/site-packages/rest_framework/views.py", line 480, in raise_uncaught_exception
    raise exc
  File "/home/fabianosf/Desktop/Projetos/vetsystem/backend/venv/lib/python3.12/site-packages/rest_framework/views.py", line 506, in dispatch
    response = handler(request, *args, **kwargs)
               ^^^^^^^^^^^^^^^^^^^^^^^^^^^^^^^^^
  File "/home/fabianosf/Desktop/Projetos/vetsystem/backend/venv/lib/python3.12/site-packages/rest_framework/decorators.py", line 50, in handler
    return func(*args, **kwargs)
           ^^^^^^^^^^^^^^^^^^^^^
  File "/home/fabianosf/Desktop/Projetos/vetsystem/backend/api/views/dashboard_views.py", line 87, in consultas_timeline
    consultas = Consulta.objects.filter(
                ^^^^^^^^^^^^^^^^^^^^^^^^
  File "/home/fabianosf/Desktop/Projetos/vetsystem/backend/venv/lib/python3.12/site-packages/django/db/models/manager.py", line 87, in manager_method
    return getattr(self.get_queryset(), name)(*args, **kwargs)
           ^^^^^^^^^^^^^^^^^^^^^^^^^^^^^^^^^^^^^^^^^^^^^^^^^^^
  File "/home/fabianosf/Desktop/Projetos/vetsystem/backend/venv/lib/python3.12/site-packages/django/db/models/query.py", line 1436, in filter
    return self._filter_or_exclude(False, args, kwargs)
           ^^^^^^^^^^^^^^^^^^^^^^^^^^^^^^^^^^^^^^^^^^^^
  File "/home/fabianosf/Desktop/Projetos/vetsystem/backend/venv/lib/python3.12/site-packages/django/db/models/query.py", line 1454, in _filter_or_exclude
    clone._filter_or_exclude_inplace(negate, args, kwargs)
  File "/home/fabianosf/Desktop/Projetos/vetsystem/backend/venv/lib/python3.12/site-packages/django/db/models/query.py", line 1461, in _filter_or_exclude_inplace
    self._query.add_q(Q(*args, **kwargs))
  File "/home/fabianosf/Desktop/Projetos/vetsystem/backend/venv/lib/python3.12/site-packages/django/db/models/sql/query.py", line 1545, in add_q
    clause, _ = self._add_q(q_object, self.used_aliases)
                ^^^^^^^^^^^^^^^^^^^^^^^^^^^^^^^^^^^^^^^^
  File "/home/fabianosf/Desktop/Projetos/vetsystem/backend/venv/lib/python3.12/site-packages/django/db/models/sql/query.py", line 1576, in _add_q
    child_clause, needed_inner = self.build_filter(
                                 ^^^^^^^^^^^^^^^^^^
  File "/home/fabianosf/Desktop/Projetos/vetsystem/backend/venv/lib/python3.12/site-packages/django/db/models/sql/query.py", line 1426, in build_filter
    lookups, parts, reffed_expression = self.solve_lookup_type(arg, summarize)
                                        ^^^^^^^^^^^^^^^^^^^^^^^^^^^^^^^^^^^^^^
  File "/home/fabianosf/Desktop/Projetos/vetsystem/backend/venv/lib/python3.12/site-packages/django/db/models/sql/query.py", line 1236, in solve_lookup_type
    _, field, _, lookup_parts = self.names_to_path(lookup_splitted, self.get_meta())
                                ^^^^^^^^^^^^^^^^^^^^^^^^^^^^^^^^^^^^^^^^^^^^^^^^^^^^
  File "/home/fabianosf/Desktop/Projetos/vetsystem/backend/venv/lib/python3.12/site-packages/django/db/models/sql/query.py", line 1724, in names_to_path
    raise FieldError(
django.core.exceptions.FieldError: Cannot resolve keyword 'data_consulta' into field. Choices are: animal, animal_id, clinica, clinica_id, created_at, data, diagnostico, horario, id, motivo, notificacaoexterna, observacoes, prescricao, status, tipo, updated_at, valor, veterinario, veterinario_id
ERROR 2025-12-31 13:51:21,316 basehttp "GET /api/dashboard/consultas-timeline/?dias=30 HTTP/1.1" 500 159211
ERROR 2025-12-31 13:51:21,359 log Internal Server Error: /api/dashboard/stats/
Traceback (most recent call last):
  File "/home/fabianosf/Desktop/Projetos/vetsystem/backend/venv/lib/python3.12/site-packages/django/core/handlers/exception.py", line 55, in inner
    response = get_response(request)
               ^^^^^^^^^^^^^^^^^^^^^
  File "/home/fabianosf/Desktop/Projetos/vetsystem/backend/venv/lib/python3.12/site-packages/django/core/handlers/base.py", line 197, in _get_response
    response = wrapped_callback(request, *callback_args, **callback_kwargs)
               ^^^^^^^^^^^^^^^^^^^^^^^^^^^^^^^^^^^^^^^^^^^^^^^^^^^^^^^^^^^^
  File "/home/fabianosf/Desktop/Projetos/vetsystem/backend/venv/lib/python3.12/site-packages/django/views/decorators/csrf.py", line 56, in wrapper_view
    return view_func(*args, **kwargs)
           ^^^^^^^^^^^^^^^^^^^^^^^^^^
  File "/home/fabianosf/Desktop/Projetos/vetsystem/backend/venv/lib/python3.12/site-packages/django/views/generic/base.py", line 104, in view
    return self.dispatch(request, *args, **kwargs)
           ^^^^^^^^^^^^^^^^^^^^^^^^^^^^^^^^^^^^^^^
  File "/home/fabianosf/Desktop/Projetos/vetsystem/backend/venv/lib/python3.12/site-packages/rest_framework/views.py", line 509, in dispatch
    response = self.handle_exception(exc)
               ^^^^^^^^^^^^^^^^^^^^^^^^^^
  File "/home/fabianosf/Desktop/Projetos/vetsystem/backend/venv/lib/python3.12/site-packages/rest_framework/views.py", line 469, in handle_exception
    self.raise_uncaught_exception(exc)
  File "/home/fabianosf/Desktop/Projetos/vetsystem/backend/venv/lib/python3.12/site-packages/rest_framework/views.py", line 480, in raise_uncaught_exception
    raise exc
  File "/home/fabianosf/Desktop/Projetos/vetsystem/backend/venv/lib/python3.12/site-packages/rest_framework/views.py", line 506, in dispatch
    response = handler(request, *args, **kwargs)
               ^^^^^^^^^^^^^^^^^^^^^^^^^^^^^^^^^
  File "/home/fabianosf/Desktop/Projetos/vetsystem/backend/venv/lib/python3.12/site-packages/rest_framework/decorators.py", line 50, in handler
    return func(*args, **kwargs)
           ^^^^^^^^^^^^^^^^^^^^^
  File "/home/fabianosf/Desktop/Projetos/vetsystem/backend/api/views/dashboard_views.py", line 29, in dashboard_stats
    consultas_mes = Consulta.objects.filter(data_consulta__gte=inicio_mes).count()
                    ^^^^^^^^^^^^^^^^^^^^^^^^^^^^^^^^^^^^^^^^^^^^^^^^^^^^^^
  File "/home/fabianosf/Desktop/Projetos/vetsystem/backend/venv/lib/python3.12/site-packages/django/db/models/manager.py", line 87, in manager_method
    return getattr(self.get_queryset(), name)(*args, **kwargs)
           ^^^^^^^^^^^^^^^^^^^^^^^^^^^^^^^^^^^^^^^^^^^^^^^^^^^
  File "/home/fabianosf/Desktop/Projetos/vetsystem/backend/venv/lib/python3.12/site-packages/django/db/models/query.py", line 1436, in filter
    return self._filter_or_exclude(False, args, kwargs)
           ^^^^^^^^^^^^^^^^^^^^^^^^^^^^^^^^^^^^^^^^^^^^
  File "/home/fabianosf/Desktop/Projetos/vetsystem/backend/venv/lib/python3.12/site-packages/django/db/models/query.py", line 1454, in _filter_or_exclude
    clone._filter_or_exclude_inplace(negate, args, kwargs)
  File "/home/fabianosf/Desktop/Projetos/vetsystem/backend/venv/lib/python3.12/site-packages/django/db/models/query.py", line 1461, in _filter_or_exclude_inplace
    self._query.add_q(Q(*args, **kwargs))
  File "/home/fabianosf/Desktop/Projetos/vetsystem/backend/venv/lib/python3.12/site-packages/django/db/models/sql/query.py", line 1545, in add_q
    clause, _ = self._add_q(q_object, self.used_aliases)
                ^^^^^^^^^^^^^^^^^^^^^^^^^^^^^^^^^^^^^^^^
  File "/home/fabianosf/Desktop/Projetos/vetsystem/backend/venv/lib/python3.12/site-packages/django/db/models/sql/query.py", line 1576, in _add_q
    child_clause, needed_inner = self.build_filter(
                                 ^^^^^^^^^^^^^^^^^^
  File "/home/fabianosf/Desktop/Projetos/vetsystem/backend/venv/lib/python3.12/site-packages/django/db/models/sql/query.py", line 1426, in build_filter
    lookups, parts, reffed_expression = self.solve_lookup_type(arg, summarize)
                                        ^^^^^^^^^^^^^^^^^^^^^^^^^^^^^^^^^^^^^^
  File "/home/fabianosf/Desktop/Projetos/vetsystem/backend/venv/lib/python3.12/site-packages/django/db/models/sql/query.py", line 1236, in solve_lookup_type
    _, field, _, lookup_parts = self.names_to_path(lookup_splitted, self.get_meta())
                                ^^^^^^^^^^^^^^^^^^^^^^^^^^^^^^^^^^^^^^^^^^^^^^^^^^^^
  File "/home/fabianosf/Desktop/Projetos/vetsystem/backend/venv/lib/python3.12/site-packages/django/db/models/sql/query.py", line 1724, in names_to_path
    raise FieldError(
django.core.exceptions.FieldError: Cannot resolve keyword 'data_consulta' into field. Choices are: animal, animal_id, clinica, clinica_id, created_at, data, diagnostico, horario, id, motivo, notificacaoexterna, observacoes, prescricao, status, tipo, updated_at, valor, veterinario, veterinario_id
ERROR 2025-12-31 13:51:21,376 basehttp "GET /api/dashboard/stats/ HTTP/1.1" 500 159440
ERROR 2025-12-31 13:51:21,544 log Internal Server Error: /api/dashboard/consultas-timeline/
Traceback (most recent call last):
  File "/home/fabianosf/Desktop/Projetos/vetsystem/backend/venv/lib/python3.12/site-packages/django/core/handlers/exception.py", line 55, in inner
    response = get_response(request)
               ^^^^^^^^^^^^^^^^^^^^^
  File "/home/fabianosf/Desktop/Projetos/vetsystem/backend/venv/lib/python3.12/site-packages/django/core/handlers/base.py", line 197, in _get_response
    response = wrapped_callback(request, *callback_args, **callback_kwargs)
               ^^^^^^^^^^^^^^^^^^^^^^^^^^^^^^^^^^^^^^^^^^^^^^^^^^^^^^^^^^^^
  File "/home/fabianosf/Desktop/Projetos/vetsystem/backend/venv/lib/python3.12/site-packages/django/views/decorators/csrf.py", line 56, in wrapper_view
    return view_func(*args, **kwargs)
           ^^^^^^^^^^^^^^^^^^^^^^^^^^
  File "/home/fabianosf/Desktop/Projetos/vetsystem/backend/venv/lib/python3.12/site-packages/django/views/generic/base.py", line 104, in view
    return self.dispatch(request, *args, **kwargs)
           ^^^^^^^^^^^^^^^^^^^^^^^^^^^^^^^^^^^^^^^
  File "/home/fabianosf/Desktop/Projetos/vetsystem/backend/venv/lib/python3.12/site-packages/rest_framework/views.py", line 509, in dispatch
    response = self.handle_exception(exc)
               ^^^^^^^^^^^^^^^^^^^^^^^^^^
  File "/home/fabianosf/Desktop/Projetos/vetsystem/backend/venv/lib/python3.12/site-packages/rest_framework/views.py", line 469, in handle_exception
    self.raise_uncaught_exception(exc)
  File "/home/fabianosf/Desktop/Projetos/vetsystem/backend/venv/lib/python3.12/site-packages/rest_framework/views.py", line 480, in raise_uncaught_exception
    raise exc
  File "/home/fabianosf/Desktop/Projetos/vetsystem/backend/venv/lib/python3.12/site-packages/rest_framework/views.py", line 506, in dispatch
    response = handler(request, *args, **kwargs)
               ^^^^^^^^^^^^^^^^^^^^^^^^^^^^^^^^^
  File "/home/fabianosf/Desktop/Projetos/vetsystem/backend/venv/lib/python3.12/site-packages/rest_framework/decorators.py", line 50, in handler
    return func(*args, **kwargs)
           ^^^^^^^^^^^^^^^^^^^^^
  File "/home/fabianosf/Desktop/Projetos/vetsystem/backend/api/views/dashboard_views.py", line 87, in consultas_timeline
    consultas = Consulta.objects.filter(
                ^^^^^^^^^^^^^^^^^^^^^^^^
  File "/home/fabianosf/Desktop/Projetos/vetsystem/backend/venv/lib/python3.12/site-packages/django/db/models/manager.py", line 87, in manager_method
    return getattr(self.get_queryset(), name)(*args, **kwargs)
           ^^^^^^^^^^^^^^^^^^^^^^^^^^^^^^^^^^^^^^^^^^^^^^^^^^^
  File "/home/fabianosf/Desktop/Projetos/vetsystem/backend/venv/lib/python3.12/site-packages/django/db/models/query.py", line 1436, in filter
    return self._filter_or_exclude(False, args, kwargs)
           ^^^^^^^^^^^^^^^^^^^^^^^^^^^^^^^^^^^^^^^^^^^^
  File "/home/fabianosf/Desktop/Projetos/vetsystem/backend/venv/lib/python3.12/site-packages/django/db/models/query.py", line 1454, in _filter_or_exclude
    clone._filter_or_exclude_inplace(negate, args, kwargs)
  File "/home/fabianosf/Desktop/Projetos/vetsystem/backend/venv/lib/python3.12/site-packages/django/db/models/query.py", line 1461, in _filter_or_exclude_inplace
    self._query.add_q(Q(*args, **kwargs))
  File "/home/fabianosf/Desktop/Projetos/vetsystem/backend/venv/lib/python3.12/site-packages/django/db/models/sql/query.py", line 1545, in add_q
    clause, _ = self._add_q(q_object, self.used_aliases)
                ^^^^^^^^^^^^^^^^^^^^^^^^^^^^^^^^^^^^^^^^
  File "/home/fabianosf/Desktop/Projetos/vetsystem/backend/venv/lib/python3.12/site-packages/django/db/models/sql/query.py", line 1576, in _add_q
    child_clause, needed_inner = self.build_filter(
                                 ^^^^^^^^^^^^^^^^^^
  File "/home/fabianosf/Desktop/Projetos/vetsystem/backend/venv/lib/python3.12/site-packages/django/db/models/sql/query.py", line 1426, in build_filter
    lookups, parts, reffed_expression = self.solve_lookup_type(arg, summarize)
                                        ^^^^^^^^^^^^^^^^^^^^^^^^^^^^^^^^^^^^^^
  File "/home/fabianosf/Desktop/Projetos/vetsystem/backend/venv/lib/python3.12/site-packages/django/db/models/sql/query.py", line 1236, in solve_lookup_type
    _, field, _, lookup_parts = self.names_to_path(lookup_splitted, self.get_meta())
                                ^^^^^^^^^^^^^^^^^^^^^^^^^^^^^^^^^^^^^^^^^^^^^^^^^^^^
  File "/home/fabianosf/Desktop/Projetos/vetsystem/backend/venv/lib/python3.12/site-packages/django/db/models/sql/query.py", line 1724, in names_to_path
    raise FieldError(
django.core.exceptions.FieldError: Cannot resolve keyword 'data_consulta' into field. Choices are: animal, animal_id, clinica, clinica_id, created_at, data, diagnostico, horario, id, motivo, notificacaoexterna, observacoes, prescricao, status, tipo, updated_at, valor, veterinario, veterinario_id
ERROR 2025-12-31 13:51:21,552 basehttp "GET /api/dashboard/consultas-timeline/?dias=30 HTTP/1.1" 500 159211
ERROR 2025-12-31 13:51:21,626 log Internal Server Error: /api/dashboard/stats/
Traceback (most recent call last):
  File "/home/fabianosf/Desktop/Projetos/vetsystem/backend/venv/lib/python3.12/site-packages/django/core/handlers/exception.py", line 55, in inner
    response = get_response(request)
               ^^^^^^^^^^^^^^^^^^^^^
  File "/home/fabianosf/Desktop/Projetos/vetsystem/backend/venv/lib/python3.12/site-packages/django/core/handlers/base.py", line 197, in _get_response
    response = wrapped_callback(request, *callback_args, **callback_kwargs)
               ^^^^^^^^^^^^^^^^^^^^^^^^^^^^^^^^^^^^^^^^^^^^^^^^^^^^^^^^^^^^
  File "/home/fabianosf/Desktop/Projetos/vetsystem/backend/venv/lib/python3.12/site-packages/django/views/decorators/csrf.py", line 56, in wrapper_view
    return view_func(*args, **kwargs)
           ^^^^^^^^^^^^^^^^^^^^^^^^^^
  File "/home/fabianosf/Desktop/Projetos/vetsystem/backend/venv/lib/python3.12/site-packages/django/views/generic/base.py", line 104, in view
    return self.dispatch(request, *args, **kwargs)
           ^^^^^^^^^^^^^^^^^^^^^^^^^^^^^^^^^^^^^^^
  File "/home/fabianosf/Desktop/Projetos/vetsystem/backend/venv/lib/python3.12/site-packages/rest_framework/views.py", line 509, in dispatch
    response = self.handle_exception(exc)
               ^^^^^^^^^^^^^^^^^^^^^^^^^^
  File "/home/fabianosf/Desktop/Projetos/vetsystem/backend/venv/lib/python3.12/site-packages/rest_framework/views.py", line 469, in handle_exception
    self.raise_uncaught_exception(exc)
  File "/home/fabianosf/Desktop/Projetos/vetsystem/backend/venv/lib/python3.12/site-packages/rest_framework/views.py", line 480, in raise_uncaught_exception
    raise exc
  File "/home/fabianosf/Desktop/Projetos/vetsystem/backend/venv/lib/python3.12/site-packages/rest_framework/views.py", line 506, in dispatch
    response = handler(request, *args, **kwargs)
               ^^^^^^^^^^^^^^^^^^^^^^^^^^^^^^^^^
  File "/home/fabianosf/Desktop/Projetos/vetsystem/backend/venv/lib/python3.12/site-packages/rest_framework/decorators.py", line 50, in handler
    return func(*args, **kwargs)
           ^^^^^^^^^^^^^^^^^^^^^
  File "/home/fabianosf/Desktop/Projetos/vetsystem/backend/api/views/dashboard_views.py", line 29, in dashboard_stats
    consultas_mes = Consulta.objects.filter(data_consulta__gte=inicio_mes).count()
                    ^^^^^^^^^^^^^^^^^^^^^^^^^^^^^^^^^^^^^^^^^^^^^^^^^^^^^^
  File "/home/fabianosf/Desktop/Projetos/vetsystem/backend/venv/lib/python3.12/site-packages/django/db/models/manager.py", line 87, in manager_method
    return getattr(self.get_queryset(), name)(*args, **kwargs)
           ^^^^^^^^^^^^^^^^^^^^^^^^^^^^^^^^^^^^^^^^^^^^^^^^^^^
  File "/home/fabianosf/Desktop/Projetos/vetsystem/backend/venv/lib/python3.12/site-packages/django/db/models/query.py", line 1436, in filter
    return self._filter_or_exclude(False, args, kwargs)
           ^^^^^^^^^^^^^^^^^^^^^^^^^^^^^^^^^^^^^^^^^^^^
  File "/home/fabianosf/Desktop/Projetos/vetsystem/backend/venv/lib/python3.12/site-packages/django/db/models/query.py", line 1454, in _filter_or_exclude
    clone._filter_or_exclude_inplace(negate, args, kwargs)
  File "/home/fabianosf/Desktop/Projetos/vetsystem/backend/venv/lib/python3.12/site-packages/django/db/models/query.py", line 1461, in _filter_or_exclude_inplace
    self._query.add_q(Q(*args, **kwargs))
  File "/home/fabianosf/Desktop/Projetos/vetsystem/backend/venv/lib/python3.12/site-packages/django/db/models/sql/query.py", line 1545, in add_q
    clause, _ = self._add_q(q_object, self.used_aliases)
                ^^^^^^^^^^^^^^^^^^^^^^^^^^^^^^^^^^^^^^^^
  File "/home/fabianosf/Desktop/Projetos/vetsystem/backend/venv/lib/python3.12/site-packages/django/db/models/sql/query.py", line 1576, in _add_q
    child_clause, needed_inner = self.build_filter(
                                 ^^^^^^^^^^^^^^^^^^
  File "/home/fabianosf/Desktop/Projetos/vetsystem/backend/venv/lib/python3.12/site-packages/django/db/models/sql/query.py", line 1426, in build_filter
    lookups, parts, reffed_expression = self.solve_lookup_type(arg, summarize)
                                        ^^^^^^^^^^^^^^^^^^^^^^^^^^^^^^^^^^^^^^
  File "/home/fabianosf/Desktop/Projetos/vetsystem/backend/venv/lib/python3.12/site-packages/django/db/models/sql/query.py", line 1236, in solve_lookup_type
    _, field, _, lookup_parts = self.names_to_path(lookup_splitted, self.get_meta())
                                ^^^^^^^^^^^^^^^^^^^^^^^^^^^^^^^^^^^^^^^^^^^^^^^^^^^^
  File "/home/fabianosf/Desktop/Projetos/vetsystem/backend/venv/lib/python3.12/site-packages/django/db/models/sql/query.py", line 1724, in names_to_path
    raise FieldError(
django.core.exceptions.FieldError: Cannot resolve keyword 'data_consulta' into field. Choices are: animal, animal_id, clinica, clinica_id, created_at, data, diagnostico, horario, id, motivo, notificacaoexterna, observacoes, prescricao, status, tipo, updated_at, valor, veterinario, veterinario_id
ERROR 2025-12-31 13:51:21,629 basehttp "GET /api/dashboard/stats/ HTTP/1.1" 500 159440
WARNING 2025-12-31 13:51:43,506 log Not Found: /api/notificacoes/nao_lidas/
WARNING 2025-12-31 13:51:43,507 basehttp "GET /api/notificacoes/nao_lidas/ HTTP/1.1" 404 16127
WARNING 2025-12-31 13:52:13,956 log Not Found: /api/notificacoes/nao_lidas/
WARNING 2025-12-31 13:52:13,957 basehttp "GET /api/notificacoes/nao_lidas/ HTTP/1.1" 404 16127
WARNING 2025-12-31 13:52:43,958 log Not Found: /api/notificacoes/nao_lidas/
WARNING 2025-12-31 13:52:43,959 basehttp "GET /api/notificacoes/nao_lidas/ HTTP/1.1" 404 16127
WARNING 2025-12-31 13:53:13,971 log Not Found: /api/notificacoes/nao_lidas/
WARNING 2025-12-31 13:53:13,972 basehttp "GET /api/notificacoes/nao_lidas/ HTTP/1.1" 404 16127
WARNING 2025-12-31 13:53:43,954 log Not Found: /api/notificacoes/nao_lidas/
WARNING 2025-12-31 13:53:43,955 basehttp "GET /api/notificacoes/nao_lidas/ HTTP/1.1" 404 16127
WARNING 2025-12-31 13:54:13,958 log Not Found: /api/notificacoes/nao_lidas/
WARNING 2025-12-31 13:54:13,959 basehttp "GET /api/notificacoes/nao_lidas/ HTTP/1.1" 404 16127
INFO 2025-12-31 13:54:19,725 autoreload /home/fabianosf/Desktop/Projetos/vetsystem/backend/api/urls.py changed, reloading.
INFO 2025-12-31 13:54:21,700 autoreload Watching for file changes with StatReloader
WARNING 2025-12-31 13:54:40,926 log Unauthorized: /api/dashboard/veterinarios/
WARNING 2025-12-31 13:54:40,938 basehttp "GET /api/dashboard/veterinarios/ HTTP/1.1" 401 191
WARNING 2025-12-31 13:54:40,928 log Unauthorized: /api/dashboard/racas/
WARNING 2025-12-31 13:54:40,947 basehttp "GET /api/dashboard/racas/ HTTP/1.1" 401 191
WARNING 2025-12-31 13:54:40,937 log Unauthorized: /api/dashboard/stats/
WARNING 2025-12-31 13:54:40,949 basehttp "GET /api/dashboard/stats/ HTTP/1.1" 401 191
WARNING 2025-12-31 13:54:40,946 log Unauthorized: /api/dashboard/consultas-status/
WARNING 2025-12-31 13:54:40,961 basehttp "GET /api/dashboard/consultas-status/ HTTP/1.1" 401 191
WARNING 2025-12-31 13:54:40,944 log Unauthorized: /api/dashboard/consultas-timeline/
WARNING 2025-12-31 13:54:40,962 basehttp "GET /api/dashboard/consultas-timeline/?dias=30 HTTP/1.1" 401 191
WARNING 2025-12-31 13:54:40,970 log Not Found: /api/notificacoes/nao_lidas/
WARNING 2025-12-31 13:54:40,970 basehttp "GET /api/notificacoes/nao_lidas/ HTTP/1.1" 404 16108
WARNING 2025-12-31 13:54:40,979 log Unauthorized: /api/dashboard/veterinarios/
WARNING 2025-12-31 13:54:40,980 basehttp "GET /api/dashboard/veterinarios/ HTTP/1.1" 401 191
WARNING 2025-12-31 13:54:40,994 log Unauthorized: /api/dashboard/stats/
WARNING 2025-12-31 13:54:40,997 log Unauthorized: /api/dashboard/racas/
WARNING 2025-12-31 13:54:40,999 basehttp "GET /api/dashboard/stats/ HTTP/1.1" 401 191
WARNING 2025-12-31 13:54:41,010 log Unauthorized: /api/dashboard/consultas-timeline/
WARNING 2025-12-31 13:54:41,017 basehttp "GET /api/dashboard/racas/ HTTP/1.1" 401 191
WARNING 2025-12-31 13:54:41,021 log Unauthorized: /api/dashboard/consultas-status/
WARNING 2025-12-31 13:54:41,035 basehttp "GET /api/dashboard/consultas-status/ HTTP/1.1" 401 191
WARNING 2025-12-31 13:54:41,035 basehttp "GET /api/dashboard/consultas-timeline/?dias=30 HTTP/1.1" 401 191
WARNING 2025-12-31 13:54:41,158 log Not Found: /api/notificacoes/nao_lidas/
WARNING 2025-12-31 13:54:41,196 basehttp "GET /api/notificacoes/nao_lidas/ HTTP/1.1" 404 16108
WARNING 2025-12-31 13:54:41,211 log Not Found: /api/token/refresh/
WARNING 2025-12-31 13:54:41,212 basehttp "POST /api/token/refresh/ HTTP/1.1" 404 16082
WARNING 2025-12-31 13:54:41,251 log Not Found: /api/token/refresh/
WARNING 2025-12-31 13:54:41,277 basehttp "POST /api/token/refresh/ HTTP/1.1" 404 16082
WARNING 2025-12-31 13:54:41,258 log Not Found: /api/token/refresh/
WARNING 2025-12-31 13:54:41,278 basehttp "POST /api/token/refresh/ HTTP/1.1" 404 16082
WARNING 2025-12-31 13:54:41,266 log Not Found: /api/token/refresh/
WARNING 2025-12-31 13:54:41,282 basehttp "POST /api/token/refresh/ HTTP/1.1" 404 16082
WARNING 2025-12-31 13:54:41,253 log Not Found: /api/token/refresh/
WARNING 2025-12-31 13:54:41,283 basehttp "POST /api/token/refresh/ HTTP/1.1" 404 16082
WARNING 2025-12-31 13:54:41,327 log Not Found: /api/token/refresh/
WARNING 2025-12-31 13:54:41,341 basehttp "POST /api/token/refresh/ HTTP/1.1" 404 16082
WARNING 2025-12-31 13:54:41,340 log Not Found: /api/token/refresh/
WARNING 2025-12-31 13:54:41,348 basehttp "POST /api/token/refresh/ HTTP/1.1" 404 16082
WARNING 2025-12-31 13:54:41,492 log Not Found: /api/token/refresh/
WARNING 2025-12-31 13:54:41,503 basehttp "POST /api/token/refresh/ HTTP/1.1" 404 16082
WARNING 2025-12-31 13:54:41,523 log Not Found: /api/token/refresh/
WARNING 2025-12-31 13:54:41,534 basehttp "POST /api/token/refresh/ HTTP/1.1" 404 16082
WARNING 2025-12-31 13:54:41,554 log Not Found: /api/token/refresh/
WARNING 2025-12-31 13:54:41,565 basehttp "POST /api/token/refresh/ HTTP/1.1" 404 16082
INFO 2025-12-31 13:54:55,657 basehttp "POST /api/auth/login/ HTTP/1.1" 200 763
WARNING 2025-12-31 13:54:56,124 log Not Found: /api/notificacoes/nao_lidas/
WARNING 2025-12-31 13:54:56,131 basehttp "GET /api/notificacoes/nao_lidas/ HTTP/1.1" 404 16108
INFO 2025-12-31 13:54:56,185 basehttp "GET /api/dashboard/consultas-status/ HTTP/1.1" 200 100
INFO 2025-12-31 13:54:56,197 basehttp "GET /api/dashboard/racas/ HTTP/1.1" 200 210
INFO 2025-12-31 13:54:56,281 basehttp "GET /api/dashboard/consultas-status/ HTTP/1.1" 200 100
WARNING 2025-12-31 13:54:56,291 log Not Found: /api/notificacoes/nao_lidas/
INFO 2025-12-31 13:54:56,291 basehttp "GET /api/dashboard/racas/ HTTP/1.1" 200 210
WARNING 2025-12-31 13:54:56,294 basehttp "GET /api/notificacoes/nao_lidas/ HTTP/1.1" 404 16108
ERROR 2025-12-31 13:54:56,455 log Internal Server Error: /api/dashboard/veterinarios/
Traceback (most recent call last):
  File "/home/fabianosf/Desktop/Projetos/vetsystem/backend/venv/lib/python3.12/site-packages/django/core/handlers/exception.py", line 55, in inner
    response = get_response(request)
               ^^^^^^^^^^^^^^^^^^^^^
  File "/home/fabianosf/Desktop/Projetos/vetsystem/backend/venv/lib/python3.12/site-packages/django/core/handlers/base.py", line 197, in _get_response
    response = wrapped_callback(request, *callback_args, **callback_kwargs)
               ^^^^^^^^^^^^^^^^^^^^^^^^^^^^^^^^^^^^^^^^^^^^^^^^^^^^^^^^^^^^
  File "/home/fabianosf/Desktop/Projetos/vetsystem/backend/venv/lib/python3.12/site-packages/django/views/decorators/csrf.py", line 56, in wrapper_view
    return view_func(*args, **kwargs)
           ^^^^^^^^^^^^^^^^^^^^^^^^^^
  File "/home/fabianosf/Desktop/Projetos/vetsystem/backend/venv/lib/python3.12/site-packages/django/views/generic/base.py", line 104, in view
    return self.dispatch(request, *args, **kwargs)
           ^^^^^^^^^^^^^^^^^^^^^^^^^^^^^^^^^^^^^^^
  File "/home/fabianosf/Desktop/Projetos/vetsystem/backend/venv/lib/python3.12/site-packages/rest_framework/views.py", line 509, in dispatch
    response = self.handle_exception(exc)
               ^^^^^^^^^^^^^^^^^^^^^^^^^^
  File "/home/fabianosf/Desktop/Projetos/vetsystem/backend/venv/lib/python3.12/site-packages/rest_framework/views.py", line 469, in handle_exception
    self.raise_uncaught_exception(exc)
  File "/home/fabianosf/Desktop/Projetos/vetsystem/backend/venv/lib/python3.12/site-packages/rest_framework/views.py", line 480, in raise_uncaught_exception
    raise exc
  File "/home/fabianosf/Desktop/Projetos/vetsystem/backend/venv/lib/python3.12/site-packages/rest_framework/views.py", line 506, in dispatch
    response = handler(request, *args, **kwargs)
               ^^^^^^^^^^^^^^^^^^^^^^^^^^^^^^^^^
  File "/home/fabianosf/Desktop/Projetos/vetsystem/backend/venv/lib/python3.12/site-packages/rest_framework/decorators.py", line 50, in handler
    return func(*args, **kwargs)
           ^^^^^^^^^^^^^^^^^^^^^
  File "/home/fabianosf/Desktop/Projetos/vetsystem/backend/api/views/dashboard_views.py", line 122, in veterinarios_performance
    performance = Veterinario.objects.annotate(
                  ^^^^^^^^^^^^^^^^^^^^^^^^^^^^^
  File "/home/fabianosf/Desktop/Projetos/vetsystem/backend/venv/lib/python3.12/site-packages/django/db/models/manager.py", line 87, in manager_method
    return getattr(self.get_queryset(), name)(*args, **kwargs)
           ^^^^^^^^^^^^^^^^^^^^^^^^^^^^^^^^^^^^^^^^^^^^^^^^^^^
  File "/home/fabianosf/Desktop/Projetos/vetsystem/backend/venv/lib/python3.12/site-packages/django/db/models/query.py", line 1590, in annotate
    return self._annotate(args, kwargs, select=True)
           ^^^^^^^^^^^^^^^^^^^^^^^^^^^^^^^^^^^^^^^^^
  File "/home/fabianosf/Desktop/Projetos/vetsystem/backend/venv/lib/python3.12/site-packages/django/db/models/query.py", line 1638, in _annotate
    clone.query.add_annotation(
  File "/home/fabianosf/Desktop/Projetos/vetsystem/backend/venv/lib/python3.12/site-packages/django/db/models/sql/query.py", line 1133, in add_annotation
    annotation = annotation.resolve_expression(self, allow_joins=True, reuse=None)
                 ^^^^^^^^^^^^^^^^^^^^^^^^^^^^^^^^^^^^^^^^^^^^^^^^^^^^^^^^^^^^^^^^^
  File "/home/fabianosf/Desktop/Projetos/vetsystem/backend/venv/lib/python3.12/site-packages/django/db/models/aggregates.py", line 64, in resolve_expression
    c = super().resolve_expression(query, allow_joins, reuse, summarize)
        ^^^^^^^^^^^^^^^^^^^^^^^^^^^^^^^^^^^^^^^^^^^^^^^^^^^^^^^^^^^^^^^^
  File "/home/fabianosf/Desktop/Projetos/vetsystem/backend/venv/lib/python3.12/site-packages/django/db/models/expressions.py", line 950, in resolve_expression
    c.source_expressions[pos] = arg.resolve_expression(
                                ^^^^^^^^^^^^^^^^^^^^^^^
  File "/home/fabianosf/Desktop/Projetos/vetsystem/backend/venv/lib/python3.12/site-packages/django/db/models/expressions.py", line 829, in resolve_expression
    return query.resolve_ref(self.name, allow_joins, reuse, summarize)
           ^^^^^^^^^^^^^^^^^^^^^^^^^^^^^^^^^^^^^^^^^^^^^^^^^^^^^^^^^^^
  File "/home/fabianosf/Desktop/Projetos/vetsystem/backend/venv/lib/python3.12/site-packages/django/db/models/sql/query.py", line 1976, in resolve_ref
    join_info = self.setup_joins(
                ^^^^^^^^^^^^^^^^^
  File "/home/fabianosf/Desktop/Projetos/vetsystem/backend/venv/lib/python3.12/site-packages/django/db/models/sql/query.py", line 1823, in setup_joins
    path, final_field, targets, rest = self.names_to_path(
                                       ^^^^^^^^^^^^^^^^^^^
  File "/home/fabianosf/Desktop/Projetos/vetsystem/backend/venv/lib/python3.12/site-packages/django/db/models/sql/query.py", line 1724, in names_to_path
    raise FieldError(
django.core.exceptions.FieldError: Cannot resolve keyword 'consulta' into field. Choices are: bio, consultas, created_at, crmv, diagnosticos_validados, email, exames_solicitados, id, name, phone, profile_image, specialties, status, updated_at, work_end_hour, work_start_hour
ERROR 2025-12-31 13:54:56,491 basehttp "GET /api/dashboard/veterinarios/ HTTP/1.1" 500 162249
ERROR 2025-12-31 13:54:56,696 log Internal Server Error: /api/dashboard/stats/
Traceback (most recent call last):
  File "/home/fabianosf/Desktop/Projetos/vetsystem/backend/venv/lib/python3.12/site-packages/django/core/handlers/exception.py", line 55, in inner
    response = get_response(request)
               ^^^^^^^^^^^^^^^^^^^^^
  File "/home/fabianosf/Desktop/Projetos/vetsystem/backend/venv/lib/python3.12/site-packages/django/core/handlers/base.py", line 197, in _get_response
    response = wrapped_callback(request, *callback_args, **callback_kwargs)
               ^^^^^^^^^^^^^^^^^^^^^^^^^^^^^^^^^^^^^^^^^^^^^^^^^^^^^^^^^^^^
  File "/home/fabianosf/Desktop/Projetos/vetsystem/backend/venv/lib/python3.12/site-packages/django/views/decorators/csrf.py", line 56, in wrapper_view
    return view_func(*args, **kwargs)
           ^^^^^^^^^^^^^^^^^^^^^^^^^^
  File "/home/fabianosf/Desktop/Projetos/vetsystem/backend/venv/lib/python3.12/site-packages/django/views/generic/base.py", line 104, in view
    return self.dispatch(request, *args, **kwargs)
           ^^^^^^^^^^^^^^^^^^^^^^^^^^^^^^^^^^^^^^^
  File "/home/fabianosf/Desktop/Projetos/vetsystem/backend/venv/lib/python3.12/site-packages/rest_framework/views.py", line 509, in dispatch
    response = self.handle_exception(exc)
               ^^^^^^^^^^^^^^^^^^^^^^^^^^
  File "/home/fabianosf/Desktop/Projetos/vetsystem/backend/venv/lib/python3.12/site-packages/rest_framework/views.py", line 469, in handle_exception
    self.raise_uncaught_exception(exc)
  File "/home/fabianosf/Desktop/Projetos/vetsystem/backend/venv/lib/python3.12/site-packages/rest_framework/views.py", line 480, in raise_uncaught_exception
    raise exc
  File "/home/fabianosf/Desktop/Projetos/vetsystem/backend/venv/lib/python3.12/site-packages/rest_framework/views.py", line 506, in dispatch
    response = handler(request, *args, **kwargs)
               ^^^^^^^^^^^^^^^^^^^^^^^^^^^^^^^^^
  File "/home/fabianosf/Desktop/Projetos/vetsystem/backend/venv/lib/python3.12/site-packages/rest_framework/decorators.py", line 50, in handler
    return func(*args, **kwargs)
           ^^^^^^^^^^^^^^^^^^^^^
  File "/home/fabianosf/Desktop/Projetos/vetsystem/backend/api/views/dashboard_views.py", line 29, in dashboard_stats
    consultas_mes = Consulta.objects.filter(data_consulta__gte=inicio_mes).count()
                    ^^^^^^^^^^^^^^^^^^^^^^^^^^^^^^^^^^^^^^^^^^^^^^^^^^^^^^
  File "/home/fabianosf/Desktop/Projetos/vetsystem/backend/venv/lib/python3.12/site-packages/django/db/models/manager.py", line 87, in manager_method
    return getattr(self.get_queryset(), name)(*args, **kwargs)
           ^^^^^^^^^^^^^^^^^^^^^^^^^^^^^^^^^^^^^^^^^^^^^^^^^^^
  File "/home/fabianosf/Desktop/Projetos/vetsystem/backend/venv/lib/python3.12/site-packages/django/db/models/query.py", line 1436, in filter
    return self._filter_or_exclude(False, args, kwargs)
           ^^^^^^^^^^^^^^^^^^^^^^^^^^^^^^^^^^^^^^^^^^^^
  File "/home/fabianosf/Desktop/Projetos/vetsystem/backend/venv/lib/python3.12/site-packages/django/db/models/query.py", line 1454, in _filter_or_exclude
    clone._filter_or_exclude_inplace(negate, args, kwargs)
  File "/home/fabianosf/Desktop/Projetos/vetsystem/backend/venv/lib/python3.12/site-packages/django/db/models/query.py", line 1461, in _filter_or_exclude_inplace
    self._query.add_q(Q(*args, **kwargs))
  File "/home/fabianosf/Desktop/Projetos/vetsystem/backend/venv/lib/python3.12/site-packages/django/db/models/sql/query.py", line 1545, in add_q
    clause, _ = self._add_q(q_object, self.used_aliases)
                ^^^^^^^^^^^^^^^^^^^^^^^^^^^^^^^^^^^^^^^^
  File "/home/fabianosf/Desktop/Projetos/vetsystem/backend/venv/lib/python3.12/site-packages/django/db/models/sql/query.py", line 1576, in _add_q
    child_clause, needed_inner = self.build_filter(
                                 ^^^^^^^^^^^^^^^^^^
  File "/home/fabianosf/Desktop/Projetos/vetsystem/backend/venv/lib/python3.12/site-packages/django/db/models/sql/query.py", line 1426, in build_filter
    lookups, parts, reffed_expression = self.solve_lookup_type(arg, summarize)
                                        ^^^^^^^^^^^^^^^^^^^^^^^^^^^^^^^^^^^^^^
  File "/home/fabianosf/Desktop/Projetos/vetsystem/backend/venv/lib/python3.12/site-packages/django/db/models/sql/query.py", line 1236, in solve_lookup_type
    _, field, _, lookup_parts = self.names_to_path(lookup_splitted, self.get_meta())
                                ^^^^^^^^^^^^^^^^^^^^^^^^^^^^^^^^^^^^^^^^^^^^^^^^^^^^
  File "/home/fabianosf/Desktop/Projetos/vetsystem/backend/venv/lib/python3.12/site-packages/django/db/models/sql/query.py", line 1724, in names_to_path
    raise FieldError(
django.core.exceptions.FieldError: Cannot resolve keyword 'data_consulta' into field. Choices are: animal, animal_id, clinica, clinica_id, created_at, data, diagnostico, horario, id, motivo, notificacaoexterna, observacoes, prescricao, status, tipo, updated_at, valor, veterinario, veterinario_id
ERROR 2025-12-31 13:54:56,712 basehttp "GET /api/dashboard/stats/ HTTP/1.1" 500 159440
ERROR 2025-12-31 13:54:56,814 log Internal Server Error: /api/dashboard/consultas-timeline/
Traceback (most recent call last):
  File "/home/fabianosf/Desktop/Projetos/vetsystem/backend/venv/lib/python3.12/site-packages/django/core/handlers/exception.py", line 55, in inner
    response = get_response(request)
               ^^^^^^^^^^^^^^^^^^^^^
  File "/home/fabianosf/Desktop/Projetos/vetsystem/backend/venv/lib/python3.12/site-packages/django/core/handlers/base.py", line 197, in _get_response
    response = wrapped_callback(request, *callback_args, **callback_kwargs)
               ^^^^^^^^^^^^^^^^^^^^^^^^^^^^^^^^^^^^^^^^^^^^^^^^^^^^^^^^^^^^
  File "/home/fabianosf/Desktop/Projetos/vetsystem/backend/venv/lib/python3.12/site-packages/django/views/decorators/csrf.py", line 56, in wrapper_view
    return view_func(*args, **kwargs)
           ^^^^^^^^^^^^^^^^^^^^^^^^^^
  File "/home/fabianosf/Desktop/Projetos/vetsystem/backend/venv/lib/python3.12/site-packages/django/views/generic/base.py", line 104, in view
    return self.dispatch(request, *args, **kwargs)
           ^^^^^^^^^^^^^^^^^^^^^^^^^^^^^^^^^^^^^^^
  File "/home/fabianosf/Desktop/Projetos/vetsystem/backend/venv/lib/python3.12/site-packages/rest_framework/views.py", line 509, in dispatch
    response = self.handle_exception(exc)
               ^^^^^^^^^^^^^^^^^^^^^^^^^^
  File "/home/fabianosf/Desktop/Projetos/vetsystem/backend/venv/lib/python3.12/site-packages/rest_framework/views.py", line 469, in handle_exception
    self.raise_uncaught_exception(exc)
  File "/home/fabianosf/Desktop/Projetos/vetsystem/backend/venv/lib/python3.12/site-packages/rest_framework/views.py", line 480, in raise_uncaught_exception
    raise exc
  File "/home/fabianosf/Desktop/Projetos/vetsystem/backend/venv/lib/python3.12/site-packages/rest_framework/views.py", line 506, in dispatch
    response = handler(request, *args, **kwargs)
               ^^^^^^^^^^^^^^^^^^^^^^^^^^^^^^^^^
  File "/home/fabianosf/Desktop/Projetos/vetsystem/backend/venv/lib/python3.12/site-packages/rest_framework/decorators.py", line 50, in handler
    return func(*args, **kwargs)
           ^^^^^^^^^^^^^^^^^^^^^
  File "/home/fabianosf/Desktop/Projetos/vetsystem/backend/api/views/dashboard_views.py", line 87, in consultas_timeline
    consultas = Consulta.objects.filter(
                ^^^^^^^^^^^^^^^^^^^^^^^^
  File "/home/fabianosf/Desktop/Projetos/vetsystem/backend/venv/lib/python3.12/site-packages/django/db/models/manager.py", line 87, in manager_method
    return getattr(self.get_queryset(), name)(*args, **kwargs)
           ^^^^^^^^^^^^^^^^^^^^^^^^^^^^^^^^^^^^^^^^^^^^^^^^^^^
  File "/home/fabianosf/Desktop/Projetos/vetsystem/backend/venv/lib/python3.12/site-packages/django/db/models/query.py", line 1436, in filter
    return self._filter_or_exclude(False, args, kwargs)
           ^^^^^^^^^^^^^^^^^^^^^^^^^^^^^^^^^^^^^^^^^^^^
  File "/home/fabianosf/Desktop/Projetos/vetsystem/backend/venv/lib/python3.12/site-packages/django/db/models/query.py", line 1454, in _filter_or_exclude
    clone._filter_or_exclude_inplace(negate, args, kwargs)
  File "/home/fabianosf/Desktop/Projetos/vetsystem/backend/venv/lib/python3.12/site-packages/django/db/models/query.py", line 1461, in _filter_or_exclude_inplace
    self._query.add_q(Q(*args, **kwargs))
  File "/home/fabianosf/Desktop/Projetos/vetsystem/backend/venv/lib/python3.12/site-packages/django/db/models/sql/query.py", line 1545, in add_q
    clause, _ = self._add_q(q_object, self.used_aliases)
                ^^^^^^^^^^^^^^^^^^^^^^^^^^^^^^^^^^^^^^^^
  File "/home/fabianosf/Desktop/Projetos/vetsystem/backend/venv/lib/python3.12/site-packages/django/db/models/sql/query.py", line 1576, in _add_q
    child_clause, needed_inner = self.build_filter(
                                 ^^^^^^^^^^^^^^^^^^
  File "/home/fabianosf/Desktop/Projetos/vetsystem/backend/venv/lib/python3.12/site-packages/django/db/models/sql/query.py", line 1426, in build_filter
    lookups, parts, reffed_expression = self.solve_lookup_type(arg, summarize)
                                        ^^^^^^^^^^^^^^^^^^^^^^^^^^^^^^^^^^^^^^
  File "/home/fabianosf/Desktop/Projetos/vetsystem/backend/venv/lib/python3.12/site-packages/django/db/models/sql/query.py", line 1236, in solve_lookup_type
    _, field, _, lookup_parts = self.names_to_path(lookup_splitted, self.get_meta())
                                ^^^^^^^^^^^^^^^^^^^^^^^^^^^^^^^^^^^^^^^^^^^^^^^^^^^^
  File "/home/fabianosf/Desktop/Projetos/vetsystem/backend/venv/lib/python3.12/site-packages/django/db/models/sql/query.py", line 1724, in names_to_path
    raise FieldError(
django.core.exceptions.FieldError: Cannot resolve keyword 'data_consulta' into field. Choices are: animal, animal_id, clinica, clinica_id, created_at, data, diagnostico, horario, id, motivo, notificacaoexterna, observacoes, prescricao, status, tipo, updated_at, valor, veterinario, veterinario_id
ERROR 2025-12-31 13:54:56,834 basehttp "GET /api/dashboard/consultas-timeline/?dias=30 HTTP/1.1" 500 159211
ERROR 2025-12-31 13:54:56,924 log Internal Server Error: /api/dashboard/veterinarios/
Traceback (most recent call last):
  File "/home/fabianosf/Desktop/Projetos/vetsystem/backend/venv/lib/python3.12/site-packages/django/core/handlers/exception.py", line 55, in inner
    response = get_response(request)
               ^^^^^^^^^^^^^^^^^^^^^
  File "/home/fabianosf/Desktop/Projetos/vetsystem/backend/venv/lib/python3.12/site-packages/django/core/handlers/base.py", line 197, in _get_response
    response = wrapped_callback(request, *callback_args, **callback_kwargs)
               ^^^^^^^^^^^^^^^^^^^^^^^^^^^^^^^^^^^^^^^^^^^^^^^^^^^^^^^^^^^^
  File "/home/fabianosf/Desktop/Projetos/vetsystem/backend/venv/lib/python3.12/site-packages/django/views/decorators/csrf.py", line 56, in wrapper_view
    return view_func(*args, **kwargs)
           ^^^^^^^^^^^^^^^^^^^^^^^^^^
  File "/home/fabianosf/Desktop/Projetos/vetsystem/backend/venv/lib/python3.12/site-packages/django/views/generic/base.py", line 104, in view
    return self.dispatch(request, *args, **kwargs)
           ^^^^^^^^^^^^^^^^^^^^^^^^^^^^^^^^^^^^^^^
  File "/home/fabianosf/Desktop/Projetos/vetsystem/backend/venv/lib/python3.12/site-packages/rest_framework/views.py", line 509, in dispatch
    response = self.handle_exception(exc)
               ^^^^^^^^^^^^^^^^^^^^^^^^^^
  File "/home/fabianosf/Desktop/Projetos/vetsystem/backend/venv/lib/python3.12/site-packages/rest_framework/views.py", line 469, in handle_exception
    self.raise_uncaught_exception(exc)
  File "/home/fabianosf/Desktop/Projetos/vetsystem/backend/venv/lib/python3.12/site-packages/rest_framework/views.py", line 480, in raise_uncaught_exception
    raise exc
  File "/home/fabianosf/Desktop/Projetos/vetsystem/backend/venv/lib/python3.12/site-packages/rest_framework/views.py", line 506, in dispatch
    response = handler(request, *args, **kwargs)
               ^^^^^^^^^^^^^^^^^^^^^^^^^^^^^^^^^
  File "/home/fabianosf/Desktop/Projetos/vetsystem/backend/venv/lib/python3.12/site-packages/rest_framework/decorators.py", line 50, in handler
    return func(*args, **kwargs)
           ^^^^^^^^^^^^^^^^^^^^^
  File "/home/fabianosf/Desktop/Projetos/vetsystem/backend/api/views/dashboard_views.py", line 122, in veterinarios_performance
    performance = Veterinario.objects.annotate(
                  ^^^^^^^^^^^^^^^^^^^^^^^^^^^^^
  File "/home/fabianosf/Desktop/Projetos/vetsystem/backend/venv/lib/python3.12/site-packages/django/db/models/manager.py", line 87, in manager_method
    return getattr(self.get_queryset(), name)(*args, **kwargs)
           ^^^^^^^^^^^^^^^^^^^^^^^^^^^^^^^^^^^^^^^^^^^^^^^^^^^
  File "/home/fabianosf/Desktop/Projetos/vetsystem/backend/venv/lib/python3.12/site-packages/django/db/models/query.py", line 1590, in annotate
    return self._annotate(args, kwargs, select=True)
           ^^^^^^^^^^^^^^^^^^^^^^^^^^^^^^^^^^^^^^^^^
  File "/home/fabianosf/Desktop/Projetos/vetsystem/backend/venv/lib/python3.12/site-packages/django/db/models/query.py", line 1638, in _annotate
    clone.query.add_annotation(
  File "/home/fabianosf/Desktop/Projetos/vetsystem/backend/venv/lib/python3.12/site-packages/django/db/models/sql/query.py", line 1133, in add_annotation
    annotation = annotation.resolve_expression(self, allow_joins=True, reuse=None)
                 ^^^^^^^^^^^^^^^^^^^^^^^^^^^^^^^^^^^^^^^^^^^^^^^^^^^^^^^^^^^^^^^^^
  File "/home/fabianosf/Desktop/Projetos/vetsystem/backend/venv/lib/python3.12/site-packages/django/db/models/aggregates.py", line 64, in resolve_expression
    c = super().resolve_expression(query, allow_joins, reuse, summarize)
        ^^^^^^^^^^^^^^^^^^^^^^^^^^^^^^^^^^^^^^^^^^^^^^^^^^^^^^^^^^^^^^^^
  File "/home/fabianosf/Desktop/Projetos/vetsystem/backend/venv/lib/python3.12/site-packages/django/db/models/expressions.py", line 950, in resolve_expression
    c.source_expressions[pos] = arg.resolve_expression(
                                ^^^^^^^^^^^^^^^^^^^^^^^
  File "/home/fabianosf/Desktop/Projetos/vetsystem/backend/venv/lib/python3.12/site-packages/django/db/models/expressions.py", line 829, in resolve_expression
    return query.resolve_ref(self.name, allow_joins, reuse, summarize)
           ^^^^^^^^^^^^^^^^^^^^^^^^^^^^^^^^^^^^^^^^^^^^^^^^^^^^^^^^^^^
  File "/home/fabianosf/Desktop/Projetos/vetsystem/backend/venv/lib/python3.12/site-packages/django/db/models/sql/query.py", line 1976, in resolve_ref
    join_info = self.setup_joins(
                ^^^^^^^^^^^^^^^^^
  File "/home/fabianosf/Desktop/Projetos/vetsystem/backend/venv/lib/python3.12/site-packages/django/db/models/sql/query.py", line 1823, in setup_joins
    path, final_field, targets, rest = self.names_to_path(
                                       ^^^^^^^^^^^^^^^^^^^
  File "/home/fabianosf/Desktop/Projetos/vetsystem/backend/venv/lib/python3.12/site-packages/django/db/models/sql/query.py", line 1724, in names_to_path
    raise FieldError(
django.core.exceptions.FieldError: Cannot resolve keyword 'consulta' into field. Choices are: bio, consultas, created_at, crmv, diagnosticos_validados, email, exames_solicitados, id, name, phone, profile_image, specialties, status, updated_at, work_end_hour, work_start_hour
ERROR 2025-12-31 13:54:56,948 basehttp "GET /api/dashboard/veterinarios/ HTTP/1.1" 500 162249
ERROR 2025-12-31 13:54:57,343 log Internal Server Error: /api/dashboard/stats/
Traceback (most recent call last):
  File "/home/fabianosf/Desktop/Projetos/vetsystem/backend/venv/lib/python3.12/site-packages/django/core/handlers/exception.py", line 55, in inner
    response = get_response(request)
               ^^^^^^^^^^^^^^^^^^^^^
  File "/home/fabianosf/Desktop/Projetos/vetsystem/backend/venv/lib/python3.12/site-packages/django/core/handlers/base.py", line 197, in _get_response
    response = wrapped_callback(request, *callback_args, **callback_kwargs)
               ^^^^^^^^^^^^^^^^^^^^^^^^^^^^^^^^^^^^^^^^^^^^^^^^^^^^^^^^^^^^
  File "/home/fabianosf/Desktop/Projetos/vetsystem/backend/venv/lib/python3.12/site-packages/django/views/decorators/csrf.py", line 56, in wrapper_view
    return view_func(*args, **kwargs)
           ^^^^^^^^^^^^^^^^^^^^^^^^^^
  File "/home/fabianosf/Desktop/Projetos/vetsystem/backend/venv/lib/python3.12/site-packages/django/views/generic/base.py", line 104, in view
    return self.dispatch(request, *args, **kwargs)
           ^^^^^^^^^^^^^^^^^^^^^^^^^^^^^^^^^^^^^^^
  File "/home/fabianosf/Desktop/Projetos/vetsystem/backend/venv/lib/python3.12/site-packages/rest_framework/views.py", line 509, in dispatch
    response = self.handle_exception(exc)
               ^^^^^^^^^^^^^^^^^^^^^^^^^^
  File "/home/fabianosf/Desktop/Projetos/vetsystem/backend/venv/lib/python3.12/site-packages/rest_framework/views.py", line 469, in handle_exception
    self.raise_uncaught_exception(exc)
  File "/home/fabianosf/Desktop/Projetos/vetsystem/backend/venv/lib/python3.12/site-packages/rest_framework/views.py", line 480, in raise_uncaught_exception
    raise exc
  File "/home/fabianosf/Desktop/Projetos/vetsystem/backend/venv/lib/python3.12/site-packages/rest_framework/views.py", line 506, in dispatch
    response = handler(request, *args, **kwargs)
               ^^^^^^^^^^^^^^^^^^^^^^^^^^^^^^^^^
  File "/home/fabianosf/Desktop/Projetos/vetsystem/backend/venv/lib/python3.12/site-packages/rest_framework/decorators.py", line 50, in handler
    return func(*args, **kwargs)
           ^^^^^^^^^^^^^^^^^^^^^
  File "/home/fabianosf/Desktop/Projetos/vetsystem/backend/api/views/dashboard_views.py", line 29, in dashboard_stats
    consultas_mes = Consulta.objects.filter(data_consulta__gte=inicio_mes).count()
                    ^^^^^^^^^^^^^^^^^^^^^^^^^^^^^^^^^^^^^^^^^^^^^^^^^^^^^^
  File "/home/fabianosf/Desktop/Projetos/vetsystem/backend/venv/lib/python3.12/site-packages/django/db/models/manager.py", line 87, in manager_method
    return getattr(self.get_queryset(), name)(*args, **kwargs)
           ^^^^^^^^^^^^^^^^^^^^^^^^^^^^^^^^^^^^^^^^^^^^^^^^^^^
  File "/home/fabianosf/Desktop/Projetos/vetsystem/backend/venv/lib/python3.12/site-packages/django/db/models/query.py", line 1436, in filter
    return self._filter_or_exclude(False, args, kwargs)
           ^^^^^^^^^^^^^^^^^^^^^^^^^^^^^^^^^^^^^^^^^^^^
  File "/home/fabianosf/Desktop/Projetos/vetsystem/backend/venv/lib/python3.12/site-packages/django/db/models/query.py", line 1454, in _filter_or_exclude
    clone._filter_or_exclude_inplace(negate, args, kwargs)
  File "/home/fabianosf/Desktop/Projetos/vetsystem/backend/venv/lib/python3.12/site-packages/django/db/models/query.py", line 1461, in _filter_or_exclude_inplace
    self._query.add_q(Q(*args, **kwargs))
  File "/home/fabianosf/Desktop/Projetos/vetsystem/backend/venv/lib/python3.12/site-packages/django/db/models/sql/query.py", line 1545, in add_q
    clause, _ = self._add_q(q_object, self.used_aliases)
                ^^^^^^^^^^^^^^^^^^^^^^^^^^^^^^^^^^^^^^^^
  File "/home/fabianosf/Desktop/Projetos/vetsystem/backend/venv/lib/python3.12/site-packages/django/db/models/sql/query.py", line 1576, in _add_q
    child_clause, needed_inner = self.build_filter(
                                 ^^^^^^^^^^^^^^^^^^
  File "/home/fabianosf/Desktop/Projetos/vetsystem/backend/venv/lib/python3.12/site-packages/django/db/models/sql/query.py", line 1426, in build_filter
    lookups, parts, reffed_expression = self.solve_lookup_type(arg, summarize)
                                        ^^^^^^^^^^^^^^^^^^^^^^^^^^^^^^^^^^^^^^
  File "/home/fabianosf/Desktop/Projetos/vetsystem/backend/venv/lib/python3.12/site-packages/django/db/models/sql/query.py", line 1236, in solve_lookup_type
    _, field, _, lookup_parts = self.names_to_path(lookup_splitted, self.get_meta())
                                ^^^^^^^^^^^^^^^^^^^^^^^^^^^^^^^^^^^^^^^^^^^^^^^^^^^^
  File "/home/fabianosf/Desktop/Projetos/vetsystem/backend/venv/lib/python3.12/site-packages/django/db/models/sql/query.py", line 1724, in names_to_path
    raise FieldError(
django.core.exceptions.FieldError: Cannot resolve keyword 'data_consulta' into field. Choices are: animal, animal_id, clinica, clinica_id, created_at, data, diagnostico, horario, id, motivo, notificacaoexterna, observacoes, prescricao, status, tipo, updated_at, valor, veterinario, veterinario_id
ERROR 2025-12-31 13:54:57,365 basehttp "GET /api/dashboard/stats/ HTTP/1.1" 500 159440
ERROR 2025-12-31 13:54:57,374 log Internal Server Error: /api/dashboard/consultas-timeline/
Traceback (most recent call last):
  File "/home/fabianosf/Desktop/Projetos/vetsystem/backend/venv/lib/python3.12/site-packages/django/core/handlers/exception.py", line 55, in inner
    response = get_response(request)
               ^^^^^^^^^^^^^^^^^^^^^
  File "/home/fabianosf/Desktop/Projetos/vetsystem/backend/venv/lib/python3.12/site-packages/django/core/handlers/base.py", line 197, in _get_response
    response = wrapped_callback(request, *callback_args, **callback_kwargs)
               ^^^^^^^^^^^^^^^^^^^^^^^^^^^^^^^^^^^^^^^^^^^^^^^^^^^^^^^^^^^^
  File "/home/fabianosf/Desktop/Projetos/vetsystem/backend/venv/lib/python3.12/site-packages/django/views/decorators/csrf.py", line 56, in wrapper_view
    return view_func(*args, **kwargs)
           ^^^^^^^^^^^^^^^^^^^^^^^^^^
  File "/home/fabianosf/Desktop/Projetos/vetsystem/backend/venv/lib/python3.12/site-packages/django/views/generic/base.py", line 104, in view
    return self.dispatch(request, *args, **kwargs)
           ^^^^^^^^^^^^^^^^^^^^^^^^^^^^^^^^^^^^^^^
  File "/home/fabianosf/Desktop/Projetos/vetsystem/backend/venv/lib/python3.12/site-packages/rest_framework/views.py", line 509, in dispatch
    response = self.handle_exception(exc)
               ^^^^^^^^^^^^^^^^^^^^^^^^^^
  File "/home/fabianosf/Desktop/Projetos/vetsystem/backend/venv/lib/python3.12/site-packages/rest_framework/views.py", line 469, in handle_exception
    self.raise_uncaught_exception(exc)
  File "/home/fabianosf/Desktop/Projetos/vetsystem/backend/venv/lib/python3.12/site-packages/rest_framework/views.py", line 480, in raise_uncaught_exception
    raise exc
  File "/home/fabianosf/Desktop/Projetos/vetsystem/backend/venv/lib/python3.12/site-packages/rest_framework/views.py", line 506, in dispatch
    response = handler(request, *args, **kwargs)
               ^^^^^^^^^^^^^^^^^^^^^^^^^^^^^^^^^
  File "/home/fabianosf/Desktop/Projetos/vetsystem/backend/venv/lib/python3.12/site-packages/rest_framework/decorators.py", line 50, in handler
    return func(*args, **kwargs)
           ^^^^^^^^^^^^^^^^^^^^^
  File "/home/fabianosf/Desktop/Projetos/vetsystem/backend/api/views/dashboard_views.py", line 87, in consultas_timeline
    consultas = Consulta.objects.filter(
                ^^^^^^^^^^^^^^^^^^^^^^^^
  File "/home/fabianosf/Desktop/Projetos/vetsystem/backend/venv/lib/python3.12/site-packages/django/db/models/manager.py", line 87, in manager_method
    return getattr(self.get_queryset(), name)(*args, **kwargs)
           ^^^^^^^^^^^^^^^^^^^^^^^^^^^^^^^^^^^^^^^^^^^^^^^^^^^
  File "/home/fabianosf/Desktop/Projetos/vetsystem/backend/venv/lib/python3.12/site-packages/django/db/models/query.py", line 1436, in filter
    return self._filter_or_exclude(False, args, kwargs)
           ^^^^^^^^^^^^^^^^^^^^^^^^^^^^^^^^^^^^^^^^^^^^
  File "/home/fabianosf/Desktop/Projetos/vetsystem/backend/venv/lib/python3.12/site-packages/django/db/models/query.py", line 1454, in _filter_or_exclude
    clone._filter_or_exclude_inplace(negate, args, kwargs)
  File "/home/fabianosf/Desktop/Projetos/vetsystem/backend/venv/lib/python3.12/site-packages/django/db/models/query.py", line 1461, in _filter_or_exclude_inplace
    self._query.add_q(Q(*args, **kwargs))
  File "/home/fabianosf/Desktop/Projetos/vetsystem/backend/venv/lib/python3.12/site-packages/django/db/models/sql/query.py", line 1545, in add_q
    clause, _ = self._add_q(q_object, self.used_aliases)
                ^^^^^^^^^^^^^^^^^^^^^^^^^^^^^^^^^^^^^^^^
  File "/home/fabianosf/Desktop/Projetos/vetsystem/backend/venv/lib/python3.12/site-packages/django/db/models/sql/query.py", line 1576, in _add_q
    child_clause, needed_inner = self.build_filter(
                                 ^^^^^^^^^^^^^^^^^^
  File "/home/fabianosf/Desktop/Projetos/vetsystem/backend/venv/lib/python3.12/site-packages/django/db/models/sql/query.py", line 1426, in build_filter
    lookups, parts, reffed_expression = self.solve_lookup_type(arg, summarize)
                                        ^^^^^^^^^^^^^^^^^^^^^^^^^^^^^^^^^^^^^^
  File "/home/fabianosf/Desktop/Projetos/vetsystem/backend/venv/lib/python3.12/site-packages/django/db/models/sql/query.py", line 1236, in solve_lookup_type
    _, field, _, lookup_parts = self.names_to_path(lookup_splitted, self.get_meta())
                                ^^^^^^^^^^^^^^^^^^^^^^^^^^^^^^^^^^^^^^^^^^^^^^^^^^^^
  File "/home/fabianosf/Desktop/Projetos/vetsystem/backend/venv/lib/python3.12/site-packages/django/db/models/sql/query.py", line 1724, in names_to_path
    raise FieldError(
django.core.exceptions.FieldError: Cannot resolve keyword 'data_consulta' into field. Choices are: animal, animal_id, clinica, clinica_id, created_at, data, diagnostico, horario, id, motivo, notificacaoexterna, observacoes, prescricao, status, tipo, updated_at, valor, veterinario, veterinario_id
ERROR 2025-12-31 13:54:57,381 basehttp "GET /api/dashboard/consultas-timeline/?dias=30 HTTP/1.1" 500 159211
INFO 2025-12-31 13:55:03,945 basehttp "GET /api/consultas/ HTTP/1.1" 200 4704
INFO 2025-12-31 13:55:03,964 basehttp "GET /api/clinicas/ HTTP/1.1" 200 664
INFO 2025-12-31 13:55:03,989 basehttp "GET /api/veterinarios/ HTTP/1.1" 200 434
INFO 2025-12-31 13:55:03,990 basehttp "GET /api/animais/ HTTP/1.1" 200 2290
INFO 2025-12-31 13:55:04,059 basehttp "GET /api/clinicas/ HTTP/1.1" 200 664
INFO 2025-12-31 13:55:04,062 basehttp "GET /api/consultas/ HTTP/1.1" 200 4704
INFO 2025-12-31 13:55:04,091 basehttp "GET /api/veterinarios/ HTTP/1.1" 200 434
INFO 2025-12-31 13:55:04,093 basehttp "GET /api/animais/ HTTP/1.1" 200 2290
INFO 2025-12-31 13:55:05,127 basehttp "GET /api/dashboard/consultas-status/ HTTP/1.1" 200 100
INFO 2025-12-31 13:55:05,215 basehttp "GET /api/dashboard/consultas-status/ HTTP/1.1" 200 100
INFO 2025-12-31 13:55:05,242 basehttp "GET /api/dashboard/racas/ HTTP/1.1" 200 210
INFO 2025-12-31 13:55:05,287 basehttp "GET /api/dashboard/racas/ HTTP/1.1" 200 210
ERROR 2025-12-31 13:55:05,423 log Internal Server Error: /api/dashboard/veterinarios/
Traceback (most recent call last):
  File "/home/fabianosf/Desktop/Projetos/vetsystem/backend/venv/lib/python3.12/site-packages/django/core/handlers/exception.py", line 55, in inner
    response = get_response(request)
               ^^^^^^^^^^^^^^^^^^^^^
  File "/home/fabianosf/Desktop/Projetos/vetsystem/backend/venv/lib/python3.12/site-packages/django/core/handlers/base.py", line 197, in _get_response
    response = wrapped_callback(request, *callback_args, **callback_kwargs)
               ^^^^^^^^^^^^^^^^^^^^^^^^^^^^^^^^^^^^^^^^^^^^^^^^^^^^^^^^^^^^
  File "/home/fabianosf/Desktop/Projetos/vetsystem/backend/venv/lib/python3.12/site-packages/django/views/decorators/csrf.py", line 56, in wrapper_view
    return view_func(*args, **kwargs)
           ^^^^^^^^^^^^^^^^^^^^^^^^^^
  File "/home/fabianosf/Desktop/Projetos/vetsystem/backend/venv/lib/python3.12/site-packages/django/views/generic/base.py", line 104, in view
    return self.dispatch(request, *args, **kwargs)
           ^^^^^^^^^^^^^^^^^^^^^^^^^^^^^^^^^^^^^^^
  File "/home/fabianosf/Desktop/Projetos/vetsystem/backend/venv/lib/python3.12/site-packages/rest_framework/views.py", line 509, in dispatch
    response = self.handle_exception(exc)
               ^^^^^^^^^^^^^^^^^^^^^^^^^^
  File "/home/fabianosf/Desktop/Projetos/vetsystem/backend/venv/lib/python3.12/site-packages/rest_framework/views.py", line 469, in handle_exception
    self.raise_uncaught_exception(exc)
  File "/home/fabianosf/Desktop/Projetos/vetsystem/backend/venv/lib/python3.12/site-packages/rest_framework/views.py", line 480, in raise_uncaught_exception
    raise exc
  File "/home/fabianosf/Desktop/Projetos/vetsystem/backend/venv/lib/python3.12/site-packages/rest_framework/views.py", line 506, in dispatch
    response = handler(request, *args, **kwargs)
               ^^^^^^^^^^^^^^^^^^^^^^^^^^^^^^^^^
  File "/home/fabianosf/Desktop/Projetos/vetsystem/backend/venv/lib/python3.12/site-packages/rest_framework/decorators.py", line 50, in handler
    return func(*args, **kwargs)
           ^^^^^^^^^^^^^^^^^^^^^
  File "/home/fabianosf/Desktop/Projetos/vetsystem/backend/api/views/dashboard_views.py", line 122, in veterinarios_performance
    performance = Veterinario.objects.annotate(
                  ^^^^^^^^^^^^^^^^^^^^^^^^^^^^^
  File "/home/fabianosf/Desktop/Projetos/vetsystem/backend/venv/lib/python3.12/site-packages/django/db/models/manager.py", line 87, in manager_method
    return getattr(self.get_queryset(), name)(*args, **kwargs)
           ^^^^^^^^^^^^^^^^^^^^^^^^^^^^^^^^^^^^^^^^^^^^^^^^^^^
  File "/home/fabianosf/Desktop/Projetos/vetsystem/backend/venv/lib/python3.12/site-packages/django/db/models/query.py", line 1590, in annotate
    return self._annotate(args, kwargs, select=True)
           ^^^^^^^^^^^^^^^^^^^^^^^^^^^^^^^^^^^^^^^^^
  File "/home/fabianosf/Desktop/Projetos/vetsystem/backend/venv/lib/python3.12/site-packages/django/db/models/query.py", line 1638, in _annotate
    clone.query.add_annotation(
  File "/home/fabianosf/Desktop/Projetos/vetsystem/backend/venv/lib/python3.12/site-packages/django/db/models/sql/query.py", line 1133, in add_annotation
    annotation = annotation.resolve_expression(self, allow_joins=True, reuse=None)
                 ^^^^^^^^^^^^^^^^^^^^^^^^^^^^^^^^^^^^^^^^^^^^^^^^^^^^^^^^^^^^^^^^^
  File "/home/fabianosf/Desktop/Projetos/vetsystem/backend/venv/lib/python3.12/site-packages/django/db/models/aggregates.py", line 64, in resolve_expression
    c = super().resolve_expression(query, allow_joins, reuse, summarize)
        ^^^^^^^^^^^^^^^^^^^^^^^^^^^^^^^^^^^^^^^^^^^^^^^^^^^^^^^^^^^^^^^^
  File "/home/fabianosf/Desktop/Projetos/vetsystem/backend/venv/lib/python3.12/site-packages/django/db/models/expressions.py", line 950, in resolve_expression
    c.source_expressions[pos] = arg.resolve_expression(
                                ^^^^^^^^^^^^^^^^^^^^^^^
  File "/home/fabianosf/Desktop/Projetos/vetsystem/backend/venv/lib/python3.12/site-packages/django/db/models/expressions.py", line 829, in resolve_expression
    return query.resolve_ref(self.name, allow_joins, reuse, summarize)
           ^^^^^^^^^^^^^^^^^^^^^^^^^^^^^^^^^^^^^^^^^^^^^^^^^^^^^^^^^^^
  File "/home/fabianosf/Desktop/Projetos/vetsystem/backend/venv/lib/python3.12/site-packages/django/db/models/sql/query.py", line 1976, in resolve_ref
    join_info = self.setup_joins(
                ^^^^^^^^^^^^^^^^^
  File "/home/fabianosf/Desktop/Projetos/vetsystem/backend/venv/lib/python3.12/site-packages/django/db/models/sql/query.py", line 1823, in setup_joins
    path, final_field, targets, rest = self.names_to_path(
                                       ^^^^^^^^^^^^^^^^^^^
  File "/home/fabianosf/Desktop/Projetos/vetsystem/backend/venv/lib/python3.12/site-packages/django/db/models/sql/query.py", line 1724, in names_to_path
    raise FieldError(
django.core.exceptions.FieldError: Cannot resolve keyword 'consulta' into field. Choices are: bio, consultas, created_at, crmv, diagnosticos_validados, email, exames_solicitados, id, name, phone, profile_image, specialties, status, updated_at, work_end_hour, work_start_hour
ERROR 2025-12-31 13:55:05,432 basehttp "GET /api/dashboard/veterinarios/ HTTP/1.1" 500 162249
ERROR 2025-12-31 13:55:05,634 log Internal Server Error: /api/dashboard/stats/
Traceback (most recent call last):
  File "/home/fabianosf/Desktop/Projetos/vetsystem/backend/venv/lib/python3.12/site-packages/django/core/handlers/exception.py", line 55, in inner
    response = get_response(request)
               ^^^^^^^^^^^^^^^^^^^^^
  File "/home/fabianosf/Desktop/Projetos/vetsystem/backend/venv/lib/python3.12/site-packages/django/core/handlers/base.py", line 197, in _get_response
    response = wrapped_callback(request, *callback_args, **callback_kwargs)
               ^^^^^^^^^^^^^^^^^^^^^^^^^^^^^^^^^^^^^^^^^^^^^^^^^^^^^^^^^^^^
  File "/home/fabianosf/Desktop/Projetos/vetsystem/backend/venv/lib/python3.12/site-packages/django/views/decorators/csrf.py", line 56, in wrapper_view
    return view_func(*args, **kwargs)
           ^^^^^^^^^^^^^^^^^^^^^^^^^^
  File "/home/fabianosf/Desktop/Projetos/vetsystem/backend/venv/lib/python3.12/site-packages/django/views/generic/base.py", line 104, in view
    return self.dispatch(request, *args, **kwargs)
           ^^^^^^^^^^^^^^^^^^^^^^^^^^^^^^^^^^^^^^^
  File "/home/fabianosf/Desktop/Projetos/vetsystem/backend/venv/lib/python3.12/site-packages/rest_framework/views.py", line 509, in dispatch
    response = self.handle_exception(exc)
               ^^^^^^^^^^^^^^^^^^^^^^^^^^
  File "/home/fabianosf/Desktop/Projetos/vetsystem/backend/venv/lib/python3.12/site-packages/rest_framework/views.py", line 469, in handle_exception
    self.raise_uncaught_exception(exc)
  File "/home/fabianosf/Desktop/Projetos/vetsystem/backend/venv/lib/python3.12/site-packages/rest_framework/views.py", line 480, in raise_uncaught_exception
    raise exc
  File "/home/fabianosf/Desktop/Projetos/vetsystem/backend/venv/lib/python3.12/site-packages/rest_framework/views.py", line 506, in dispatch
    response = handler(request, *args, **kwargs)
               ^^^^^^^^^^^^^^^^^^^^^^^^^^^^^^^^^
  File "/home/fabianosf/Desktop/Projetos/vetsystem/backend/venv/lib/python3.12/site-packages/rest_framework/decorators.py", line 50, in handler
    return func(*args, **kwargs)
           ^^^^^^^^^^^^^^^^^^^^^
  File "/home/fabianosf/Desktop/Projetos/vetsystem/backend/api/views/dashboard_views.py", line 29, in dashboard_stats
    consultas_mes = Consulta.objects.filter(data_consulta__gte=inicio_mes).count()
                    ^^^^^^^^^^^^^^^^^^^^^^^^^^^^^^^^^^^^^^^^^^^^^^^^^^^^^^
  File "/home/fabianosf/Desktop/Projetos/vetsystem/backend/venv/lib/python3.12/site-packages/django/db/models/manager.py", line 87, in manager_method
    return getattr(self.get_queryset(), name)(*args, **kwargs)
           ^^^^^^^^^^^^^^^^^^^^^^^^^^^^^^^^^^^^^^^^^^^^^^^^^^^
  File "/home/fabianosf/Desktop/Projetos/vetsystem/backend/venv/lib/python3.12/site-packages/django/db/models/query.py", line 1436, in filter
    return self._filter_or_exclude(False, args, kwargs)
           ^^^^^^^^^^^^^^^^^^^^^^^^^^^^^^^^^^^^^^^^^^^^
  File "/home/fabianosf/Desktop/Projetos/vetsystem/backend/venv/lib/python3.12/site-packages/django/db/models/query.py", line 1454, in _filter_or_exclude
    clone._filter_or_exclude_inplace(negate, args, kwargs)
  File "/home/fabianosf/Desktop/Projetos/vetsystem/backend/venv/lib/python3.12/site-packages/django/db/models/query.py", line 1461, in _filter_or_exclude_inplace
    self._query.add_q(Q(*args, **kwargs))
  File "/home/fabianosf/Desktop/Projetos/vetsystem/backend/venv/lib/python3.12/site-packages/django/db/models/sql/query.py", line 1545, in add_q
    clause, _ = self._add_q(q_object, self.used_aliases)
                ^^^^^^^^^^^^^^^^^^^^^^^^^^^^^^^^^^^^^^^^
  File "/home/fabianosf/Desktop/Projetos/vetsystem/backend/venv/lib/python3.12/site-packages/django/db/models/sql/query.py", line 1576, in _add_q
    child_clause, needed_inner = self.build_filter(
                                 ^^^^^^^^^^^^^^^^^^
  File "/home/fabianosf/Desktop/Projetos/vetsystem/backend/venv/lib/python3.12/site-packages/django/db/models/sql/query.py", line 1426, in build_filter
    lookups, parts, reffed_expression = self.solve_lookup_type(arg, summarize)
                                        ^^^^^^^^^^^^^^^^^^^^^^^^^^^^^^^^^^^^^^
  File "/home/fabianosf/Desktop/Projetos/vetsystem/backend/venv/lib/python3.12/site-packages/django/db/models/sql/query.py", line 1236, in solve_lookup_type
    _, field, _, lookup_parts = self.names_to_path(lookup_splitted, self.get_meta())
                                ^^^^^^^^^^^^^^^^^^^^^^^^^^^^^^^^^^^^^^^^^^^^^^^^^^^^
  File "/home/fabianosf/Desktop/Projetos/vetsystem/backend/venv/lib/python3.12/site-packages/django/db/models/sql/query.py", line 1724, in names_to_path
    raise FieldError(
django.core.exceptions.FieldError: Cannot resolve keyword 'data_consulta' into field. Choices are: animal, animal_id, clinica, clinica_id, created_at, data, diagnostico, horario, id, motivo, notificacaoexterna, observacoes, prescricao, status, tipo, updated_at, valor, veterinario, veterinario_id
ERROR 2025-12-31 13:55:05,687 basehttp "GET /api/dashboard/stats/ HTTP/1.1" 500 159440
ERROR 2025-12-31 13:55:05,814 log Internal Server Error: /api/dashboard/consultas-timeline/
Traceback (most recent call last):
  File "/home/fabianosf/Desktop/Projetos/vetsystem/backend/venv/lib/python3.12/site-packages/django/core/handlers/exception.py", line 55, in inner
    response = get_response(request)
               ^^^^^^^^^^^^^^^^^^^^^
  File "/home/fabianosf/Desktop/Projetos/vetsystem/backend/venv/lib/python3.12/site-packages/django/core/handlers/base.py", line 197, in _get_response
    response = wrapped_callback(request, *callback_args, **callback_kwargs)
               ^^^^^^^^^^^^^^^^^^^^^^^^^^^^^^^^^^^^^^^^^^^^^^^^^^^^^^^^^^^^
  File "/home/fabianosf/Desktop/Projetos/vetsystem/backend/venv/lib/python3.12/site-packages/django/views/decorators/csrf.py", line 56, in wrapper_view
    return view_func(*args, **kwargs)
           ^^^^^^^^^^^^^^^^^^^^^^^^^^
  File "/home/fabianosf/Desktop/Projetos/vetsystem/backend/venv/lib/python3.12/site-packages/django/views/generic/base.py", line 104, in view
    return self.dispatch(request, *args, **kwargs)
           ^^^^^^^^^^^^^^^^^^^^^^^^^^^^^^^^^^^^^^^
  File "/home/fabianosf/Desktop/Projetos/vetsystem/backend/venv/lib/python3.12/site-packages/rest_framework/views.py", line 509, in dispatch
    response = self.handle_exception(exc)
               ^^^^^^^^^^^^^^^^^^^^^^^^^^
  File "/home/fabianosf/Desktop/Projetos/vetsystem/backend/venv/lib/python3.12/site-packages/rest_framework/views.py", line 469, in handle_exception
    self.raise_uncaught_exception(exc)
  File "/home/fabianosf/Desktop/Projetos/vetsystem/backend/venv/lib/python3.12/site-packages/rest_framework/views.py", line 480, in raise_uncaught_exception
    raise exc
  File "/home/fabianosf/Desktop/Projetos/vetsystem/backend/venv/lib/python3.12/site-packages/rest_framework/views.py", line 506, in dispatch
    response = handler(request, *args, **kwargs)
               ^^^^^^^^^^^^^^^^^^^^^^^^^^^^^^^^^
  File "/home/fabianosf/Desktop/Projetos/vetsystem/backend/venv/lib/python3.12/site-packages/rest_framework/decorators.py", line 50, in handler
    return func(*args, **kwargs)
           ^^^^^^^^^^^^^^^^^^^^^
  File "/home/fabianosf/Desktop/Projetos/vetsystem/backend/api/views/dashboard_views.py", line 87, in consultas_timeline
    consultas = Consulta.objects.filter(
                ^^^^^^^^^^^^^^^^^^^^^^^^
  File "/home/fabianosf/Desktop/Projetos/vetsystem/backend/venv/lib/python3.12/site-packages/django/db/models/manager.py", line 87, in manager_method
    return getattr(self.get_queryset(), name)(*args, **kwargs)
           ^^^^^^^^^^^^^^^^^^^^^^^^^^^^^^^^^^^^^^^^^^^^^^^^^^^
  File "/home/fabianosf/Desktop/Projetos/vetsystem/backend/venv/lib/python3.12/site-packages/django/db/models/query.py", line 1436, in filter
    return self._filter_or_exclude(False, args, kwargs)
           ^^^^^^^^^^^^^^^^^^^^^^^^^^^^^^^^^^^^^^^^^^^^
  File "/home/fabianosf/Desktop/Projetos/vetsystem/backend/venv/lib/python3.12/site-packages/django/db/models/query.py", line 1454, in _filter_or_exclude
    clone._filter_or_exclude_inplace(negate, args, kwargs)
  File "/home/fabianosf/Desktop/Projetos/vetsystem/backend/venv/lib/python3.12/site-packages/django/db/models/query.py", line 1461, in _filter_or_exclude_inplace
    self._query.add_q(Q(*args, **kwargs))
  File "/home/fabianosf/Desktop/Projetos/vetsystem/backend/venv/lib/python3.12/site-packages/django/db/models/sql/query.py", line 1545, in add_q
    clause, _ = self._add_q(q_object, self.used_aliases)
                ^^^^^^^^^^^^^^^^^^^^^^^^^^^^^^^^^^^^^^^^
  File "/home/fabianosf/Desktop/Projetos/vetsystem/backend/venv/lib/python3.12/site-packages/django/db/models/sql/query.py", line 1576, in _add_q
    child_clause, needed_inner = self.build_filter(
                                 ^^^^^^^^^^^^^^^^^^
  File "/home/fabianosf/Desktop/Projetos/vetsystem/backend/venv/lib/python3.12/site-packages/django/db/models/sql/query.py", line 1426, in build_filter
    lookups, parts, reffed_expression = self.solve_lookup_type(arg, summarize)
                                        ^^^^^^^^^^^^^^^^^^^^^^^^^^^^^^^^^^^^^^
  File "/home/fabianosf/Desktop/Projetos/vetsystem/backend/venv/lib/python3.12/site-packages/django/db/models/sql/query.py", line 1236, in solve_lookup_type
    _, field, _, lookup_parts = self.names_to_path(lookup_splitted, self.get_meta())
                                ^^^^^^^^^^^^^^^^^^^^^^^^^^^^^^^^^^^^^^^^^^^^^^^^^^^^
  File "/home/fabianosf/Desktop/Projetos/vetsystem/backend/venv/lib/python3.12/site-packages/django/db/models/sql/query.py", line 1724, in names_to_path
    raise FieldError(
django.core.exceptions.FieldError: Cannot resolve keyword 'data_consulta' into field. Choices are: animal, animal_id, clinica, clinica_id, created_at, data, diagnostico, horario, id, motivo, notificacaoexterna, observacoes, prescricao, status, tipo, updated_at, valor, veterinario, veterinario_id
ERROR 2025-12-31 13:55:05,853 log Internal Server Error: /api/dashboard/veterinarios/
Traceback (most recent call last):
  File "/home/fabianosf/Desktop/Projetos/vetsystem/backend/venv/lib/python3.12/site-packages/django/core/handlers/exception.py", line 55, in inner
    response = get_response(request)
               ^^^^^^^^^^^^^^^^^^^^^
  File "/home/fabianosf/Desktop/Projetos/vetsystem/backend/venv/lib/python3.12/site-packages/django/core/handlers/base.py", line 197, in _get_response
    response = wrapped_callback(request, *callback_args, **callback_kwargs)
               ^^^^^^^^^^^^^^^^^^^^^^^^^^^^^^^^^^^^^^^^^^^^^^^^^^^^^^^^^^^^
  File "/home/fabianosf/Desktop/Projetos/vetsystem/backend/venv/lib/python3.12/site-packages/django/views/decorators/csrf.py", line 56, in wrapper_view
    return view_func(*args, **kwargs)
           ^^^^^^^^^^^^^^^^^^^^^^^^^^
  File "/home/fabianosf/Desktop/Projetos/vetsystem/backend/venv/lib/python3.12/site-packages/django/views/generic/base.py", line 104, in view
    return self.dispatch(request, *args, **kwargs)
           ^^^^^^^^^^^^^^^^^^^^^^^^^^^^^^^^^^^^^^^
  File "/home/fabianosf/Desktop/Projetos/vetsystem/backend/venv/lib/python3.12/site-packages/rest_framework/views.py", line 509, in dispatch
    response = self.handle_exception(exc)
               ^^^^^^^^^^^^^^^^^^^^^^^^^^
  File "/home/fabianosf/Desktop/Projetos/vetsystem/backend/venv/lib/python3.12/site-packages/rest_framework/views.py", line 469, in handle_exception
    self.raise_uncaught_exception(exc)
  File "/home/fabianosf/Desktop/Projetos/vetsystem/backend/venv/lib/python3.12/site-packages/rest_framework/views.py", line 480, in raise_uncaught_exception
    raise exc
  File "/home/fabianosf/Desktop/Projetos/vetsystem/backend/venv/lib/python3.12/site-packages/rest_framework/views.py", line 506, in dispatch
    response = handler(request, *args, **kwargs)
               ^^^^^^^^^^^^^^^^^^^^^^^^^^^^^^^^^
  File "/home/fabianosf/Desktop/Projetos/vetsystem/backend/venv/lib/python3.12/site-packages/rest_framework/decorators.py", line 50, in handler
    return func(*args, **kwargs)
           ^^^^^^^^^^^^^^^^^^^^^
  File "/home/fabianosf/Desktop/Projetos/vetsystem/backend/api/views/dashboard_views.py", line 122, in veterinarios_performance
    performance = Veterinario.objects.annotate(
                  ^^^^^^^^^^^^^^^^^^^^^^^^^^^^^
  File "/home/fabianosf/Desktop/Projetos/vetsystem/backend/venv/lib/python3.12/site-packages/django/db/models/manager.py", line 87, in manager_method
    return getattr(self.get_queryset(), name)(*args, **kwargs)
           ^^^^^^^^^^^^^^^^^^^^^^^^^^^^^^^^^^^^^^^^^^^^^^^^^^^
  File "/home/fabianosf/Desktop/Projetos/vetsystem/backend/venv/lib/python3.12/site-packages/django/db/models/query.py", line 1590, in annotate
    return self._annotate(args, kwargs, select=True)
           ^^^^^^^^^^^^^^^^^^^^^^^^^^^^^^^^^^^^^^^^^
  File "/home/fabianosf/Desktop/Projetos/vetsystem/backend/venv/lib/python3.12/site-packages/django/db/models/query.py", line 1638, in _annotate
    clone.query.add_annotation(
  File "/home/fabianosf/Desktop/Projetos/vetsystem/backend/venv/lib/python3.12/site-packages/django/db/models/sql/query.py", line 1133, in add_annotation
    annotation = annotation.resolve_expression(self, allow_joins=True, reuse=None)
                 ^^^^^^^^^^^^^^^^^^^^^^^^^^^^^^^^^^^^^^^^^^^^^^^^^^^^^^^^^^^^^^^^^
  File "/home/fabianosf/Desktop/Projetos/vetsystem/backend/venv/lib/python3.12/site-packages/django/db/models/aggregates.py", line 64, in resolve_expression
    c = super().resolve_expression(query, allow_joins, reuse, summarize)
        ^^^^^^^^^^^^^^^^^^^^^^^^^^^^^^^^^^^^^^^^^^^^^^^^^^^^^^^^^^^^^^^^
  File "/home/fabianosf/Desktop/Projetos/vetsystem/backend/venv/lib/python3.12/site-packages/django/db/models/expressions.py", line 950, in resolve_expression
    c.source_expressions[pos] = arg.resolve_expression(
                                ^^^^^^^^^^^^^^^^^^^^^^^
  File "/home/fabianosf/Desktop/Projetos/vetsystem/backend/venv/lib/python3.12/site-packages/django/db/models/expressions.py", line 829, in resolve_expression
    return query.resolve_ref(self.name, allow_joins, reuse, summarize)
           ^^^^^^^^^^^^^^^^^^^^^^^^^^^^^^^^^^^^^^^^^^^^^^^^^^^^^^^^^^^
  File "/home/fabianosf/Desktop/Projetos/vetsystem/backend/venv/lib/python3.12/site-packages/django/db/models/sql/query.py", line 1976, in resolve_ref
    join_info = self.setup_joins(
                ^^^^^^^^^^^^^^^^^
  File "/home/fabianosf/Desktop/Projetos/vetsystem/backend/venv/lib/python3.12/site-packages/django/db/models/sql/query.py", line 1823, in setup_joins
    path, final_field, targets, rest = self.names_to_path(
                                       ^^^^^^^^^^^^^^^^^^^
  File "/home/fabianosf/Desktop/Projetos/vetsystem/backend/venv/lib/python3.12/site-packages/django/db/models/sql/query.py", line 1724, in names_to_path
    raise FieldError(
django.core.exceptions.FieldError: Cannot resolve keyword 'consulta' into field. Choices are: bio, consultas, created_at, crmv, diagnosticos_validados, email, exames_solicitados, id, name, phone, profile_image, specialties, status, updated_at, work_end_hour, work_start_hour
ERROR 2025-12-31 13:55:05,856 basehttp "GET /api/dashboard/consultas-timeline/?dias=30 HTTP/1.1" 500 159211
ERROR 2025-12-31 13:55:05,876 basehttp "GET /api/dashboard/veterinarios/ HTTP/1.1" 500 162249
ERROR 2025-12-31 13:55:06,301 log Internal Server Error: /api/dashboard/stats/
Traceback (most recent call last):
  File "/home/fabianosf/Desktop/Projetos/vetsystem/backend/venv/lib/python3.12/site-packages/django/core/handlers/exception.py", line 55, in inner
    response = get_response(request)
               ^^^^^^^^^^^^^^^^^^^^^
  File "/home/fabianosf/Desktop/Projetos/vetsystem/backend/venv/lib/python3.12/site-packages/django/core/handlers/base.py", line 197, in _get_response
    response = wrapped_callback(request, *callback_args, **callback_kwargs)
               ^^^^^^^^^^^^^^^^^^^^^^^^^^^^^^^^^^^^^^^^^^^^^^^^^^^^^^^^^^^^
  File "/home/fabianosf/Desktop/Projetos/vetsystem/backend/venv/lib/python3.12/site-packages/django/views/decorators/csrf.py", line 56, in wrapper_view
    return view_func(*args, **kwargs)
           ^^^^^^^^^^^^^^^^^^^^^^^^^^
  File "/home/fabianosf/Desktop/Projetos/vetsystem/backend/venv/lib/python3.12/site-packages/django/views/generic/base.py", line 104, in view
    return self.dispatch(request, *args, **kwargs)
           ^^^^^^^^^^^^^^^^^^^^^^^^^^^^^^^^^^^^^^^
  File "/home/fabianosf/Desktop/Projetos/vetsystem/backend/venv/lib/python3.12/site-packages/rest_framework/views.py", line 509, in dispatch
    response = self.handle_exception(exc)
               ^^^^^^^^^^^^^^^^^^^^^^^^^^
  File "/home/fabianosf/Desktop/Projetos/vetsystem/backend/venv/lib/python3.12/site-packages/rest_framework/views.py", line 469, in handle_exception
    self.raise_uncaught_exception(exc)
  File "/home/fabianosf/Desktop/Projetos/vetsystem/backend/venv/lib/python3.12/site-packages/rest_framework/views.py", line 480, in raise_uncaught_exception
    raise exc
  File "/home/fabianosf/Desktop/Projetos/vetsystem/backend/venv/lib/python3.12/site-packages/rest_framework/views.py", line 506, in dispatch
    response = handler(request, *args, **kwargs)
               ^^^^^^^^^^^^^^^^^^^^^^^^^^^^^^^^^
  File "/home/fabianosf/Desktop/Projetos/vetsystem/backend/venv/lib/python3.12/site-packages/rest_framework/decorators.py", line 50, in handler
    return func(*args, **kwargs)
           ^^^^^^^^^^^^^^^^^^^^^
  File "/home/fabianosf/Desktop/Projetos/vetsystem/backend/api/views/dashboard_views.py", line 29, in dashboard_stats
    consultas_mes = Consulta.objects.filter(data_consulta__gte=inicio_mes).count()
                    ^^^^^^^^^^^^^^^^^^^^^^^^^^^^^^^^^^^^^^^^^^^^^^^^^^^^^^
  File "/home/fabianosf/Desktop/Projetos/vetsystem/backend/venv/lib/python3.12/site-packages/django/db/models/manager.py", line 87, in manager_method
    return getattr(self.get_queryset(), name)(*args, **kwargs)
           ^^^^^^^^^^^^^^^^^^^^^^^^^^^^^^^^^^^^^^^^^^^^^^^^^^^
  File "/home/fabianosf/Desktop/Projetos/vetsystem/backend/venv/lib/python3.12/site-packages/django/db/models/query.py", line 1436, in filter
    return self._filter_or_exclude(False, args, kwargs)
           ^^^^^^^^^^^^^^^^^^^^^^^^^^^^^^^^^^^^^^^^^^^^
  File "/home/fabianosf/Desktop/Projetos/vetsystem/backend/venv/lib/python3.12/site-packages/django/db/models/query.py", line 1454, in _filter_or_exclude
    clone._filter_or_exclude_inplace(negate, args, kwargs)
  File "/home/fabianosf/Desktop/Projetos/vetsystem/backend/venv/lib/python3.12/site-packages/django/db/models/query.py", line 1461, in _filter_or_exclude_inplace
    self._query.add_q(Q(*args, **kwargs))
  File "/home/fabianosf/Desktop/Projetos/vetsystem/backend/venv/lib/python3.12/site-packages/django/db/models/sql/query.py", line 1545, in add_q
    clause, _ = self._add_q(q_object, self.used_aliases)
                ^^^^^^^^^^^^^^^^^^^^^^^^^^^^^^^^^^^^^^^^
  File "/home/fabianosf/Desktop/Projetos/vetsystem/backend/venv/lib/python3.12/site-packages/django/db/models/sql/query.py", line 1576, in _add_q
    child_clause, needed_inner = self.build_filter(
                                 ^^^^^^^^^^^^^^^^^^
  File "/home/fabianosf/Desktop/Projetos/vetsystem/backend/venv/lib/python3.12/site-packages/django/db/models/sql/query.py", line 1426, in build_filter
    lookups, parts, reffed_expression = self.solve_lookup_type(arg, summarize)
                                        ^^^^^^^^^^^^^^^^^^^^^^^^^^^^^^^^^^^^^^
  File "/home/fabianosf/Desktop/Projetos/vetsystem/backend/venv/lib/python3.12/site-packages/django/db/models/sql/query.py", line 1236, in solve_lookup_type
    _, field, _, lookup_parts = self.names_to_path(lookup_splitted, self.get_meta())
                                ^^^^^^^^^^^^^^^^^^^^^^^^^^^^^^^^^^^^^^^^^^^^^^^^^^^^
  File "/home/fabianosf/Desktop/Projetos/vetsystem/backend/venv/lib/python3.12/site-packages/django/db/models/sql/query.py", line 1724, in names_to_path
    raise FieldError(
django.core.exceptions.FieldError: Cannot resolve keyword 'data_consulta' into field. Choices are: animal, animal_id, clinica, clinica_id, created_at, data, diagnostico, horario, id, motivo, notificacaoexterna, observacoes, prescricao, status, tipo, updated_at, valor, veterinario, veterinario_id
ERROR 2025-12-31 13:55:06,353 basehttp "GET /api/dashboard/stats/ HTTP/1.1" 500 159440
ERROR 2025-12-31 13:55:06,363 log Internal Server Error: /api/dashboard/consultas-timeline/
Traceback (most recent call last):
  File "/home/fabianosf/Desktop/Projetos/vetsystem/backend/venv/lib/python3.12/site-packages/django/core/handlers/exception.py", line 55, in inner
    response = get_response(request)
               ^^^^^^^^^^^^^^^^^^^^^
  File "/home/fabianosf/Desktop/Projetos/vetsystem/backend/venv/lib/python3.12/site-packages/django/core/handlers/base.py", line 197, in _get_response
    response = wrapped_callback(request, *callback_args, **callback_kwargs)
               ^^^^^^^^^^^^^^^^^^^^^^^^^^^^^^^^^^^^^^^^^^^^^^^^^^^^^^^^^^^^
  File "/home/fabianosf/Desktop/Projetos/vetsystem/backend/venv/lib/python3.12/site-packages/django/views/decorators/csrf.py", line 56, in wrapper_view
    return view_func(*args, **kwargs)
           ^^^^^^^^^^^^^^^^^^^^^^^^^^
  File "/home/fabianosf/Desktop/Projetos/vetsystem/backend/venv/lib/python3.12/site-packages/django/views/generic/base.py", line 104, in view
    return self.dispatch(request, *args, **kwargs)
           ^^^^^^^^^^^^^^^^^^^^^^^^^^^^^^^^^^^^^^^
  File "/home/fabianosf/Desktop/Projetos/vetsystem/backend/venv/lib/python3.12/site-packages/rest_framework/views.py", line 509, in dispatch
    response = self.handle_exception(exc)
               ^^^^^^^^^^^^^^^^^^^^^^^^^^
  File "/home/fabianosf/Desktop/Projetos/vetsystem/backend/venv/lib/python3.12/site-packages/rest_framework/views.py", line 469, in handle_exception
    self.raise_uncaught_exception(exc)
  File "/home/fabianosf/Desktop/Projetos/vetsystem/backend/venv/lib/python3.12/site-packages/rest_framework/views.py", line 480, in raise_uncaught_exception
    raise exc
  File "/home/fabianosf/Desktop/Projetos/vetsystem/backend/venv/lib/python3.12/site-packages/rest_framework/views.py", line 506, in dispatch
    response = handler(request, *args, **kwargs)
               ^^^^^^^^^^^^^^^^^^^^^^^^^^^^^^^^^
  File "/home/fabianosf/Desktop/Projetos/vetsystem/backend/venv/lib/python3.12/site-packages/rest_framework/decorators.py", line 50, in handler
    return func(*args, **kwargs)
           ^^^^^^^^^^^^^^^^^^^^^
  File "/home/fabianosf/Desktop/Projetos/vetsystem/backend/api/views/dashboard_views.py", line 87, in consultas_timeline
    consultas = Consulta.objects.filter(
                ^^^^^^^^^^^^^^^^^^^^^^^^
  File "/home/fabianosf/Desktop/Projetos/vetsystem/backend/venv/lib/python3.12/site-packages/django/db/models/manager.py", line 87, in manager_method
    return getattr(self.get_queryset(), name)(*args, **kwargs)
           ^^^^^^^^^^^^^^^^^^^^^^^^^^^^^^^^^^^^^^^^^^^^^^^^^^^
  File "/home/fabianosf/Desktop/Projetos/vetsystem/backend/venv/lib/python3.12/site-packages/django/db/models/query.py", line 1436, in filter
    return self._filter_or_exclude(False, args, kwargs)
           ^^^^^^^^^^^^^^^^^^^^^^^^^^^^^^^^^^^^^^^^^^^^
  File "/home/fabianosf/Desktop/Projetos/vetsystem/backend/venv/lib/python3.12/site-packages/django/db/models/query.py", line 1454, in _filter_or_exclude
    clone._filter_or_exclude_inplace(negate, args, kwargs)
  File "/home/fabianosf/Desktop/Projetos/vetsystem/backend/venv/lib/python3.12/site-packages/django/db/models/query.py", line 1461, in _filter_or_exclude_inplace
    self._query.add_q(Q(*args, **kwargs))
  File "/home/fabianosf/Desktop/Projetos/vetsystem/backend/venv/lib/python3.12/site-packages/django/db/models/sql/query.py", line 1545, in add_q
    clause, _ = self._add_q(q_object, self.used_aliases)
                ^^^^^^^^^^^^^^^^^^^^^^^^^^^^^^^^^^^^^^^^
  File "/home/fabianosf/Desktop/Projetos/vetsystem/backend/venv/lib/python3.12/site-packages/django/db/models/sql/query.py", line 1576, in _add_q
    child_clause, needed_inner = self.build_filter(
                                 ^^^^^^^^^^^^^^^^^^
  File "/home/fabianosf/Desktop/Projetos/vetsystem/backend/venv/lib/python3.12/site-packages/django/db/models/sql/query.py", line 1426, in build_filter
    lookups, parts, reffed_expression = self.solve_lookup_type(arg, summarize)
                                        ^^^^^^^^^^^^^^^^^^^^^^^^^^^^^^^^^^^^^^
  File "/home/fabianosf/Desktop/Projetos/vetsystem/backend/venv/lib/python3.12/site-packages/django/db/models/sql/query.py", line 1236, in solve_lookup_type
    _, field, _, lookup_parts = self.names_to_path(lookup_splitted, self.get_meta())
                                ^^^^^^^^^^^^^^^^^^^^^^^^^^^^^^^^^^^^^^^^^^^^^^^^^^^^
  File "/home/fabianosf/Desktop/Projetos/vetsystem/backend/venv/lib/python3.12/site-packages/django/db/models/sql/query.py", line 1724, in names_to_path
    raise FieldError(
django.core.exceptions.FieldError: Cannot resolve keyword 'data_consulta' into field. Choices are: animal, animal_id, clinica, clinica_id, created_at, data, diagnostico, horario, id, motivo, notificacaoexterna, observacoes, prescricao, status, tipo, updated_at, valor, veterinario, veterinario_id
ERROR 2025-12-31 13:55:06,368 basehttp "GET /api/dashboard/consultas-timeline/?dias=30 HTTP/1.1" 500 159211
WARNING 2025-12-31 13:55:26,957 log Not Found: /api/notificacoes/nao_lidas/
WARNING 2025-12-31 13:55:26,958 basehttp "GET /api/notificacoes/nao_lidas/ HTTP/1.1" 404 16108
WARNING 2025-12-31 13:55:56,954 log Not Found: /api/notificacoes/nao_lidas/
WARNING 2025-12-31 13:55:56,955 basehttp "GET /api/notificacoes/nao_lidas/ HTTP/1.1" 404 16108
INFO 2025-12-31 13:56:01,772 autoreload /home/fabianosf/Desktop/Projetos/vetsystem/backend/api/urls.py changed, reloading.
INFO 2025-12-31 13:56:03,620 autoreload Watching for file changes with StatReloader
INFO 2025-12-31 13:56:27,502 basehttp "GET /api/notificacoes/nao_lidas/ HTTP/1.1" 200 2
INFO 2025-12-31 13:56:27,585 basehttp "GET /api/dashboard/consultas-status/ HTTP/1.1" 200 100
INFO 2025-12-31 13:56:27,621 basehttp "GET /api/dashboard/racas/ HTTP/1.1" 200 210
INFO 2025-12-31 13:56:27,678 basehttp "GET /api/notificacoes/nao_lidas/ HTTP/1.1" 200 2
INFO 2025-12-31 13:56:27,742 basehttp "GET /api/dashboard/racas/ HTTP/1.1" 200 210
INFO 2025-12-31 13:56:27,744 basehttp "GET /api/dashboard/consultas-status/ HTTP/1.1" 200 100
ERROR 2025-12-31 13:56:27,954 log Internal Server Error: /api/dashboard/veterinarios/
Traceback (most recent call last):
  File "/home/fabianosf/Desktop/Projetos/vetsystem/backend/venv/lib/python3.12/site-packages/django/core/handlers/exception.py", line 55, in inner
    response = get_response(request)
               ^^^^^^^^^^^^^^^^^^^^^
  File "/home/fabianosf/Desktop/Projetos/vetsystem/backend/venv/lib/python3.12/site-packages/django/core/handlers/base.py", line 197, in _get_response
    response = wrapped_callback(request, *callback_args, **callback_kwargs)
               ^^^^^^^^^^^^^^^^^^^^^^^^^^^^^^^^^^^^^^^^^^^^^^^^^^^^^^^^^^^^
  File "/home/fabianosf/Desktop/Projetos/vetsystem/backend/venv/lib/python3.12/site-packages/django/views/decorators/csrf.py", line 56, in wrapper_view
    return view_func(*args, **kwargs)
           ^^^^^^^^^^^^^^^^^^^^^^^^^^
  File "/home/fabianosf/Desktop/Projetos/vetsystem/backend/venv/lib/python3.12/site-packages/django/views/generic/base.py", line 104, in view
    return self.dispatch(request, *args, **kwargs)
           ^^^^^^^^^^^^^^^^^^^^^^^^^^^^^^^^^^^^^^^
  File "/home/fabianosf/Desktop/Projetos/vetsystem/backend/venv/lib/python3.12/site-packages/rest_framework/views.py", line 509, in dispatch
    response = self.handle_exception(exc)
               ^^^^^^^^^^^^^^^^^^^^^^^^^^
  File "/home/fabianosf/Desktop/Projetos/vetsystem/backend/venv/lib/python3.12/site-packages/rest_framework/views.py", line 469, in handle_exception
    self.raise_uncaught_exception(exc)
  File "/home/fabianosf/Desktop/Projetos/vetsystem/backend/venv/lib/python3.12/site-packages/rest_framework/views.py", line 480, in raise_uncaught_exception
    raise exc
  File "/home/fabianosf/Desktop/Projetos/vetsystem/backend/venv/lib/python3.12/site-packages/rest_framework/views.py", line 506, in dispatch
    response = handler(request, *args, **kwargs)
               ^^^^^^^^^^^^^^^^^^^^^^^^^^^^^^^^^
  File "/home/fabianosf/Desktop/Projetos/vetsystem/backend/venv/lib/python3.12/site-packages/rest_framework/decorators.py", line 50, in handler
    return func(*args, **kwargs)
           ^^^^^^^^^^^^^^^^^^^^^
  File "/home/fabianosf/Desktop/Projetos/vetsystem/backend/api/views/dashboard_views.py", line 122, in veterinarios_performance
    performance = Veterinario.objects.annotate(
                  ^^^^^^^^^^^^^^^^^^^^^^^^^^^^^
  File "/home/fabianosf/Desktop/Projetos/vetsystem/backend/venv/lib/python3.12/site-packages/django/db/models/manager.py", line 87, in manager_method
    return getattr(self.get_queryset(), name)(*args, **kwargs)
           ^^^^^^^^^^^^^^^^^^^^^^^^^^^^^^^^^^^^^^^^^^^^^^^^^^^
  File "/home/fabianosf/Desktop/Projetos/vetsystem/backend/venv/lib/python3.12/site-packages/django/db/models/query.py", line 1590, in annotate
    return self._annotate(args, kwargs, select=True)
           ^^^^^^^^^^^^^^^^^^^^^^^^^^^^^^^^^^^^^^^^^
  File "/home/fabianosf/Desktop/Projetos/vetsystem/backend/venv/lib/python3.12/site-packages/django/db/models/query.py", line 1638, in _annotate
    clone.query.add_annotation(
  File "/home/fabianosf/Desktop/Projetos/vetsystem/backend/venv/lib/python3.12/site-packages/django/db/models/sql/query.py", line 1133, in add_annotation
    annotation = annotation.resolve_expression(self, allow_joins=True, reuse=None)
                 ^^^^^^^^^^^^^^^^^^^^^^^^^^^^^^^^^^^^^^^^^^^^^^^^^^^^^^^^^^^^^^^^^
  File "/home/fabianosf/Desktop/Projetos/vetsystem/backend/venv/lib/python3.12/site-packages/django/db/models/aggregates.py", line 64, in resolve_expression
    c = super().resolve_expression(query, allow_joins, reuse, summarize)
        ^^^^^^^^^^^^^^^^^^^^^^^^^^^^^^^^^^^^^^^^^^^^^^^^^^^^^^^^^^^^^^^^
  File "/home/fabianosf/Desktop/Projetos/vetsystem/backend/venv/lib/python3.12/site-packages/django/db/models/expressions.py", line 950, in resolve_expression
    c.source_expressions[pos] = arg.resolve_expression(
                                ^^^^^^^^^^^^^^^^^^^^^^^
  File "/home/fabianosf/Desktop/Projetos/vetsystem/backend/venv/lib/python3.12/site-packages/django/db/models/expressions.py", line 829, in resolve_expression
    return query.resolve_ref(self.name, allow_joins, reuse, summarize)
           ^^^^^^^^^^^^^^^^^^^^^^^^^^^^^^^^^^^^^^^^^^^^^^^^^^^^^^^^^^^
  File "/home/fabianosf/Desktop/Projetos/vetsystem/backend/venv/lib/python3.12/site-packages/django/db/models/sql/query.py", line 1976, in resolve_ref
    join_info = self.setup_joins(
                ^^^^^^^^^^^^^^^^^
  File "/home/fabianosf/Desktop/Projetos/vetsystem/backend/venv/lib/python3.12/site-packages/django/db/models/sql/query.py", line 1823, in setup_joins
    path, final_field, targets, rest = self.names_to_path(
                                       ^^^^^^^^^^^^^^^^^^^
  File "/home/fabianosf/Desktop/Projetos/vetsystem/backend/venv/lib/python3.12/site-packages/django/db/models/sql/query.py", line 1724, in names_to_path
    raise FieldError(
django.core.exceptions.FieldError: Cannot resolve keyword 'consulta' into field. Choices are: bio, consultas, created_at, crmv, diagnosticos_validados, email, exames_solicitados, id, name, phone, profile_image, specialties, status, updated_at, work_end_hour, work_start_hour
ERROR 2025-12-31 13:56:28,037 log Internal Server Error: /api/dashboard/consultas-timeline/
Traceback (most recent call last):
  File "/home/fabianosf/Desktop/Projetos/vetsystem/backend/venv/lib/python3.12/site-packages/django/core/handlers/exception.py", line 55, in inner
    response = get_response(request)
               ^^^^^^^^^^^^^^^^^^^^^
  File "/home/fabianosf/Desktop/Projetos/vetsystem/backend/venv/lib/python3.12/site-packages/django/core/handlers/base.py", line 197, in _get_response
    response = wrapped_callback(request, *callback_args, **callback_kwargs)
               ^^^^^^^^^^^^^^^^^^^^^^^^^^^^^^^^^^^^^^^^^^^^^^^^^^^^^^^^^^^^
  File "/home/fabianosf/Desktop/Projetos/vetsystem/backend/venv/lib/python3.12/site-packages/django/views/decorators/csrf.py", line 56, in wrapper_view
    return view_func(*args, **kwargs)
           ^^^^^^^^^^^^^^^^^^^^^^^^^^
  File "/home/fabianosf/Desktop/Projetos/vetsystem/backend/venv/lib/python3.12/site-packages/django/views/generic/base.py", line 104, in view
    return self.dispatch(request, *args, **kwargs)
           ^^^^^^^^^^^^^^^^^^^^^^^^^^^^^^^^^^^^^^^
  File "/home/fabianosf/Desktop/Projetos/vetsystem/backend/venv/lib/python3.12/site-packages/rest_framework/views.py", line 509, in dispatch
    response = self.handle_exception(exc)
               ^^^^^^^^^^^^^^^^^^^^^^^^^^
  File "/home/fabianosf/Desktop/Projetos/vetsystem/backend/venv/lib/python3.12/site-packages/rest_framework/views.py", line 469, in handle_exception
    self.raise_uncaught_exception(exc)
  File "/home/fabianosf/Desktop/Projetos/vetsystem/backend/venv/lib/python3.12/site-packages/rest_framework/views.py", line 480, in raise_uncaught_exception
    raise exc
  File "/home/fabianosf/Desktop/Projetos/vetsystem/backend/venv/lib/python3.12/site-packages/rest_framework/views.py", line 506, in dispatch
    response = handler(request, *args, **kwargs)
               ^^^^^^^^^^^^^^^^^^^^^^^^^^^^^^^^^
  File "/home/fabianosf/Desktop/Projetos/vetsystem/backend/venv/lib/python3.12/site-packages/rest_framework/decorators.py", line 50, in handler
    return func(*args, **kwargs)
           ^^^^^^^^^^^^^^^^^^^^^
  File "/home/fabianosf/Desktop/Projetos/vetsystem/backend/api/views/dashboard_views.py", line 87, in consultas_timeline
    consultas = Consulta.objects.filter(
                ^^^^^^^^^^^^^^^^^^^^^^^^
  File "/home/fabianosf/Desktop/Projetos/vetsystem/backend/venv/lib/python3.12/site-packages/django/db/models/manager.py", line 87, in manager_method
    return getattr(self.get_queryset(), name)(*args, **kwargs)
           ^^^^^^^^^^^^^^^^^^^^^^^^^^^^^^^^^^^^^^^^^^^^^^^^^^^
  File "/home/fabianosf/Desktop/Projetos/vetsystem/backend/venv/lib/python3.12/site-packages/django/db/models/query.py", line 1436, in filter
    return self._filter_or_exclude(False, args, kwargs)
           ^^^^^^^^^^^^^^^^^^^^^^^^^^^^^^^^^^^^^^^^^^^^
  File "/home/fabianosf/Desktop/Projetos/vetsystem/backend/venv/lib/python3.12/site-packages/django/db/models/query.py", line 1454, in _filter_or_exclude
    clone._filter_or_exclude_inplace(negate, args, kwargs)
  File "/home/fabianosf/Desktop/Projetos/vetsystem/backend/venv/lib/python3.12/site-packages/django/db/models/query.py", line 1461, in _filter_or_exclude_inplace
    self._query.add_q(Q(*args, **kwargs))
  File "/home/fabianosf/Desktop/Projetos/vetsystem/backend/venv/lib/python3.12/site-packages/django/db/models/sql/query.py", line 1545, in add_q
    clause, _ = self._add_q(q_object, self.used_aliases)
                ^^^^^^^^^^^^^^^^^^^^^^^^^^^^^^^^^^^^^^^^
  File "/home/fabianosf/Desktop/Projetos/vetsystem/backend/venv/lib/python3.12/site-packages/django/db/models/sql/query.py", line 1576, in _add_q
    child_clause, needed_inner = self.build_filter(
                                 ^^^^^^^^^^^^^^^^^^
  File "/home/fabianosf/Desktop/Projetos/vetsystem/backend/venv/lib/python3.12/site-packages/django/db/models/sql/query.py", line 1426, in build_filter
    lookups, parts, reffed_expression = self.solve_lookup_type(arg, summarize)
                                        ^^^^^^^^^^^^^^^^^^^^^^^^^^^^^^^^^^^^^^
  File "/home/fabianosf/Desktop/Projetos/vetsystem/backend/venv/lib/python3.12/site-packages/django/db/models/sql/query.py", line 1236, in solve_lookup_type
    _, field, _, lookup_parts = self.names_to_path(lookup_splitted, self.get_meta())
                                ^^^^^^^^^^^^^^^^^^^^^^^^^^^^^^^^^^^^^^^^^^^^^^^^^^^^
  File "/home/fabianosf/Desktop/Projetos/vetsystem/backend/venv/lib/python3.12/site-packages/django/db/models/sql/query.py", line 1724, in names_to_path
    raise FieldError(
django.core.exceptions.FieldError: Cannot resolve keyword 'data_consulta' into field. Choices are: animal, animal_id, clinica, clinica_id, created_at, data, diagnostico, horario, id, motivo, notificacaoexterna, observacoes, prescricao, status, tipo, updated_at, valor, veterinario, veterinario_id
ERROR 2025-12-31 13:56:28,077 log Internal Server Error: /api/dashboard/stats/
Traceback (most recent call last):
  File "/home/fabianosf/Desktop/Projetos/vetsystem/backend/venv/lib/python3.12/site-packages/django/core/handlers/exception.py", line 55, in inner
    response = get_response(request)
               ^^^^^^^^^^^^^^^^^^^^^
  File "/home/fabianosf/Desktop/Projetos/vetsystem/backend/venv/lib/python3.12/site-packages/django/core/handlers/base.py", line 197, in _get_response
    response = wrapped_callback(request, *callback_args, **callback_kwargs)
               ^^^^^^^^^^^^^^^^^^^^^^^^^^^^^^^^^^^^^^^^^^^^^^^^^^^^^^^^^^^^
  File "/home/fabianosf/Desktop/Projetos/vetsystem/backend/venv/lib/python3.12/site-packages/django/views/decorators/csrf.py", line 56, in wrapper_view
    return view_func(*args, **kwargs)
           ^^^^^^^^^^^^^^^^^^^^^^^^^^
  File "/home/fabianosf/Desktop/Projetos/vetsystem/backend/venv/lib/python3.12/site-packages/django/views/generic/base.py", line 104, in view
    return self.dispatch(request, *args, **kwargs)
           ^^^^^^^^^^^^^^^^^^^^^^^^^^^^^^^^^^^^^^^
  File "/home/fabianosf/Desktop/Projetos/vetsystem/backend/venv/lib/python3.12/site-packages/rest_framework/views.py", line 509, in dispatch
    response = self.handle_exception(exc)
               ^^^^^^^^^^^^^^^^^^^^^^^^^^
  File "/home/fabianosf/Desktop/Projetos/vetsystem/backend/venv/lib/python3.12/site-packages/rest_framework/views.py", line 469, in handle_exception
    self.raise_uncaught_exception(exc)
  File "/home/fabianosf/Desktop/Projetos/vetsystem/backend/venv/lib/python3.12/site-packages/rest_framework/views.py", line 480, in raise_uncaught_exception
    raise exc
  File "/home/fabianosf/Desktop/Projetos/vetsystem/backend/venv/lib/python3.12/site-packages/rest_framework/views.py", line 506, in dispatch
    response = handler(request, *args, **kwargs)
               ^^^^^^^^^^^^^^^^^^^^^^^^^^^^^^^^^
  File "/home/fabianosf/Desktop/Projetos/vetsystem/backend/venv/lib/python3.12/site-packages/rest_framework/decorators.py", line 50, in handler
    return func(*args, **kwargs)
           ^^^^^^^^^^^^^^^^^^^^^
  File "/home/fabianosf/Desktop/Projetos/vetsystem/backend/api/views/dashboard_views.py", line 29, in dashboard_stats
    consultas_mes = Consulta.objects.filter(data_consulta__gte=inicio_mes).count()
                    ^^^^^^^^^^^^^^^^^^^^^^^^^^^^^^^^^^^^^^^^^^^^^^^^^^^^^^
  File "/home/fabianosf/Desktop/Projetos/vetsystem/backend/venv/lib/python3.12/site-packages/django/db/models/manager.py", line 87, in manager_method
    return getattr(self.get_queryset(), name)(*args, **kwargs)
           ^^^^^^^^^^^^^^^^^^^^^^^^^^^^^^^^^^^^^^^^^^^^^^^^^^^
  File "/home/fabianosf/Desktop/Projetos/vetsystem/backend/venv/lib/python3.12/site-packages/django/db/models/query.py", line 1436, in filter
    return self._filter_or_exclude(False, args, kwargs)
           ^^^^^^^^^^^^^^^^^^^^^^^^^^^^^^^^^^^^^^^^^^^^
  File "/home/fabianosf/Desktop/Projetos/vetsystem/backend/venv/lib/python3.12/site-packages/django/db/models/query.py", line 1454, in _filter_or_exclude
    clone._filter_or_exclude_inplace(negate, args, kwargs)
  File "/home/fabianosf/Desktop/Projetos/vetsystem/backend/venv/lib/python3.12/site-packages/django/db/models/query.py", line 1461, in _filter_or_exclude_inplace
    self._query.add_q(Q(*args, **kwargs))
  File "/home/fabianosf/Desktop/Projetos/vetsystem/backend/venv/lib/python3.12/site-packages/django/db/models/sql/query.py", line 1545, in add_q
    clause, _ = self._add_q(q_object, self.used_aliases)
                ^^^^^^^^^^^^^^^^^^^^^^^^^^^^^^^^^^^^^^^^
  File "/home/fabianosf/Desktop/Projetos/vetsystem/backend/venv/lib/python3.12/site-packages/django/db/models/sql/query.py", line 1576, in _add_q
    child_clause, needed_inner = self.build_filter(
                                 ^^^^^^^^^^^^^^^^^^
  File "/home/fabianosf/Desktop/Projetos/vetsystem/backend/venv/lib/python3.12/site-packages/django/db/models/sql/query.py", line 1426, in build_filter
    lookups, parts, reffed_expression = self.solve_lookup_type(arg, summarize)
                                        ^^^^^^^^^^^^^^^^^^^^^^^^^^^^^^^^^^^^^^
  File "/home/fabianosf/Desktop/Projetos/vetsystem/backend/venv/lib/python3.12/site-packages/django/db/models/sql/query.py", line 1236, in solve_lookup_type
    _, field, _, lookup_parts = self.names_to_path(lookup_splitted, self.get_meta())
                                ^^^^^^^^^^^^^^^^^^^^^^^^^^^^^^^^^^^^^^^^^^^^^^^^^^^^
  File "/home/fabianosf/Desktop/Projetos/vetsystem/backend/venv/lib/python3.12/site-packages/django/db/models/sql/query.py", line 1724, in names_to_path
    raise FieldError(
django.core.exceptions.FieldError: Cannot resolve keyword 'data_consulta' into field. Choices are: animal, animal_id, clinica, clinica_id, created_at, data, diagnostico, horario, id, motivo, notificacaoexterna, observacoes, prescricao, status, tipo, updated_at, valor, veterinario, veterinario_id
ERROR 2025-12-31 13:56:28,089 basehttp "GET /api/dashboard/veterinarios/ HTTP/1.1" 500 162249
ERROR 2025-12-31 13:56:28,094 basehttp "GET /api/dashboard/consultas-timeline/?dias=30 HTTP/1.1" 500 159211
ERROR 2025-12-31 13:56:28,099 basehttp "GET /api/dashboard/stats/ HTTP/1.1" 500 159440
ERROR 2025-12-31 13:56:28,361 log Internal Server Error: /api/dashboard/veterinarios/
Traceback (most recent call last):
  File "/home/fabianosf/Desktop/Projetos/vetsystem/backend/venv/lib/python3.12/site-packages/django/core/handlers/exception.py", line 55, in inner
    response = get_response(request)
               ^^^^^^^^^^^^^^^^^^^^^
  File "/home/fabianosf/Desktop/Projetos/vetsystem/backend/venv/lib/python3.12/site-packages/django/core/handlers/base.py", line 197, in _get_response
    response = wrapped_callback(request, *callback_args, **callback_kwargs)
               ^^^^^^^^^^^^^^^^^^^^^^^^^^^^^^^^^^^^^^^^^^^^^^^^^^^^^^^^^^^^
  File "/home/fabianosf/Desktop/Projetos/vetsystem/backend/venv/lib/python3.12/site-packages/django/views/decorators/csrf.py", line 56, in wrapper_view
    return view_func(*args, **kwargs)
           ^^^^^^^^^^^^^^^^^^^^^^^^^^
  File "/home/fabianosf/Desktop/Projetos/vetsystem/backend/venv/lib/python3.12/site-packages/django/views/generic/base.py", line 104, in view
    return self.dispatch(request, *args, **kwargs)
           ^^^^^^^^^^^^^^^^^^^^^^^^^^^^^^^^^^^^^^^
  File "/home/fabianosf/Desktop/Projetos/vetsystem/backend/venv/lib/python3.12/site-packages/rest_framework/views.py", line 509, in dispatch
    response = self.handle_exception(exc)
               ^^^^^^^^^^^^^^^^^^^^^^^^^^
  File "/home/fabianosf/Desktop/Projetos/vetsystem/backend/venv/lib/python3.12/site-packages/rest_framework/views.py", line 469, in handle_exception
    self.raise_uncaught_exception(exc)
  File "/home/fabianosf/Desktop/Projetos/vetsystem/backend/venv/lib/python3.12/site-packages/rest_framework/views.py", line 480, in raise_uncaught_exception
    raise exc
  File "/home/fabianosf/Desktop/Projetos/vetsystem/backend/venv/lib/python3.12/site-packages/rest_framework/views.py", line 506, in dispatch
    response = handler(request, *args, **kwargs)
               ^^^^^^^^^^^^^^^^^^^^^^^^^^^^^^^^^
  File "/home/fabianosf/Desktop/Projetos/vetsystem/backend/venv/lib/python3.12/site-packages/rest_framework/decorators.py", line 50, in handler
    return func(*args, **kwargs)
           ^^^^^^^^^^^^^^^^^^^^^
  File "/home/fabianosf/Desktop/Projetos/vetsystem/backend/api/views/dashboard_views.py", line 122, in veterinarios_performance
    performance = Veterinario.objects.annotate(
                  ^^^^^^^^^^^^^^^^^^^^^^^^^^^^^
  File "/home/fabianosf/Desktop/Projetos/vetsystem/backend/venv/lib/python3.12/site-packages/django/db/models/manager.py", line 87, in manager_method
    return getattr(self.get_queryset(), name)(*args, **kwargs)
           ^^^^^^^^^^^^^^^^^^^^^^^^^^^^^^^^^^^^^^^^^^^^^^^^^^^
  File "/home/fabianosf/Desktop/Projetos/vetsystem/backend/venv/lib/python3.12/site-packages/django/db/models/query.py", line 1590, in annotate
    return self._annotate(args, kwargs, select=True)
           ^^^^^^^^^^^^^^^^^^^^^^^^^^^^^^^^^^^^^^^^^
  File "/home/fabianosf/Desktop/Projetos/vetsystem/backend/venv/lib/python3.12/site-packages/django/db/models/query.py", line 1638, in _annotate
    clone.query.add_annotation(
  File "/home/fabianosf/Desktop/Projetos/vetsystem/backend/venv/lib/python3.12/site-packages/django/db/models/sql/query.py", line 1133, in add_annotation
    annotation = annotation.resolve_expression(self, allow_joins=True, reuse=None)
                 ^^^^^^^^^^^^^^^^^^^^^^^^^^^^^^^^^^^^^^^^^^^^^^^^^^^^^^^^^^^^^^^^^
  File "/home/fabianosf/Desktop/Projetos/vetsystem/backend/venv/lib/python3.12/site-packages/django/db/models/aggregates.py", line 64, in resolve_expression
    c = super().resolve_expression(query, allow_joins, reuse, summarize)
        ^^^^^^^^^^^^^^^^^^^^^^^^^^^^^^^^^^^^^^^^^^^^^^^^^^^^^^^^^^^^^^^^
  File "/home/fabianosf/Desktop/Projetos/vetsystem/backend/venv/lib/python3.12/site-packages/django/db/models/expressions.py", line 950, in resolve_expression
    c.source_expressions[pos] = arg.resolve_expression(
                                ^^^^^^^^^^^^^^^^^^^^^^^
  File "/home/fabianosf/Desktop/Projetos/vetsystem/backend/venv/lib/python3.12/site-packages/django/db/models/expressions.py", line 829, in resolve_expression
    return query.resolve_ref(self.name, allow_joins, reuse, summarize)
           ^^^^^^^^^^^^^^^^^^^^^^^^^^^^^^^^^^^^^^^^^^^^^^^^^^^^^^^^^^^
  File "/home/fabianosf/Desktop/Projetos/vetsystem/backend/venv/lib/python3.12/site-packages/django/db/models/sql/query.py", line 1976, in resolve_ref
    join_info = self.setup_joins(
                ^^^^^^^^^^^^^^^^^
  File "/home/fabianosf/Desktop/Projetos/vetsystem/backend/venv/lib/python3.12/site-packages/django/db/models/sql/query.py", line 1823, in setup_joins
    path, final_field, targets, rest = self.names_to_path(
                                       ^^^^^^^^^^^^^^^^^^^
  File "/home/fabianosf/Desktop/Projetos/vetsystem/backend/venv/lib/python3.12/site-packages/django/db/models/sql/query.py", line 1724, in names_to_path
    raise FieldError(
django.core.exceptions.FieldError: Cannot resolve keyword 'consulta' into field. Choices are: bio, consultas, created_at, crmv, diagnosticos_validados, email, exames_solicitados, id, name, phone, profile_image, specialties, status, updated_at, work_end_hour, work_start_hour
ERROR 2025-12-31 13:56:28,374 basehttp "GET /api/dashboard/veterinarios/ HTTP/1.1" 500 162249
ERROR 2025-12-31 13:56:28,628 log Internal Server Error: /api/dashboard/consultas-timeline/
Traceback (most recent call last):
  File "/home/fabianosf/Desktop/Projetos/vetsystem/backend/venv/lib/python3.12/site-packages/django/core/handlers/exception.py", line 55, in inner
    response = get_response(request)
               ^^^^^^^^^^^^^^^^^^^^^
  File "/home/fabianosf/Desktop/Projetos/vetsystem/backend/venv/lib/python3.12/site-packages/django/core/handlers/base.py", line 197, in _get_response
    response = wrapped_callback(request, *callback_args, **callback_kwargs)
               ^^^^^^^^^^^^^^^^^^^^^^^^^^^^^^^^^^^^^^^^^^^^^^^^^^^^^^^^^^^^
  File "/home/fabianosf/Desktop/Projetos/vetsystem/backend/venv/lib/python3.12/site-packages/django/views/decorators/csrf.py", line 56, in wrapper_view
    return view_func(*args, **kwargs)
           ^^^^^^^^^^^^^^^^^^^^^^^^^^
  File "/home/fabianosf/Desktop/Projetos/vetsystem/backend/venv/lib/python3.12/site-packages/django/views/generic/base.py", line 104, in view
    return self.dispatch(request, *args, **kwargs)
           ^^^^^^^^^^^^^^^^^^^^^^^^^^^^^^^^^^^^^^^
  File "/home/fabianosf/Desktop/Projetos/vetsystem/backend/venv/lib/python3.12/site-packages/rest_framework/views.py", line 509, in dispatch
    response = self.handle_exception(exc)
               ^^^^^^^^^^^^^^^^^^^^^^^^^^
  File "/home/fabianosf/Desktop/Projetos/vetsystem/backend/venv/lib/python3.12/site-packages/rest_framework/views.py", line 469, in handle_exception
    self.raise_uncaught_exception(exc)
  File "/home/fabianosf/Desktop/Projetos/vetsystem/backend/venv/lib/python3.12/site-packages/rest_framework/views.py", line 480, in raise_uncaught_exception
    raise exc
  File "/home/fabianosf/Desktop/Projetos/vetsystem/backend/venv/lib/python3.12/site-packages/rest_framework/views.py", line 506, in dispatch
    response = handler(request, *args, **kwargs)
               ^^^^^^^^^^^^^^^^^^^^^^^^^^^^^^^^^
  File "/home/fabianosf/Desktop/Projetos/vetsystem/backend/venv/lib/python3.12/site-packages/rest_framework/decorators.py", line 50, in handler
    return func(*args, **kwargs)
           ^^^^^^^^^^^^^^^^^^^^^
  File "/home/fabianosf/Desktop/Projetos/vetsystem/backend/api/views/dashboard_views.py", line 87, in consultas_timeline
    consultas = Consulta.objects.filter(
                ^^^^^^^^^^^^^^^^^^^^^^^^
  File "/home/fabianosf/Desktop/Projetos/vetsystem/backend/venv/lib/python3.12/site-packages/django/db/models/manager.py", line 87, in manager_method
    return getattr(self.get_queryset(), name)(*args, **kwargs)
           ^^^^^^^^^^^^^^^^^^^^^^^^^^^^^^^^^^^^^^^^^^^^^^^^^^^
  File "/home/fabianosf/Desktop/Projetos/vetsystem/backend/venv/lib/python3.12/site-packages/django/db/models/query.py", line 1436, in filter
    return self._filter_or_exclude(False, args, kwargs)
           ^^^^^^^^^^^^^^^^^^^^^^^^^^^^^^^^^^^^^^^^^^^^
  File "/home/fabianosf/Desktop/Projetos/vetsystem/backend/venv/lib/python3.12/site-packages/django/db/models/query.py", line 1454, in _filter_or_exclude
    clone._filter_or_exclude_inplace(negate, args, kwargs)
  File "/home/fabianosf/Desktop/Projetos/vetsystem/backend/venv/lib/python3.12/site-packages/django/db/models/query.py", line 1461, in _filter_or_exclude_inplace
    self._query.add_q(Q(*args, **kwargs))
  File "/home/fabianosf/Desktop/Projetos/vetsystem/backend/venv/lib/python3.12/site-packages/django/db/models/sql/query.py", line 1545, in add_q
    clause, _ = self._add_q(q_object, self.used_aliases)
                ^^^^^^^^^^^^^^^^^^^^^^^^^^^^^^^^^^^^^^^^
  File "/home/fabianosf/Desktop/Projetos/vetsystem/backend/venv/lib/python3.12/site-packages/django/db/models/sql/query.py", line 1576, in _add_q
    child_clause, needed_inner = self.build_filter(
                                 ^^^^^^^^^^^^^^^^^^
  File "/home/fabianosf/Desktop/Projetos/vetsystem/backend/venv/lib/python3.12/site-packages/django/db/models/sql/query.py", line 1426, in build_filter
    lookups, parts, reffed_expression = self.solve_lookup_type(arg, summarize)
                                        ^^^^^^^^^^^^^^^^^^^^^^^^^^^^^^^^^^^^^^
  File "/home/fabianosf/Desktop/Projetos/vetsystem/backend/venv/lib/python3.12/site-packages/django/db/models/sql/query.py", line 1236, in solve_lookup_type
    _, field, _, lookup_parts = self.names_to_path(lookup_splitted, self.get_meta())
                                ^^^^^^^^^^^^^^^^^^^^^^^^^^^^^^^^^^^^^^^^^^^^^^^^^^^^
  File "/home/fabianosf/Desktop/Projetos/vetsystem/backend/venv/lib/python3.12/site-packages/django/db/models/sql/query.py", line 1724, in names_to_path
    raise FieldError(
django.core.exceptions.FieldError: Cannot resolve keyword 'data_consulta' into field. Choices are: animal, animal_id, clinica, clinica_id, created_at, data, diagnostico, horario, id, motivo, notificacaoexterna, observacoes, prescricao, status, tipo, updated_at, valor, veterinario, veterinario_id
ERROR 2025-12-31 13:56:28,648 basehttp "GET /api/dashboard/consultas-timeline/?dias=30 HTTP/1.1" 500 159211
ERROR 2025-12-31 13:56:28,696 log Internal Server Error: /api/dashboard/stats/
Traceback (most recent call last):
  File "/home/fabianosf/Desktop/Projetos/vetsystem/backend/venv/lib/python3.12/site-packages/django/core/handlers/exception.py", line 55, in inner
    response = get_response(request)
               ^^^^^^^^^^^^^^^^^^^^^
  File "/home/fabianosf/Desktop/Projetos/vetsystem/backend/venv/lib/python3.12/site-packages/django/core/handlers/base.py", line 197, in _get_response
    response = wrapped_callback(request, *callback_args, **callback_kwargs)
               ^^^^^^^^^^^^^^^^^^^^^^^^^^^^^^^^^^^^^^^^^^^^^^^^^^^^^^^^^^^^
  File "/home/fabianosf/Desktop/Projetos/vetsystem/backend/venv/lib/python3.12/site-packages/django/views/decorators/csrf.py", line 56, in wrapper_view
    return view_func(*args, **kwargs)
           ^^^^^^^^^^^^^^^^^^^^^^^^^^
  File "/home/fabianosf/Desktop/Projetos/vetsystem/backend/venv/lib/python3.12/site-packages/django/views/generic/base.py", line 104, in view
    return self.dispatch(request, *args, **kwargs)
           ^^^^^^^^^^^^^^^^^^^^^^^^^^^^^^^^^^^^^^^
  File "/home/fabianosf/Desktop/Projetos/vetsystem/backend/venv/lib/python3.12/site-packages/rest_framework/views.py", line 509, in dispatch
    response = self.handle_exception(exc)
               ^^^^^^^^^^^^^^^^^^^^^^^^^^
  File "/home/fabianosf/Desktop/Projetos/vetsystem/backend/venv/lib/python3.12/site-packages/rest_framework/views.py", line 469, in handle_exception
    self.raise_uncaught_exception(exc)
  File "/home/fabianosf/Desktop/Projetos/vetsystem/backend/venv/lib/python3.12/site-packages/rest_framework/views.py", line 480, in raise_uncaught_exception
    raise exc
  File "/home/fabianosf/Desktop/Projetos/vetsystem/backend/venv/lib/python3.12/site-packages/rest_framework/views.py", line 506, in dispatch
    response = handler(request, *args, **kwargs)
               ^^^^^^^^^^^^^^^^^^^^^^^^^^^^^^^^^
  File "/home/fabianosf/Desktop/Projetos/vetsystem/backend/venv/lib/python3.12/site-packages/rest_framework/decorators.py", line 50, in handler
    return func(*args, **kwargs)
           ^^^^^^^^^^^^^^^^^^^^^
  File "/home/fabianosf/Desktop/Projetos/vetsystem/backend/api/views/dashboard_views.py", line 29, in dashboard_stats
    consultas_mes = Consulta.objects.filter(data_consulta__gte=inicio_mes).count()
                    ^^^^^^^^^^^^^^^^^^^^^^^^^^^^^^^^^^^^^^^^^^^^^^^^^^^^^^
  File "/home/fabianosf/Desktop/Projetos/vetsystem/backend/venv/lib/python3.12/site-packages/django/db/models/manager.py", line 87, in manager_method
    return getattr(self.get_queryset(), name)(*args, **kwargs)
           ^^^^^^^^^^^^^^^^^^^^^^^^^^^^^^^^^^^^^^^^^^^^^^^^^^^
  File "/home/fabianosf/Desktop/Projetos/vetsystem/backend/venv/lib/python3.12/site-packages/django/db/models/query.py", line 1436, in filter
    return self._filter_or_exclude(False, args, kwargs)
           ^^^^^^^^^^^^^^^^^^^^^^^^^^^^^^^^^^^^^^^^^^^^
  File "/home/fabianosf/Desktop/Projetos/vetsystem/backend/venv/lib/python3.12/site-packages/django/db/models/query.py", line 1454, in _filter_or_exclude
    clone._filter_or_exclude_inplace(negate, args, kwargs)
  File "/home/fabianosf/Desktop/Projetos/vetsystem/backend/venv/lib/python3.12/site-packages/django/db/models/query.py", line 1461, in _filter_or_exclude_inplace
    self._query.add_q(Q(*args, **kwargs))
  File "/home/fabianosf/Desktop/Projetos/vetsystem/backend/venv/lib/python3.12/site-packages/django/db/models/sql/query.py", line 1545, in add_q
    clause, _ = self._add_q(q_object, self.used_aliases)
                ^^^^^^^^^^^^^^^^^^^^^^^^^^^^^^^^^^^^^^^^
  File "/home/fabianosf/Desktop/Projetos/vetsystem/backend/venv/lib/python3.12/site-packages/django/db/models/sql/query.py", line 1576, in _add_q
    child_clause, needed_inner = self.build_filter(
                                 ^^^^^^^^^^^^^^^^^^
  File "/home/fabianosf/Desktop/Projetos/vetsystem/backend/venv/lib/python3.12/site-packages/django/db/models/sql/query.py", line 1426, in build_filter
    lookups, parts, reffed_expression = self.solve_lookup_type(arg, summarize)
                                        ^^^^^^^^^^^^^^^^^^^^^^^^^^^^^^^^^^^^^^
  File "/home/fabianosf/Desktop/Projetos/vetsystem/backend/venv/lib/python3.12/site-packages/django/db/models/sql/query.py", line 1236, in solve_lookup_type
    _, field, _, lookup_parts = self.names_to_path(lookup_splitted, self.get_meta())
                                ^^^^^^^^^^^^^^^^^^^^^^^^^^^^^^^^^^^^^^^^^^^^^^^^^^^^
  File "/home/fabianosf/Desktop/Projetos/vetsystem/backend/venv/lib/python3.12/site-packages/django/db/models/sql/query.py", line 1724, in names_to_path
    raise FieldError(
django.core.exceptions.FieldError: Cannot resolve keyword 'data_consulta' into field. Choices are: animal, animal_id, clinica, clinica_id, created_at, data, diagnostico, horario, id, motivo, notificacaoexterna, observacoes, prescricao, status, tipo, updated_at, valor, veterinario, veterinario_id
ERROR 2025-12-31 13:56:28,701 basehttp "GET /api/dashboard/stats/ HTTP/1.1" 500 159440
INFO 2025-12-31 13:58:04,513 autoreload Watching for file changes with StatReloader
WARNING 2025-12-31 13:58:47,034 log Unauthorized: /api/dashboard/stats/
WARNING 2025-12-31 13:58:47,036 basehttp "GET /api/dashboard/stats/ HTTP/1.1" 401 10037
INFO 2025-12-31 13:58:47,105 basehttp "GET /static/rest_framework/css/bootstrap.min.css HTTP/1.1" 200 121457
INFO 2025-12-31 13:58:47,116 basehttp "GET /static/rest_framework/css/bootstrap-tweaks.css HTTP/1.1" 200 3385
INFO 2025-12-31 13:58:47,132 basehttp "GET /static/rest_framework/css/prettify.css HTTP/1.1" 200 817
INFO 2025-12-31 13:58:47,134 basehttp "GET /static/rest_framework/js/csrf.js HTTP/1.1" 200 1719
INFO 2025-12-31 13:58:47,134 basehttp "GET /static/rest_framework/css/default.css HTTP/1.1" 200 1152
INFO 2025-12-31 13:58:47,136 basehttp "GET /static/rest_framework/js/ajax-form.js HTTP/1.1" 200 3597
INFO 2025-12-31 13:58:47,138 basehttp "GET /static/rest_framework/js/jquery-3.5.1.min.js HTTP/1.1" 200 89476
INFO 2025-12-31 13:58:47,139 basehttp "GET /static/rest_framework/js/bootstrap.min.js HTTP/1.1" 200 39680
INFO 2025-12-31 13:58:47,140 basehttp "GET /static/rest_framework/js/prettify-min.js HTTP/1.1" 200 13632
INFO 2025-12-31 13:58:47,144 basehttp "GET /static/rest_framework/js/default.js HTTP/1.1" 200 1268
INFO 2025-12-31 13:58:47,154 basehttp "GET /static/rest_framework/img/grid.png HTTP/1.1" 200 1458
WARNING 2025-12-31 13:58:47,348 log Not Found: /favicon.ico
WARNING 2025-12-31 13:58:47,348 basehttp "GET /favicon.ico HTTP/1.1" 404 2945
INFO 2025-12-31 14:01:19,691 autoreload /home/fabianosf/Desktop/Projetos/vetsystem/backend/api/views/dashboard_views.py changed, reloading.
INFO 2025-12-31 14:01:21,448 autoreload Watching for file changes with StatReloader
INFO 2025-12-31 14:01:38,821 basehttp "GET /api/dashboard/consultas-timeline/?dias=30 HTTP/1.1" 200 993
INFO 2025-12-31 14:01:38,833 basehttp "GET /api/notificacoes/nao_lidas/ HTTP/1.1" 200 2
INFO 2025-12-31 14:01:38,851 basehttp "GET /api/dashboard/consultas-status/ HTTP/1.1" 200 100
INFO 2025-12-31 14:01:38,914 basehttp "GET /api/dashboard/racas/ HTTP/1.1" 200 210
INFO 2025-12-31 14:01:38,981 basehttp "GET /api/dashboard/consultas-timeline/?dias=30 HTTP/1.1" 200 993
INFO 2025-12-31 14:01:39,025 basehttp "GET /api/dashboard/consultas-status/ HTTP/1.1" 200 100
INFO 2025-12-31 14:01:39,031 basehttp "GET /api/notificacoes/nao_lidas/ HTTP/1.1" 200 2
INFO 2025-12-31 14:01:39,079 basehttp "GET /api/dashboard/racas/ HTTP/1.1" 200 210
ERROR 2025-12-31 14:01:39,361 log Internal Server Error: /api/dashboard/veterinarios/
Traceback (most recent call last):
  File "/home/fabianosf/Desktop/Projetos/vetsystem/backend/venv/lib/python3.12/site-packages/django/core/handlers/exception.py", line 55, in inner
    response = get_response(request)
               ^^^^^^^^^^^^^^^^^^^^^
  File "/home/fabianosf/Desktop/Projetos/vetsystem/backend/venv/lib/python3.12/site-packages/django/core/handlers/base.py", line 197, in _get_response
    response = wrapped_callback(request, *callback_args, **callback_kwargs)
               ^^^^^^^^^^^^^^^^^^^^^^^^^^^^^^^^^^^^^^^^^^^^^^^^^^^^^^^^^^^^
  File "/home/fabianosf/Desktop/Projetos/vetsystem/backend/venv/lib/python3.12/site-packages/django/views/decorators/csrf.py", line 56, in wrapper_view
    return view_func(*args, **kwargs)
           ^^^^^^^^^^^^^^^^^^^^^^^^^^
  File "/home/fabianosf/Desktop/Projetos/vetsystem/backend/venv/lib/python3.12/site-packages/django/views/generic/base.py", line 104, in view
    return self.dispatch(request, *args, **kwargs)
           ^^^^^^^^^^^^^^^^^^^^^^^^^^^^^^^^^^^^^^^
  File "/home/fabianosf/Desktop/Projetos/vetsystem/backend/venv/lib/python3.12/site-packages/rest_framework/views.py", line 509, in dispatch
    response = self.handle_exception(exc)
               ^^^^^^^^^^^^^^^^^^^^^^^^^^
  File "/home/fabianosf/Desktop/Projetos/vetsystem/backend/venv/lib/python3.12/site-packages/rest_framework/views.py", line 469, in handle_exception
    self.raise_uncaught_exception(exc)
  File "/home/fabianosf/Desktop/Projetos/vetsystem/backend/venv/lib/python3.12/site-packages/rest_framework/views.py", line 480, in raise_uncaught_exception
    raise exc
  File "/home/fabianosf/Desktop/Projetos/vetsystem/backend/venv/lib/python3.12/site-packages/rest_framework/views.py", line 506, in dispatch
    response = handler(request, *args, **kwargs)
               ^^^^^^^^^^^^^^^^^^^^^^^^^^^^^^^^^
  File "/home/fabianosf/Desktop/Projetos/vetsystem/backend/venv/lib/python3.12/site-packages/rest_framework/decorators.py", line 50, in handler
    return func(*args, **kwargs)
           ^^^^^^^^^^^^^^^^^^^^^
  File "/home/fabianosf/Desktop/Projetos/vetsystem/backend/api/views/dashboard_views.py", line 122, in veterinarios_performance
    performance = Veterinario.objects.annotate(
                  ^^^^^^^^^^^^^^^^^^^^^^^^^^^^^
  File "/home/fabianosf/Desktop/Projetos/vetsystem/backend/venv/lib/python3.12/site-packages/django/db/models/manager.py", line 87, in manager_method
    return getattr(self.get_queryset(), name)(*args, **kwargs)
           ^^^^^^^^^^^^^^^^^^^^^^^^^^^^^^^^^^^^^^^^^^^^^^^^^^^
  File "/home/fabianosf/Desktop/Projetos/vetsystem/backend/venv/lib/python3.12/site-packages/django/db/models/query.py", line 1590, in annotate
    return self._annotate(args, kwargs, select=True)
           ^^^^^^^^^^^^^^^^^^^^^^^^^^^^^^^^^^^^^^^^^
  File "/home/fabianosf/Desktop/Projetos/vetsystem/backend/venv/lib/python3.12/site-packages/django/db/models/query.py", line 1638, in _annotate
    clone.query.add_annotation(
  File "/home/fabianosf/Desktop/Projetos/vetsystem/backend/venv/lib/python3.12/site-packages/django/db/models/sql/query.py", line 1133, in add_annotation
    annotation = annotation.resolve_expression(self, allow_joins=True, reuse=None)
                 ^^^^^^^^^^^^^^^^^^^^^^^^^^^^^^^^^^^^^^^^^^^^^^^^^^^^^^^^^^^^^^^^^
  File "/home/fabianosf/Desktop/Projetos/vetsystem/backend/venv/lib/python3.12/site-packages/django/db/models/aggregates.py", line 64, in resolve_expression
    c = super().resolve_expression(query, allow_joins, reuse, summarize)
        ^^^^^^^^^^^^^^^^^^^^^^^^^^^^^^^^^^^^^^^^^^^^^^^^^^^^^^^^^^^^^^^^
  File "/home/fabianosf/Desktop/Projetos/vetsystem/backend/venv/lib/python3.12/site-packages/django/db/models/expressions.py", line 950, in resolve_expression
    c.source_expressions[pos] = arg.resolve_expression(
                                ^^^^^^^^^^^^^^^^^^^^^^^
  File "/home/fabianosf/Desktop/Projetos/vetsystem/backend/venv/lib/python3.12/site-packages/django/db/models/expressions.py", line 829, in resolve_expression
    return query.resolve_ref(self.name, allow_joins, reuse, summarize)
           ^^^^^^^^^^^^^^^^^^^^^^^^^^^^^^^^^^^^^^^^^^^^^^^^^^^^^^^^^^^
  File "/home/fabianosf/Desktop/Projetos/vetsystem/backend/venv/lib/python3.12/site-packages/django/db/models/sql/query.py", line 1976, in resolve_ref
    join_info = self.setup_joins(
                ^^^^^^^^^^^^^^^^^
  File "/home/fabianosf/Desktop/Projetos/vetsystem/backend/venv/lib/python3.12/site-packages/django/db/models/sql/query.py", line 1823, in setup_joins
    path, final_field, targets, rest = self.names_to_path(
                                       ^^^^^^^^^^^^^^^^^^^
  File "/home/fabianosf/Desktop/Projetos/vetsystem/backend/venv/lib/python3.12/site-packages/django/db/models/sql/query.py", line 1724, in names_to_path
    raise FieldError(
django.core.exceptions.FieldError: Cannot resolve keyword 'consulta' into field. Choices are: bio, consultas, created_at, crmv, diagnosticos_validados, email, exames_solicitados, id, name, phone, profile_image, specialties, status, updated_at, work_end_hour, work_start_hour
ERROR 2025-12-31 14:01:39,387 basehttp "GET /api/dashboard/veterinarios/ HTTP/1.1" 500 162249
ERROR 2025-12-31 14:01:39,576 log Internal Server Error: /api/dashboard/stats/
Traceback (most recent call last):
  File "/home/fabianosf/Desktop/Projetos/vetsystem/backend/venv/lib/python3.12/site-packages/django/core/handlers/exception.py", line 55, in inner
    response = get_response(request)
               ^^^^^^^^^^^^^^^^^^^^^
  File "/home/fabianosf/Desktop/Projetos/vetsystem/backend/venv/lib/python3.12/site-packages/django/core/handlers/base.py", line 197, in _get_response
    response = wrapped_callback(request, *callback_args, **callback_kwargs)
               ^^^^^^^^^^^^^^^^^^^^^^^^^^^^^^^^^^^^^^^^^^^^^^^^^^^^^^^^^^^^
  File "/home/fabianosf/Desktop/Projetos/vetsystem/backend/venv/lib/python3.12/site-packages/django/views/decorators/csrf.py", line 56, in wrapper_view
    return view_func(*args, **kwargs)
           ^^^^^^^^^^^^^^^^^^^^^^^^^^
  File "/home/fabianosf/Desktop/Projetos/vetsystem/backend/venv/lib/python3.12/site-packages/django/views/generic/base.py", line 104, in view
    return self.dispatch(request, *args, **kwargs)
           ^^^^^^^^^^^^^^^^^^^^^^^^^^^^^^^^^^^^^^^
  File "/home/fabianosf/Desktop/Projetos/vetsystem/backend/venv/lib/python3.12/site-packages/rest_framework/views.py", line 509, in dispatch
    response = self.handle_exception(exc)
               ^^^^^^^^^^^^^^^^^^^^^^^^^^
  File "/home/fabianosf/Desktop/Projetos/vetsystem/backend/venv/lib/python3.12/site-packages/rest_framework/views.py", line 469, in handle_exception
    self.raise_uncaught_exception(exc)
  File "/home/fabianosf/Desktop/Projetos/vetsystem/backend/venv/lib/python3.12/site-packages/rest_framework/views.py", line 480, in raise_uncaught_exception
    raise exc
  File "/home/fabianosf/Desktop/Projetos/vetsystem/backend/venv/lib/python3.12/site-packages/rest_framework/views.py", line 506, in dispatch
    response = handler(request, *args, **kwargs)
               ^^^^^^^^^^^^^^^^^^^^^^^^^^^^^^^^^
  File "/home/fabianosf/Desktop/Projetos/vetsystem/backend/venv/lib/python3.12/site-packages/rest_framework/decorators.py", line 50, in handler
    return func(*args, **kwargs)
           ^^^^^^^^^^^^^^^^^^^^^
  File "/home/fabianosf/Desktop/Projetos/vetsystem/backend/api/views/dashboard_views.py", line 50, in dashboard_stats
    animais_ativos = Animal.objects.filter(
                     ^^^^^^^^^^^^^^^^^^^^^^
  File "/home/fabianosf/Desktop/Projetos/vetsystem/backend/venv/lib/python3.12/site-packages/django/db/models/manager.py", line 87, in manager_method
    return getattr(self.get_queryset(), name)(*args, **kwargs)
           ^^^^^^^^^^^^^^^^^^^^^^^^^^^^^^^^^^^^^^^^^^^^^^^^^^^
  File "/home/fabianosf/Desktop/Projetos/vetsystem/backend/venv/lib/python3.12/site-packages/django/db/models/query.py", line 1436, in filter
    return self._filter_or_exclude(False, args, kwargs)
           ^^^^^^^^^^^^^^^^^^^^^^^^^^^^^^^^^^^^^^^^^^^^
  File "/home/fabianosf/Desktop/Projetos/vetsystem/backend/venv/lib/python3.12/site-packages/django/db/models/query.py", line 1454, in _filter_or_exclude
    clone._filter_or_exclude_inplace(negate, args, kwargs)
  File "/home/fabianosf/Desktop/Projetos/vetsystem/backend/venv/lib/python3.12/site-packages/django/db/models/query.py", line 1461, in _filter_or_exclude_inplace
    self._query.add_q(Q(*args, **kwargs))
  File "/home/fabianosf/Desktop/Projetos/vetsystem/backend/venv/lib/python3.12/site-packages/django/db/models/sql/query.py", line 1545, in add_q
    clause, _ = self._add_q(q_object, self.used_aliases)
                ^^^^^^^^^^^^^^^^^^^^^^^^^^^^^^^^^^^^^^^^
  File "/home/fabianosf/Desktop/Projetos/vetsystem/backend/venv/lib/python3.12/site-packages/django/db/models/sql/query.py", line 1576, in _add_q
    child_clause, needed_inner = self.build_filter(
                                 ^^^^^^^^^^^^^^^^^^
  File "/home/fabianosf/Desktop/Projetos/vetsystem/backend/venv/lib/python3.12/site-packages/django/db/models/sql/query.py", line 1426, in build_filter
    lookups, parts, reffed_expression = self.solve_lookup_type(arg, summarize)
                                        ^^^^^^^^^^^^^^^^^^^^^^^^^^^^^^^^^^^^^^
  File "/home/fabianosf/Desktop/Projetos/vetsystem/backend/venv/lib/python3.12/site-packages/django/db/models/sql/query.py", line 1236, in solve_lookup_type
    _, field, _, lookup_parts = self.names_to_path(lookup_splitted, self.get_meta())
                                ^^^^^^^^^^^^^^^^^^^^^^^^^^^^^^^^^^^^^^^^^^^^^^^^^^^^
  File "/home/fabianosf/Desktop/Projetos/vetsystem/backend/venv/lib/python3.12/site-packages/django/db/models/sql/query.py", line 1724, in names_to_path
    raise FieldError(
django.core.exceptions.FieldError: Cannot resolve keyword 'consulta' into field. Choices are: age, breed, color, consultas, contratos_plano, created_at, diagnosticos_ia, exames, gender, health_checks, id, is_active, microchip, name, observations, profile_image, rg_animal, species, tutor, tutor_id, updated_at, vacinas, weight
ERROR 2025-12-31 14:01:39,585 basehttp "GET /api/dashboard/stats/ HTTP/1.1" 500 160936
ERROR 2025-12-31 14:01:39,699 log Internal Server Error: /api/dashboard/veterinarios/
Traceback (most recent call last):
  File "/home/fabianosf/Desktop/Projetos/vetsystem/backend/venv/lib/python3.12/site-packages/django/core/handlers/exception.py", line 55, in inner
    response = get_response(request)
               ^^^^^^^^^^^^^^^^^^^^^
  File "/home/fabianosf/Desktop/Projetos/vetsystem/backend/venv/lib/python3.12/site-packages/django/core/handlers/base.py", line 197, in _get_response
    response = wrapped_callback(request, *callback_args, **callback_kwargs)
               ^^^^^^^^^^^^^^^^^^^^^^^^^^^^^^^^^^^^^^^^^^^^^^^^^^^^^^^^^^^^
  File "/home/fabianosf/Desktop/Projetos/vetsystem/backend/venv/lib/python3.12/site-packages/django/views/decorators/csrf.py", line 56, in wrapper_view
    return view_func(*args, **kwargs)
           ^^^^^^^^^^^^^^^^^^^^^^^^^^
  File "/home/fabianosf/Desktop/Projetos/vetsystem/backend/venv/lib/python3.12/site-packages/django/views/generic/base.py", line 104, in view
    return self.dispatch(request, *args, **kwargs)
           ^^^^^^^^^^^^^^^^^^^^^^^^^^^^^^^^^^^^^^^
  File "/home/fabianosf/Desktop/Projetos/vetsystem/backend/venv/lib/python3.12/site-packages/rest_framework/views.py", line 509, in dispatch
    response = self.handle_exception(exc)
               ^^^^^^^^^^^^^^^^^^^^^^^^^^
  File "/home/fabianosf/Desktop/Projetos/vetsystem/backend/venv/lib/python3.12/site-packages/rest_framework/views.py", line 469, in handle_exception
    self.raise_uncaught_exception(exc)
  File "/home/fabianosf/Desktop/Projetos/vetsystem/backend/venv/lib/python3.12/site-packages/rest_framework/views.py", line 480, in raise_uncaught_exception
    raise exc
  File "/home/fabianosf/Desktop/Projetos/vetsystem/backend/venv/lib/python3.12/site-packages/rest_framework/views.py", line 506, in dispatch
    response = handler(request, *args, **kwargs)
               ^^^^^^^^^^^^^^^^^^^^^^^^^^^^^^^^^
  File "/home/fabianosf/Desktop/Projetos/vetsystem/backend/venv/lib/python3.12/site-packages/rest_framework/decorators.py", line 50, in handler
    return func(*args, **kwargs)
           ^^^^^^^^^^^^^^^^^^^^^
  File "/home/fabianosf/Desktop/Projetos/vetsystem/backend/api/views/dashboard_views.py", line 122, in veterinarios_performance
    performance = Veterinario.objects.annotate(
                  ^^^^^^^^^^^^^^^^^^^^^^^^^^^^^
  File "/home/fabianosf/Desktop/Projetos/vetsystem/backend/venv/lib/python3.12/site-packages/django/db/models/manager.py", line 87, in manager_method
    return getattr(self.get_queryset(), name)(*args, **kwargs)
           ^^^^^^^^^^^^^^^^^^^^^^^^^^^^^^^^^^^^^^^^^^^^^^^^^^^
  File "/home/fabianosf/Desktop/Projetos/vetsystem/backend/venv/lib/python3.12/site-packages/django/db/models/query.py", line 1590, in annotate
    return self._annotate(args, kwargs, select=True)
           ^^^^^^^^^^^^^^^^^^^^^^^^^^^^^^^^^^^^^^^^^
  File "/home/fabianosf/Desktop/Projetos/vetsystem/backend/venv/lib/python3.12/site-packages/django/db/models/query.py", line 1638, in _annotate
    clone.query.add_annotation(
  File "/home/fabianosf/Desktop/Projetos/vetsystem/backend/venv/lib/python3.12/site-packages/django/db/models/sql/query.py", line 1133, in add_annotation
    annotation = annotation.resolve_expression(self, allow_joins=True, reuse=None)
                 ^^^^^^^^^^^^^^^^^^^^^^^^^^^^^^^^^^^^^^^^^^^^^^^^^^^^^^^^^^^^^^^^^
  File "/home/fabianosf/Desktop/Projetos/vetsystem/backend/venv/lib/python3.12/site-packages/django/db/models/aggregates.py", line 64, in resolve_expression
    c = super().resolve_expression(query, allow_joins, reuse, summarize)
        ^^^^^^^^^^^^^^^^^^^^^^^^^^^^^^^^^^^^^^^^^^^^^^^^^^^^^^^^^^^^^^^^
  File "/home/fabianosf/Desktop/Projetos/vetsystem/backend/venv/lib/python3.12/site-packages/django/db/models/expressions.py", line 950, in resolve_expression
    c.source_expressions[pos] = arg.resolve_expression(
                                ^^^^^^^^^^^^^^^^^^^^^^^
  File "/home/fabianosf/Desktop/Projetos/vetsystem/backend/venv/lib/python3.12/site-packages/django/db/models/expressions.py", line 829, in resolve_expression
    return query.resolve_ref(self.name, allow_joins, reuse, summarize)
           ^^^^^^^^^^^^^^^^^^^^^^^^^^^^^^^^^^^^^^^^^^^^^^^^^^^^^^^^^^^
  File "/home/fabianosf/Desktop/Projetos/vetsystem/backend/venv/lib/python3.12/site-packages/django/db/models/sql/query.py", line 1976, in resolve_ref
    join_info = self.setup_joins(
                ^^^^^^^^^^^^^^^^^
  File "/home/fabianosf/Desktop/Projetos/vetsystem/backend/venv/lib/python3.12/site-packages/django/db/models/sql/query.py", line 1823, in setup_joins
    path, final_field, targets, rest = self.names_to_path(
                                       ^^^^^^^^^^^^^^^^^^^
  File "/home/fabianosf/Desktop/Projetos/vetsystem/backend/venv/lib/python3.12/site-packages/django/db/models/sql/query.py", line 1724, in names_to_path
    raise FieldError(
django.core.exceptions.FieldError: Cannot resolve keyword 'consulta' into field. Choices are: bio, consultas, created_at, crmv, diagnosticos_validados, email, exames_solicitados, id, name, phone, profile_image, specialties, status, updated_at, work_end_hour, work_start_hour
ERROR 2025-12-31 14:01:39,719 basehttp "GET /api/dashboard/veterinarios/ HTTP/1.1" 500 162249
ERROR 2025-12-31 14:01:39,927 log Internal Server Error: /api/dashboard/stats/
Traceback (most recent call last):
  File "/home/fabianosf/Desktop/Projetos/vetsystem/backend/venv/lib/python3.12/site-packages/django/core/handlers/exception.py", line 55, in inner
    response = get_response(request)
               ^^^^^^^^^^^^^^^^^^^^^
  File "/home/fabianosf/Desktop/Projetos/vetsystem/backend/venv/lib/python3.12/site-packages/django/core/handlers/base.py", line 197, in _get_response
    response = wrapped_callback(request, *callback_args, **callback_kwargs)
               ^^^^^^^^^^^^^^^^^^^^^^^^^^^^^^^^^^^^^^^^^^^^^^^^^^^^^^^^^^^^
  File "/home/fabianosf/Desktop/Projetos/vetsystem/backend/venv/lib/python3.12/site-packages/django/views/decorators/csrf.py", line 56, in wrapper_view
    return view_func(*args, **kwargs)
           ^^^^^^^^^^^^^^^^^^^^^^^^^^
  File "/home/fabianosf/Desktop/Projetos/vetsystem/backend/venv/lib/python3.12/site-packages/django/views/generic/base.py", line 104, in view
    return self.dispatch(request, *args, **kwargs)
           ^^^^^^^^^^^^^^^^^^^^^^^^^^^^^^^^^^^^^^^
  File "/home/fabianosf/Desktop/Projetos/vetsystem/backend/venv/lib/python3.12/site-packages/rest_framework/views.py", line 509, in dispatch
    response = self.handle_exception(exc)
               ^^^^^^^^^^^^^^^^^^^^^^^^^^
  File "/home/fabianosf/Desktop/Projetos/vetsystem/backend/venv/lib/python3.12/site-packages/rest_framework/views.py", line 469, in handle_exception
    self.raise_uncaught_exception(exc)
  File "/home/fabianosf/Desktop/Projetos/vetsystem/backend/venv/lib/python3.12/site-packages/rest_framework/views.py", line 480, in raise_uncaught_exception
    raise exc
  File "/home/fabianosf/Desktop/Projetos/vetsystem/backend/venv/lib/python3.12/site-packages/rest_framework/views.py", line 506, in dispatch
    response = handler(request, *args, **kwargs)
               ^^^^^^^^^^^^^^^^^^^^^^^^^^^^^^^^^
  File "/home/fabianosf/Desktop/Projetos/vetsystem/backend/venv/lib/python3.12/site-packages/rest_framework/decorators.py", line 50, in handler
    return func(*args, **kwargs)
           ^^^^^^^^^^^^^^^^^^^^^
  File "/home/fabianosf/Desktop/Projetos/vetsystem/backend/api/views/dashboard_views.py", line 50, in dashboard_stats
    animais_ativos = Animal.objects.filter(
                     ^^^^^^^^^^^^^^^^^^^^^^
  File "/home/fabianosf/Desktop/Projetos/vetsystem/backend/venv/lib/python3.12/site-packages/django/db/models/manager.py", line 87, in manager_method
    return getattr(self.get_queryset(), name)(*args, **kwargs)
           ^^^^^^^^^^^^^^^^^^^^^^^^^^^^^^^^^^^^^^^^^^^^^^^^^^^
  File "/home/fabianosf/Desktop/Projetos/vetsystem/backend/venv/lib/python3.12/site-packages/django/db/models/query.py", line 1436, in filter
    return self._filter_or_exclude(False, args, kwargs)
           ^^^^^^^^^^^^^^^^^^^^^^^^^^^^^^^^^^^^^^^^^^^^
  File "/home/fabianosf/Desktop/Projetos/vetsystem/backend/venv/lib/python3.12/site-packages/django/db/models/query.py", line 1454, in _filter_or_exclude
    clone._filter_or_exclude_inplace(negate, args, kwargs)
  File "/home/fabianosf/Desktop/Projetos/vetsystem/backend/venv/lib/python3.12/site-packages/django/db/models/query.py", line 1461, in _filter_or_exclude_inplace
    self._query.add_q(Q(*args, **kwargs))
  File "/home/fabianosf/Desktop/Projetos/vetsystem/backend/venv/lib/python3.12/site-packages/django/db/models/sql/query.py", line 1545, in add_q
    clause, _ = self._add_q(q_object, self.used_aliases)
                ^^^^^^^^^^^^^^^^^^^^^^^^^^^^^^^^^^^^^^^^
  File "/home/fabianosf/Desktop/Projetos/vetsystem/backend/venv/lib/python3.12/site-packages/django/db/models/sql/query.py", line 1576, in _add_q
    child_clause, needed_inner = self.build_filter(
                                 ^^^^^^^^^^^^^^^^^^
  File "/home/fabianosf/Desktop/Projetos/vetsystem/backend/venv/lib/python3.12/site-packages/django/db/models/sql/query.py", line 1426, in build_filter
    lookups, parts, reffed_expression = self.solve_lookup_type(arg, summarize)
                                        ^^^^^^^^^^^^^^^^^^^^^^^^^^^^^^^^^^^^^^
  File "/home/fabianosf/Desktop/Projetos/vetsystem/backend/venv/lib/python3.12/site-packages/django/db/models/sql/query.py", line 1236, in solve_lookup_type
    _, field, _, lookup_parts = self.names_to_path(lookup_splitted, self.get_meta())
                                ^^^^^^^^^^^^^^^^^^^^^^^^^^^^^^^^^^^^^^^^^^^^^^^^^^^^
  File "/home/fabianosf/Desktop/Projetos/vetsystem/backend/venv/lib/python3.12/site-packages/django/db/models/sql/query.py", line 1724, in names_to_path
    raise FieldError(
django.core.exceptions.FieldError: Cannot resolve keyword 'consulta' into field. Choices are: age, breed, color, consultas, contratos_plano, created_at, diagnosticos_ia, exames, gender, health_checks, id, is_active, microchip, name, observations, profile_image, rg_animal, species, tutor, tutor_id, updated_at, vacinas, weight
ERROR 2025-12-31 14:01:39,932 basehttp "GET /api/dashboard/stats/ HTTP/1.1" 500 160936
WARNING 2025-12-31 14:03:27,210 log Unauthorized: /api/dashboard/stats/
WARNING 2025-12-31 14:03:27,210 basehttp "GET /api/dashboard/stats/ HTTP/1.1" 401 10037
INFO 2025-12-31 14:04:31,059 autoreload /home/fabianosf/Desktop/Projetos/vetsystem/backend/api/views/dashboard_views.py changed, reloading.
INFO 2025-12-31 14:04:32,762 autoreload Watching for file changes with StatReloader
INFO 2025-12-31 14:04:51,906 basehttp "GET /api/dashboard/racas/ HTTP/1.1" 200 210
INFO 2025-12-31 14:04:51,908 basehttp "GET /api/notificacoes/nao_lidas/ HTTP/1.1" 200 2
INFO 2025-12-31 14:04:51,915 basehttp "GET /api/dashboard/consultas-status/ HTTP/1.1" 200 100
INFO 2025-12-31 14:04:51,926 basehttp "GET /api/dashboard/consultas-timeline/?dias=30 HTTP/1.1" 200 993
INFO 2025-12-31 14:04:52,078 basehttp "GET /api/dashboard/consultas-status/ HTTP/1.1" 200 100
INFO 2025-12-31 14:04:52,086 basehttp "GET /api/dashboard/racas/ HTTP/1.1" 200 210
INFO 2025-12-31 14:04:52,090 basehttp "GET /api/notificacoes/nao_lidas/ HTTP/1.1" 200 2
INFO 2025-12-31 14:04:52,095 basehttp "GET /api/dashboard/consultas-timeline/?dias=30 HTTP/1.1" 200 993
ERROR 2025-12-31 14:04:52,211 log Internal Server Error: /api/dashboard/veterinarios/
Traceback (most recent call last):
  File "/home/fabianosf/Desktop/Projetos/vetsystem/backend/venv/lib/python3.12/site-packages/django/core/handlers/exception.py", line 55, in inner
    response = get_response(request)
               ^^^^^^^^^^^^^^^^^^^^^
  File "/home/fabianosf/Desktop/Projetos/vetsystem/backend/venv/lib/python3.12/site-packages/django/core/handlers/base.py", line 197, in _get_response
    response = wrapped_callback(request, *callback_args, **callback_kwargs)
               ^^^^^^^^^^^^^^^^^^^^^^^^^^^^^^^^^^^^^^^^^^^^^^^^^^^^^^^^^^^^
  File "/home/fabianosf/Desktop/Projetos/vetsystem/backend/venv/lib/python3.12/site-packages/django/views/decorators/csrf.py", line 56, in wrapper_view
    return view_func(*args, **kwargs)
           ^^^^^^^^^^^^^^^^^^^^^^^^^^
  File "/home/fabianosf/Desktop/Projetos/vetsystem/backend/venv/lib/python3.12/site-packages/django/views/generic/base.py", line 104, in view
    return self.dispatch(request, *args, **kwargs)
           ^^^^^^^^^^^^^^^^^^^^^^^^^^^^^^^^^^^^^^^
  File "/home/fabianosf/Desktop/Projetos/vetsystem/backend/venv/lib/python3.12/site-packages/rest_framework/views.py", line 509, in dispatch
    response = self.handle_exception(exc)
               ^^^^^^^^^^^^^^^^^^^^^^^^^^
  File "/home/fabianosf/Desktop/Projetos/vetsystem/backend/venv/lib/python3.12/site-packages/rest_framework/views.py", line 469, in handle_exception
    self.raise_uncaught_exception(exc)
  File "/home/fabianosf/Desktop/Projetos/vetsystem/backend/venv/lib/python3.12/site-packages/rest_framework/views.py", line 480, in raise_uncaught_exception
    raise exc
  File "/home/fabianosf/Desktop/Projetos/vetsystem/backend/venv/lib/python3.12/site-packages/rest_framework/views.py", line 506, in dispatch
    response = handler(request, *args, **kwargs)
               ^^^^^^^^^^^^^^^^^^^^^^^^^^^^^^^^^
  File "/home/fabianosf/Desktop/Projetos/vetsystem/backend/venv/lib/python3.12/site-packages/rest_framework/decorators.py", line 50, in handler
    return func(*args, **kwargs)
           ^^^^^^^^^^^^^^^^^^^^^
  File "/home/fabianosf/Desktop/Projetos/vetsystem/backend/api/views/dashboard_views.py", line 122, in veterinarios_performance
    performance = Veterinario.objects.annotate(
                  ^^^^^^^^^^^^^^^^^^^^^^^^^^^^^
  File "/home/fabianosf/Desktop/Projetos/vetsystem/backend/venv/lib/python3.12/site-packages/django/db/models/manager.py", line 87, in manager_method
    return getattr(self.get_queryset(), name)(*args, **kwargs)
           ^^^^^^^^^^^^^^^^^^^^^^^^^^^^^^^^^^^^^^^^^^^^^^^^^^^
  File "/home/fabianosf/Desktop/Projetos/vetsystem/backend/venv/lib/python3.12/site-packages/django/db/models/query.py", line 1590, in annotate
    return self._annotate(args, kwargs, select=True)
           ^^^^^^^^^^^^^^^^^^^^^^^^^^^^^^^^^^^^^^^^^
  File "/home/fabianosf/Desktop/Projetos/vetsystem/backend/venv/lib/python3.12/site-packages/django/db/models/query.py", line 1638, in _annotate
    clone.query.add_annotation(
  File "/home/fabianosf/Desktop/Projetos/vetsystem/backend/venv/lib/python3.12/site-packages/django/db/models/sql/query.py", line 1133, in add_annotation
    annotation = annotation.resolve_expression(self, allow_joins=True, reuse=None)
                 ^^^^^^^^^^^^^^^^^^^^^^^^^^^^^^^^^^^^^^^^^^^^^^^^^^^^^^^^^^^^^^^^^
  File "/home/fabianosf/Desktop/Projetos/vetsystem/backend/venv/lib/python3.12/site-packages/django/db/models/aggregates.py", line 64, in resolve_expression
    c = super().resolve_expression(query, allow_joins, reuse, summarize)
        ^^^^^^^^^^^^^^^^^^^^^^^^^^^^^^^^^^^^^^^^^^^^^^^^^^^^^^^^^^^^^^^^
  File "/home/fabianosf/Desktop/Projetos/vetsystem/backend/venv/lib/python3.12/site-packages/django/db/models/expressions.py", line 950, in resolve_expression
    c.source_expressions[pos] = arg.resolve_expression(
                                ^^^^^^^^^^^^^^^^^^^^^^^
  File "/home/fabianosf/Desktop/Projetos/vetsystem/backend/venv/lib/python3.12/site-packages/django/db/models/expressions.py", line 829, in resolve_expression
    return query.resolve_ref(self.name, allow_joins, reuse, summarize)
           ^^^^^^^^^^^^^^^^^^^^^^^^^^^^^^^^^^^^^^^^^^^^^^^^^^^^^^^^^^^
  File "/home/fabianosf/Desktop/Projetos/vetsystem/backend/venv/lib/python3.12/site-packages/django/db/models/sql/query.py", line 1976, in resolve_ref
    join_info = self.setup_joins(
                ^^^^^^^^^^^^^^^^^
  File "/home/fabianosf/Desktop/Projetos/vetsystem/backend/venv/lib/python3.12/site-packages/django/db/models/sql/query.py", line 1823, in setup_joins
    path, final_field, targets, rest = self.names_to_path(
                                       ^^^^^^^^^^^^^^^^^^^
  File "/home/fabianosf/Desktop/Projetos/vetsystem/backend/venv/lib/python3.12/site-packages/django/db/models/sql/query.py", line 1724, in names_to_path
    raise FieldError(
django.core.exceptions.FieldError: Cannot resolve keyword 'consulta' into field. Choices are: bio, consultas, created_at, crmv, diagnosticos_validados, email, exames_solicitados, id, name, phone, profile_image, specialties, status, updated_at, work_end_hour, work_start_hour
ERROR 2025-12-31 14:04:52,227 basehttp "GET /api/dashboard/veterinarios/ HTTP/1.1" 500 162249
ERROR 2025-12-31 14:04:52,324 log Internal Server Error: /api/dashboard/stats/
Traceback (most recent call last):
  File "/home/fabianosf/Desktop/Projetos/vetsystem/backend/venv/lib/python3.12/site-packages/django/core/handlers/exception.py", line 55, in inner
    response = get_response(request)
               ^^^^^^^^^^^^^^^^^^^^^
  File "/home/fabianosf/Desktop/Projetos/vetsystem/backend/venv/lib/python3.12/site-packages/django/core/handlers/base.py", line 197, in _get_response
    response = wrapped_callback(request, *callback_args, **callback_kwargs)
               ^^^^^^^^^^^^^^^^^^^^^^^^^^^^^^^^^^^^^^^^^^^^^^^^^^^^^^^^^^^^
  File "/home/fabianosf/Desktop/Projetos/vetsystem/backend/venv/lib/python3.12/site-packages/django/views/decorators/csrf.py", line 56, in wrapper_view
    return view_func(*args, **kwargs)
           ^^^^^^^^^^^^^^^^^^^^^^^^^^
  File "/home/fabianosf/Desktop/Projetos/vetsystem/backend/venv/lib/python3.12/site-packages/django/views/generic/base.py", line 104, in view
    return self.dispatch(request, *args, **kwargs)
           ^^^^^^^^^^^^^^^^^^^^^^^^^^^^^^^^^^^^^^^
  File "/home/fabianosf/Desktop/Projetos/vetsystem/backend/venv/lib/python3.12/site-packages/rest_framework/views.py", line 509, in dispatch
    response = self.handle_exception(exc)
               ^^^^^^^^^^^^^^^^^^^^^^^^^^
  File "/home/fabianosf/Desktop/Projetos/vetsystem/backend/venv/lib/python3.12/site-packages/rest_framework/views.py", line 469, in handle_exception
    self.raise_uncaught_exception(exc)
  File "/home/fabianosf/Desktop/Projetos/vetsystem/backend/venv/lib/python3.12/site-packages/rest_framework/views.py", line 480, in raise_uncaught_exception
    raise exc
  File "/home/fabianosf/Desktop/Projetos/vetsystem/backend/venv/lib/python3.12/site-packages/rest_framework/views.py", line 506, in dispatch
    response = handler(request, *args, **kwargs)
               ^^^^^^^^^^^^^^^^^^^^^^^^^^^^^^^^^
  File "/home/fabianosf/Desktop/Projetos/vetsystem/backend/venv/lib/python3.12/site-packages/rest_framework/decorators.py", line 50, in handler
    return func(*args, **kwargs)
           ^^^^^^^^^^^^^^^^^^^^^
  File "/home/fabianosf/Desktop/Projetos/vetsystem/backend/api/views/dashboard_views.py", line 50, in dashboard_stats
    animais_ativos = Animal.objects.filter(
                     ^^^^^^^^^^^^^^^^^^^^^^
  File "/home/fabianosf/Desktop/Projetos/vetsystem/backend/venv/lib/python3.12/site-packages/django/db/models/manager.py", line 87, in manager_method
    return getattr(self.get_queryset(), name)(*args, **kwargs)
           ^^^^^^^^^^^^^^^^^^^^^^^^^^^^^^^^^^^^^^^^^^^^^^^^^^^
  File "/home/fabianosf/Desktop/Projetos/vetsystem/backend/venv/lib/python3.12/site-packages/django/db/models/query.py", line 1436, in filter
    return self._filter_or_exclude(False, args, kwargs)
           ^^^^^^^^^^^^^^^^^^^^^^^^^^^^^^^^^^^^^^^^^^^^
  File "/home/fabianosf/Desktop/Projetos/vetsystem/backend/venv/lib/python3.12/site-packages/django/db/models/query.py", line 1454, in _filter_or_exclude
    clone._filter_or_exclude_inplace(negate, args, kwargs)
  File "/home/fabianosf/Desktop/Projetos/vetsystem/backend/venv/lib/python3.12/site-packages/django/db/models/query.py", line 1461, in _filter_or_exclude_inplace
    self._query.add_q(Q(*args, **kwargs))
  File "/home/fabianosf/Desktop/Projetos/vetsystem/backend/venv/lib/python3.12/site-packages/django/db/models/sql/query.py", line 1545, in add_q
    clause, _ = self._add_q(q_object, self.used_aliases)
                ^^^^^^^^^^^^^^^^^^^^^^^^^^^^^^^^^^^^^^^^
  File "/home/fabianosf/Desktop/Projetos/vetsystem/backend/venv/lib/python3.12/site-packages/django/db/models/sql/query.py", line 1576, in _add_q
    child_clause, needed_inner = self.build_filter(
                                 ^^^^^^^^^^^^^^^^^^
  File "/home/fabianosf/Desktop/Projetos/vetsystem/backend/venv/lib/python3.12/site-packages/django/db/models/sql/query.py", line 1426, in build_filter
    lookups, parts, reffed_expression = self.solve_lookup_type(arg, summarize)
                                        ^^^^^^^^^^^^^^^^^^^^^^^^^^^^^^^^^^^^^^
  File "/home/fabianosf/Desktop/Projetos/vetsystem/backend/venv/lib/python3.12/site-packages/django/db/models/sql/query.py", line 1236, in solve_lookup_type
    _, field, _, lookup_parts = self.names_to_path(lookup_splitted, self.get_meta())
                                ^^^^^^^^^^^^^^^^^^^^^^^^^^^^^^^^^^^^^^^^^^^^^^^^^^^^
  File "/home/fabianosf/Desktop/Projetos/vetsystem/backend/venv/lib/python3.12/site-packages/django/db/models/sql/query.py", line 1724, in names_to_path
    raise FieldError(
django.core.exceptions.FieldError: Cannot resolve keyword 'consulta' into field. Choices are: age, breed, color, consultas, contratos_plano, created_at, diagnosticos_ia, exames, gender, health_checks, id, is_active, microchip, name, observations, profile_image, rg_animal, species, tutor, tutor_id, updated_at, vacinas, weight
ERROR 2025-12-31 14:04:52,332 basehttp "GET /api/dashboard/stats/ HTTP/1.1" 500 160936
ERROR 2025-12-31 14:04:52,422 log Internal Server Error: /api/dashboard/veterinarios/
Traceback (most recent call last):
  File "/home/fabianosf/Desktop/Projetos/vetsystem/backend/venv/lib/python3.12/site-packages/django/core/handlers/exception.py", line 55, in inner
    response = get_response(request)
               ^^^^^^^^^^^^^^^^^^^^^
  File "/home/fabianosf/Desktop/Projetos/vetsystem/backend/venv/lib/python3.12/site-packages/django/core/handlers/base.py", line 197, in _get_response
    response = wrapped_callback(request, *callback_args, **callback_kwargs)
               ^^^^^^^^^^^^^^^^^^^^^^^^^^^^^^^^^^^^^^^^^^^^^^^^^^^^^^^^^^^^
  File "/home/fabianosf/Desktop/Projetos/vetsystem/backend/venv/lib/python3.12/site-packages/django/views/decorators/csrf.py", line 56, in wrapper_view
    return view_func(*args, **kwargs)
           ^^^^^^^^^^^^^^^^^^^^^^^^^^
  File "/home/fabianosf/Desktop/Projetos/vetsystem/backend/venv/lib/python3.12/site-packages/django/views/generic/base.py", line 104, in view
    return self.dispatch(request, *args, **kwargs)
           ^^^^^^^^^^^^^^^^^^^^^^^^^^^^^^^^^^^^^^^
  File "/home/fabianosf/Desktop/Projetos/vetsystem/backend/venv/lib/python3.12/site-packages/rest_framework/views.py", line 509, in dispatch
    response = self.handle_exception(exc)
               ^^^^^^^^^^^^^^^^^^^^^^^^^^
  File "/home/fabianosf/Desktop/Projetos/vetsystem/backend/venv/lib/python3.12/site-packages/rest_framework/views.py", line 469, in handle_exception
    self.raise_uncaught_exception(exc)
  File "/home/fabianosf/Desktop/Projetos/vetsystem/backend/venv/lib/python3.12/site-packages/rest_framework/views.py", line 480, in raise_uncaught_exception
    raise exc
  File "/home/fabianosf/Desktop/Projetos/vetsystem/backend/venv/lib/python3.12/site-packages/rest_framework/views.py", line 506, in dispatch
    response = handler(request, *args, **kwargs)
               ^^^^^^^^^^^^^^^^^^^^^^^^^^^^^^^^^
  File "/home/fabianosf/Desktop/Projetos/vetsystem/backend/venv/lib/python3.12/site-packages/rest_framework/decorators.py", line 50, in handler
    return func(*args, **kwargs)
           ^^^^^^^^^^^^^^^^^^^^^
  File "/home/fabianosf/Desktop/Projetos/vetsystem/backend/api/views/dashboard_views.py", line 122, in veterinarios_performance
    performance = Veterinario.objects.annotate(
                  ^^^^^^^^^^^^^^^^^^^^^^^^^^^^^
  File "/home/fabianosf/Desktop/Projetos/vetsystem/backend/venv/lib/python3.12/site-packages/django/db/models/manager.py", line 87, in manager_method
    return getattr(self.get_queryset(), name)(*args, **kwargs)
           ^^^^^^^^^^^^^^^^^^^^^^^^^^^^^^^^^^^^^^^^^^^^^^^^^^^
  File "/home/fabianosf/Desktop/Projetos/vetsystem/backend/venv/lib/python3.12/site-packages/django/db/models/query.py", line 1590, in annotate
    return self._annotate(args, kwargs, select=True)
           ^^^^^^^^^^^^^^^^^^^^^^^^^^^^^^^^^^^^^^^^^
  File "/home/fabianosf/Desktop/Projetos/vetsystem/backend/venv/lib/python3.12/site-packages/django/db/models/query.py", line 1638, in _annotate
    clone.query.add_annotation(
  File "/home/fabianosf/Desktop/Projetos/vetsystem/backend/venv/lib/python3.12/site-packages/django/db/models/sql/query.py", line 1133, in add_annotation
    annotation = annotation.resolve_expression(self, allow_joins=True, reuse=None)
                 ^^^^^^^^^^^^^^^^^^^^^^^^^^^^^^^^^^^^^^^^^^^^^^^^^^^^^^^^^^^^^^^^^
  File "/home/fabianosf/Desktop/Projetos/vetsystem/backend/venv/lib/python3.12/site-packages/django/db/models/aggregates.py", line 64, in resolve_expression
    c = super().resolve_expression(query, allow_joins, reuse, summarize)
        ^^^^^^^^^^^^^^^^^^^^^^^^^^^^^^^^^^^^^^^^^^^^^^^^^^^^^^^^^^^^^^^^
  File "/home/fabianosf/Desktop/Projetos/vetsystem/backend/venv/lib/python3.12/site-packages/django/db/models/expressions.py", line 950, in resolve_expression
    c.source_expressions[pos] = arg.resolve_expression(
                                ^^^^^^^^^^^^^^^^^^^^^^^
  File "/home/fabianosf/Desktop/Projetos/vetsystem/backend/venv/lib/python3.12/site-packages/django/db/models/expressions.py", line 829, in resolve_expression
    return query.resolve_ref(self.name, allow_joins, reuse, summarize)
           ^^^^^^^^^^^^^^^^^^^^^^^^^^^^^^^^^^^^^^^^^^^^^^^^^^^^^^^^^^^
  File "/home/fabianosf/Desktop/Projetos/vetsystem/backend/venv/lib/python3.12/site-packages/django/db/models/sql/query.py", line 1976, in resolve_ref
    join_info = self.setup_joins(
                ^^^^^^^^^^^^^^^^^
  File "/home/fabianosf/Desktop/Projetos/vetsystem/backend/venv/lib/python3.12/site-packages/django/db/models/sql/query.py", line 1823, in setup_joins
    path, final_field, targets, rest = self.names_to_path(
                                       ^^^^^^^^^^^^^^^^^^^
  File "/home/fabianosf/Desktop/Projetos/vetsystem/backend/venv/lib/python3.12/site-packages/django/db/models/sql/query.py", line 1724, in names_to_path
    raise FieldError(
django.core.exceptions.FieldError: Cannot resolve keyword 'consulta' into field. Choices are: bio, consultas, created_at, crmv, diagnosticos_validados, email, exames_solicitados, id, name, phone, profile_image, specialties, status, updated_at, work_end_hour, work_start_hour
ERROR 2025-12-31 14:04:52,438 basehttp "GET /api/dashboard/veterinarios/ HTTP/1.1" 500 162249
ERROR 2025-12-31 14:04:52,615 log Internal Server Error: /api/dashboard/stats/
Traceback (most recent call last):
  File "/home/fabianosf/Desktop/Projetos/vetsystem/backend/venv/lib/python3.12/site-packages/django/core/handlers/exception.py", line 55, in inner
    response = get_response(request)
               ^^^^^^^^^^^^^^^^^^^^^
  File "/home/fabianosf/Desktop/Projetos/vetsystem/backend/venv/lib/python3.12/site-packages/django/core/handlers/base.py", line 197, in _get_response
    response = wrapped_callback(request, *callback_args, **callback_kwargs)
               ^^^^^^^^^^^^^^^^^^^^^^^^^^^^^^^^^^^^^^^^^^^^^^^^^^^^^^^^^^^^
  File "/home/fabianosf/Desktop/Projetos/vetsystem/backend/venv/lib/python3.12/site-packages/django/views/decorators/csrf.py", line 56, in wrapper_view
    return view_func(*args, **kwargs)
           ^^^^^^^^^^^^^^^^^^^^^^^^^^
  File "/home/fabianosf/Desktop/Projetos/vetsystem/backend/venv/lib/python3.12/site-packages/django/views/generic/base.py", line 104, in view
    return self.dispatch(request, *args, **kwargs)
           ^^^^^^^^^^^^^^^^^^^^^^^^^^^^^^^^^^^^^^^
  File "/home/fabianosf/Desktop/Projetos/vetsystem/backend/venv/lib/python3.12/site-packages/rest_framework/views.py", line 509, in dispatch
    response = self.handle_exception(exc)
               ^^^^^^^^^^^^^^^^^^^^^^^^^^
  File "/home/fabianosf/Desktop/Projetos/vetsystem/backend/venv/lib/python3.12/site-packages/rest_framework/views.py", line 469, in handle_exception
    self.raise_uncaught_exception(exc)
  File "/home/fabianosf/Desktop/Projetos/vetsystem/backend/venv/lib/python3.12/site-packages/rest_framework/views.py", line 480, in raise_uncaught_exception
    raise exc
  File "/home/fabianosf/Desktop/Projetos/vetsystem/backend/venv/lib/python3.12/site-packages/rest_framework/views.py", line 506, in dispatch
    response = handler(request, *args, **kwargs)
               ^^^^^^^^^^^^^^^^^^^^^^^^^^^^^^^^^
  File "/home/fabianosf/Desktop/Projetos/vetsystem/backend/venv/lib/python3.12/site-packages/rest_framework/decorators.py", line 50, in handler
    return func(*args, **kwargs)
           ^^^^^^^^^^^^^^^^^^^^^
  File "/home/fabianosf/Desktop/Projetos/vetsystem/backend/api/views/dashboard_views.py", line 50, in dashboard_stats
    animais_ativos = Animal.objects.filter(
                     ^^^^^^^^^^^^^^^^^^^^^^
  File "/home/fabianosf/Desktop/Projetos/vetsystem/backend/venv/lib/python3.12/site-packages/django/db/models/manager.py", line 87, in manager_method
    return getattr(self.get_queryset(), name)(*args, **kwargs)
           ^^^^^^^^^^^^^^^^^^^^^^^^^^^^^^^^^^^^^^^^^^^^^^^^^^^
  File "/home/fabianosf/Desktop/Projetos/vetsystem/backend/venv/lib/python3.12/site-packages/django/db/models/query.py", line 1436, in filter
    return self._filter_or_exclude(False, args, kwargs)
           ^^^^^^^^^^^^^^^^^^^^^^^^^^^^^^^^^^^^^^^^^^^^
  File "/home/fabianosf/Desktop/Projetos/vetsystem/backend/venv/lib/python3.12/site-packages/django/db/models/query.py", line 1454, in _filter_or_exclude
    clone._filter_or_exclude_inplace(negate, args, kwargs)
  File "/home/fabianosf/Desktop/Projetos/vetsystem/backend/venv/lib/python3.12/site-packages/django/db/models/query.py", line 1461, in _filter_or_exclude_inplace
    self._query.add_q(Q(*args, **kwargs))
  File "/home/fabianosf/Desktop/Projetos/vetsystem/backend/venv/lib/python3.12/site-packages/django/db/models/sql/query.py", line 1545, in add_q
    clause, _ = self._add_q(q_object, self.used_aliases)
                ^^^^^^^^^^^^^^^^^^^^^^^^^^^^^^^^^^^^^^^^
  File "/home/fabianosf/Desktop/Projetos/vetsystem/backend/venv/lib/python3.12/site-packages/django/db/models/sql/query.py", line 1576, in _add_q
    child_clause, needed_inner = self.build_filter(
                                 ^^^^^^^^^^^^^^^^^^
  File "/home/fabianosf/Desktop/Projetos/vetsystem/backend/venv/lib/python3.12/site-packages/django/db/models/sql/query.py", line 1426, in build_filter
    lookups, parts, reffed_expression = self.solve_lookup_type(arg, summarize)
                                        ^^^^^^^^^^^^^^^^^^^^^^^^^^^^^^^^^^^^^^
  File "/home/fabianosf/Desktop/Projetos/vetsystem/backend/venv/lib/python3.12/site-packages/django/db/models/sql/query.py", line 1236, in solve_lookup_type
    _, field, _, lookup_parts = self.names_to_path(lookup_splitted, self.get_meta())
                                ^^^^^^^^^^^^^^^^^^^^^^^^^^^^^^^^^^^^^^^^^^^^^^^^^^^^
  File "/home/fabianosf/Desktop/Projetos/vetsystem/backend/venv/lib/python3.12/site-packages/django/db/models/sql/query.py", line 1724, in names_to_path
    raise FieldError(
django.core.exceptions.FieldError: Cannot resolve keyword 'consulta' into field. Choices are: age, breed, color, consultas, contratos_plano, created_at, diagnosticos_ia, exames, gender, health_checks, id, is_active, microchip, name, observations, profile_image, rg_animal, species, tutor, tutor_id, updated_at, vacinas, weight
ERROR 2025-12-31 14:04:52,622 basehttp "GET /api/dashboard/stats/ HTTP/1.1" 500 160936
INFO 2025-12-31 14:06:21,576 autoreload /home/fabianosf/Desktop/Projetos/vetsystem/backend/api/views/dashboard_views.py changed, reloading.
INFO 2025-12-31 14:06:23,239 autoreload Watching for file changes with StatReloader
INFO 2025-12-31 14:06:33,292 basehttp "GET /api/dashboard/veterinarios/ HTTP/1.1" 200 2
INFO 2025-12-31 14:06:33,300 basehttp "GET /api/dashboard/consultas-status/ HTTP/1.1" 200 100
INFO 2025-12-31 14:06:33,317 basehttp "GET /api/notificacoes/nao_lidas/ HTTP/1.1" 200 2
INFO 2025-12-31 14:06:33,323 basehttp "GET /api/dashboard/racas/ HTTP/1.1" 200 210
INFO 2025-12-31 14:06:33,344 basehttp "GET /api/dashboard/consultas-timeline/?dias=30 HTTP/1.1" 200 993
INFO 2025-12-31 14:06:33,375 basehttp "GET /api/dashboard/veterinarios/ HTTP/1.1" 200 2
INFO 2025-12-31 14:06:33,380 basehttp "GET /api/dashboard/consultas-status/ HTTP/1.1" 200 100
INFO 2025-12-31 14:06:33,391 basehttp "GET /api/dashboard/stats/ HTTP/1.1" 200 307
INFO 2025-12-31 14:06:33,404 basehttp "GET /api/notificacoes/nao_lidas/ HTTP/1.1" 200 2
INFO 2025-12-31 14:06:33,420 basehttp "GET /api/dashboard/racas/ HTTP/1.1" 200 210
INFO 2025-12-31 14:06:33,428 basehttp "GET /api/dashboard/consultas-timeline/?dias=30 HTTP/1.1" 200 993
INFO 2025-12-31 14:06:33,472 basehttp "GET /api/dashboard/stats/ HTTP/1.1" 200 307
INFO 2025-12-31 14:08:07,695 basehttp "GET /api/dashboard/consultas-status/ HTTP/1.1" 200 100
INFO 2025-12-31 14:08:07,717 basehttp "GET /api/notificacoes/nao_lidas/ HTTP/1.1" 200 2
INFO 2025-12-31 14:08:07,722 basehttp "GET /api/dashboard/veterinarios/ HTTP/1.1" 200 2
INFO 2025-12-31 14:08:07,727 basehttp "GET /api/dashboard/racas/ HTTP/1.1" 200 210
INFO 2025-12-31 14:08:07,750 basehttp "GET /api/dashboard/consultas-timeline/?dias=30 HTTP/1.1" 200 993
INFO 2025-12-31 14:08:07,763 basehttp "GET /api/dashboard/stats/ HTTP/1.1" 200 307
INFO 2025-12-31 14:08:07,789 basehttp "GET /api/dashboard/racas/ HTTP/1.1" 200 210
INFO 2025-12-31 14:08:07,857 basehttp "GET /api/dashboard/consultas-status/ HTTP/1.1" 200 100
INFO 2025-12-31 14:08:07,884 basehttp "GET /api/dashboard/consultas-timeline/?dias=30 HTTP/1.1" 200 993
INFO 2025-12-31 14:08:07,924 basehttp "GET /api/notificacoes/nao_lidas/ HTTP/1.1" 200 2
INFO 2025-12-31 14:08:07,940 basehttp "GET /api/dashboard/veterinarios/ HTTP/1.1" 200 2
INFO 2025-12-31 14:08:07,952 basehttp "GET /api/dashboard/stats/ HTTP/1.1" 200 307
INFO 2025-12-31 14:08:19,453 basehttp "GET /api/veterinarios/ HTTP/1.1" 200 434
INFO 2025-12-31 14:08:19,454 basehttp "GET /api/animais/ HTTP/1.1" 200 2290
INFO 2025-12-31 14:08:19,482 basehttp "GET /api/consultas/ HTTP/1.1" 200 4704
INFO 2025-12-31 14:08:19,490 basehttp "GET /api/clinicas/ HTTP/1.1" 200 664
INFO 2025-12-31 14:08:19,513 basehttp "GET /api/veterinarios/ HTTP/1.1" 200 434
INFO 2025-12-31 14:08:19,560 basehttp "GET /api/animais/ HTTP/1.1" 200 2290
INFO 2025-12-31 14:08:19,568 basehttp "GET /api/clinicas/ HTTP/1.1" 200 664
INFO 2025-12-31 14:08:19,570 basehttp "GET /api/consultas/ HTTP/1.1" 200 4704
INFO 2025-12-31 14:08:20,931 basehttp "GET /api/tutores/ HTTP/1.1" 200 1382
INFO 2025-12-31 14:08:20,990 basehttp "GET /api/tutores/ HTTP/1.1" 200 1382
INFO 2025-12-31 14:08:25,375 basehttp "GET /api/animais/ HTTP/1.1" 200 2290
INFO 2025-12-31 14:08:25,389 basehttp "GET /api/tutores/ HTTP/1.1" 200 1382
INFO 2025-12-31 14:08:25,420 basehttp "GET /api/animais/ HTTP/1.1" 200 2290
INFO 2025-12-31 14:08:25,461 basehttp "GET /api/tutores/ HTTP/1.1" 200 1382
INFO 2025-12-31 14:08:26,783 basehttp "GET /api/animais/ HTTP/1.1" 200 2290
INFO 2025-12-31 14:08:26,815 basehttp "GET /api/animais/ HTTP/1.1" 200 2290
INFO 2025-12-31 14:08:28,665 basehttp "GET /api/notificacoes/nao_lidas/ HTTP/1.1" 200 2
INFO 2025-12-31 14:08:28,705 basehttp "GET /api/animais/ HTTP/1.1" 200 2290
INFO 2025-12-31 14:08:28,718 basehttp "GET /api/notificacoes/nao_lidas/ HTTP/1.1" 200 2
INFO 2025-12-31 14:08:28,725 basehttp "GET /api/tutores/ HTTP/1.1" 200 1382
INFO 2025-12-31 14:08:28,755 basehttp "GET /api/animais/ HTTP/1.1" 200 2290
INFO 2025-12-31 14:08:28,792 basehttp "GET /api/tutores/ HTTP/1.1" 200 1382
INFO 2025-12-31 14:08:30,845 basehttp "GET /api/veterinarios/ HTTP/1.1" 200 434
INFO 2025-12-31 14:08:30,874 basehttp "GET /api/veterinarios/ HTTP/1.1" 200 434
INFO 2025-12-31 14:08:32,471 basehttp "GET /api/planos/ HTTP/1.1" 200 3300
INFO 2025-12-31 14:08:32,525 basehttp "GET /api/planos/ HTTP/1.1" 200 3300
INFO 2025-12-31 14:08:33,811 basehttp "GET /api/clinicas/ HTTP/1.1" 200 664
INFO 2025-12-31 14:08:33,850 basehttp "GET /api/clinicas/ HTTP/1.1" 200 664
INFO 2025-12-31 14:08:35,076 basehttp "GET /api/dashboard/consultas-timeline/?dias=30 HTTP/1.1" 200 993
INFO 2025-12-31 14:08:35,090 basehttp "GET /api/dashboard/veterinarios/ HTTP/1.1" 200 2
INFO 2025-12-31 14:08:35,093 basehttp "GET /api/dashboard/racas/ HTTP/1.1" 200 210
INFO 2025-12-31 14:08:35,106 basehttp "GET /api/dashboard/consultas-status/ HTTP/1.1" 200 100
INFO 2025-12-31 14:08:35,132 basehttp "GET /api/dashboard/consultas-timeline/?dias=30 HTTP/1.1" 200 993
INFO 2025-12-31 14:08:35,135 basehttp "GET /api/dashboard/stats/ HTTP/1.1" 200 307
INFO 2025-12-31 14:08:35,143 basehttp "GET /api/dashboard/veterinarios/ HTTP/1.1" 200 2
INFO 2025-12-31 14:08:35,161 basehttp "GET /api/dashboard/consultas-status/ HTTP/1.1" 200 100
INFO 2025-12-31 14:08:35,167 basehttp "GET /api/dashboard/racas/ HTTP/1.1" 200 210
INFO 2025-12-31 14:08:35,207 basehttp "GET /api/dashboard/stats/ HTTP/1.1" 200 307
INFO 2025-12-31 14:08:58,979 basehttp "GET /api/notificacoes/nao_lidas/ HTTP/1.1" 200 2
INFO 2025-12-31 14:09:28,972 basehttp "GET /api/notificacoes/nao_lidas/ HTTP/1.1" 200 2
INFO 2025-12-31 14:15:26,468 autoreload /home/fabianosf/Desktop/Projetos/vetsystem/backend/api/urls.py changed, reloading.
INFO 2025-12-31 14:15:28,477 autoreload Watching for file changes with StatReloader
INFO 2025-12-31 14:22:12,068 basehttp "OPTIONS /api/notificacoes/nao_lidas/ HTTP/1.1" 200 0
INFO 2025-12-31 14:22:12,077 basehttp "OPTIONS /api/notificacoes/nao_lidas/ HTTP/1.1" 200 0
INFO 2025-12-31 14:22:12,128 basehttp "GET /api/dashboard/veterinarios/ HTTP/1.1" 200 2
INFO 2025-12-31 14:22:12,146 basehttp "GET /api/dashboard/consultas-timeline/?dias=30 HTTP/1.1" 200 993
INFO 2025-12-31 14:22:12,173 basehttp "GET /api/dashboard/consultas-status/ HTTP/1.1" 200 100
INFO 2025-12-31 14:22:12,194 basehttp "GET /api/notificacoes/nao_lidas/ HTTP/1.1" 200 2
INFO 2025-12-31 14:22:12,201 basehttp "GET /api/dashboard/racas/ HTTP/1.1" 200 210
INFO 2025-12-31 14:22:12,229 basehttp "GET /api/dashboard/consultas-timeline/?dias=30 HTTP/1.1" 200 993
INFO 2025-12-31 14:22:12,232 basehttp "GET /api/dashboard/veterinarios/ HTTP/1.1" 200 2
INFO 2025-12-31 14:22:12,235 basehttp "GET /api/dashboard/consultas-status/ HTTP/1.1" 200 100
INFO 2025-12-31 14:22:12,248 basehttp "GET /api/dashboard/stats/ HTTP/1.1" 200 307
INFO 2025-12-31 14:22:12,252 basehttp "GET /api/dashboard/racas/ HTTP/1.1" 200 210
INFO 2025-12-31 14:22:12,292 basehttp "GET /api/notificacoes/nao_lidas/ HTTP/1.1" 200 2
INFO 2025-12-31 14:22:12,319 basehttp "GET /api/dashboard/stats/ HTTP/1.1" 200 307
INFO 2025-12-31 14:24:22,316 autoreload /home/fabianosf/Desktop/Projetos/vetsystem/backend/api/views/dashboard_views.py changed, reloading.
INFO 2025-12-31 14:24:24,130 autoreload Watching for file changes with StatReloader
INFO 2025-12-31 14:35:12,770 autoreload /home/fabianosf/Desktop/Projetos/vetsystem/backend/api/views/__init__.py changed, reloading.
INFO 2025-12-31 14:35:14,554 autoreload Watching for file changes with StatReloader
INFO 2025-12-31 14:35:32,513 autoreload /home/fabianosf/Desktop/Projetos/vetsystem/backend/api/urls.py changed, reloading.
INFO 2025-12-31 14:35:34,066 autoreload Watching for file changes with StatReloader
INFO 2025-12-31 14:36:23,751 autoreload /home/fabianosf/Desktop/Projetos/vetsystem/backend/api/urls.py changed, reloading.
INFO 2025-12-31 14:36:25,633 autoreload Watching for file changes with StatReloader
INFO 2025-12-31 14:36:43,725 basehttp "OPTIONS /api/auth/login/ HTTP/1.1" 200 0
WARNING 2025-12-31 14:36:43,736 log Bad Request: /api/auth/login/
WARNING 2025-12-31 14:36:43,737 basehttp "POST /api/auth/login/ HTTP/1.1" 400 44
INFO 2025-12-31 14:37:15,207 autoreload /home/fabianosf/Desktop/Projetos/vetsystem/backend/api/urls.py changed, reloading.
INFO 2025-12-31 14:37:16,516 autoreload Watching for file changes with StatReloader
INFO 2025-12-31 14:37:41,020 autoreload /home/fabianosf/Desktop/Projetos/vetsystem/backend/api/views/__init__.py changed, reloading.
INFO 2025-12-31 14:37:42,586 autoreload Watching for file changes with StatReloader
INFO 2025-12-31 14:38:54,659 autoreload /home/fabianosf/Desktop/Projetos/vetsystem/backend/api/views/__init__.py changed, reloading.
INFO 2025-12-31 14:38:56,501 autoreload Watching for file changes with StatReloader
INFO 2025-12-31 14:39:16,952 autoreload Watching for file changes with StatReloader
WARNING 2025-12-31 14:40:03,718 log Bad Request: /api/auth/login/
WARNING 2025-12-31 14:40:03,718 basehttp "POST /api/auth/login/ HTTP/1.1" 400 44
WARNING 2025-12-31 14:42:05,310 log Bad Request: /api/auth/login/
WARNING 2025-12-31 14:42:05,311 basehttp "POST /api/auth/login/ HTTP/1.1" 400 44
INFO 2025-12-31 14:43:17,042 autoreload /home/fabianosf/Desktop/Projetos/vetsystem/backend/api/views/auth_views.py changed, reloading.
INFO 2025-12-31 14:43:18,730 autoreload Watching for file changes with StatReloader
INFO 2025-12-31 14:44:32,646 autoreload /home/fabianosf/Desktop/Projetos/vetsystem/backend/api/urls.py changed, reloading.
INFO 2025-12-31 14:44:34,523 autoreload Watching for file changes with StatReloader
INFO 2025-12-31 14:45:18,481 basehttp "POST /api/auth/login/ HTTP/1.1" 200 598
INFO 2025-12-31 14:49:14,802 basehttp "POST /api/auth/login/ HTTP/1.1" 200 598
INFO 2025-12-31 14:49:21,535 basehttp "OPTIONS /api/dashboard/kpis/ HTTP/1.1" 200 0
INFO 2025-12-31 14:49:21,538 basehttp "OPTIONS /api/dashboard/kpis/ HTTP/1.1" 200 0
WARNING 2025-12-31 14:49:21,589 log Not Found: /api/notificacoes/nao_lidas/
WARNING 2025-12-31 14:49:21,590 basehttp "GET /api/notificacoes/nao_lidas/ HTTP/1.1" 404 16123
WARNING 2025-12-31 14:49:21,628 log Not Found: /api/notificacoes/nao_lidas/
WARNING 2025-12-31 14:49:21,631 basehttp "GET /api/notificacoes/nao_lidas/ HTTP/1.1" 404 16123
ERROR 2025-12-31 14:49:21,670 log Internal Server Error: /api/dashboard/kpis/
ERROR 2025-12-31 14:49:21,670 basehttp "GET /api/dashboard/kpis/ HTTP/1.1" 500 42
ERROR 2025-12-31 14:49:21,810 log Internal Server Error: /api/dashboard/kpis/
ERROR 2025-12-31 14:49:21,812 basehttp "GET /api/dashboard/kpis/ HTTP/1.1" 500 42
INFO 2025-12-31 14:49:29,694 basehttp "OPTIONS /api/animais/ HTTP/1.1" 200 0
INFO 2025-12-31 14:49:29,697 basehttp "OPTIONS /api/consultas/ HTTP/1.1" 200 0
INFO 2025-12-31 14:49:29,702 basehttp "OPTIONS /api/consultas/ HTTP/1.1" 200 0
INFO 2025-12-31 14:49:29,706 basehttp "OPTIONS /api/clinicas/ HTTP/1.1" 200 0
INFO 2025-12-31 14:49:29,707 basehttp "OPTIONS /api/veterinarios/ HTTP/1.1" 200 0
INFO 2025-12-31 14:49:29,711 basehttp "OPTIONS /api/animais/ HTTP/1.1" 200 0
INFO 2025-12-31 14:49:29,720 basehttp "OPTIONS /api/veterinarios/ HTTP/1.1" 200 0
INFO 2025-12-31 14:49:29,731 basehttp "OPTIONS /api/clinicas/ HTTP/1.1" 200 0
INFO 2025-12-31 14:49:29,786 basehttp "GET /api/consultas/ HTTP/1.1" 200 4704
INFO 2025-12-31 14:49:29,786 basehttp "GET /api/veterinarios/ HTTP/1.1" 200 434
INFO 2025-12-31 14:49:29,806 basehttp "GET /api/clinicas/ HTTP/1.1" 200 664
INFO 2025-12-31 14:49:29,808 basehttp "GET /api/animais/ HTTP/1.1" 200 2290
INFO 2025-12-31 14:49:29,874 basehttp "GET /api/veterinarios/ HTTP/1.1" 200 434
INFO 2025-12-31 14:49:29,881 basehttp "GET /api/consultas/ HTTP/1.1" 200 4704
INFO 2025-12-31 14:49:29,894 basehttp "GET /api/animais/ HTTP/1.1" 200 2290
INFO 2025-12-31 14:49:29,898 basehttp "GET /api/clinicas/ HTTP/1.1" 200 664
ERROR 2025-12-31 14:49:31,659 log Internal Server Error: /api/dashboard/kpis/
ERROR 2025-12-31 14:49:31,660 basehttp "GET /api/dashboard/kpis/ HTTP/1.1" 500 42
ERROR 2025-12-31 14:49:31,732 log Internal Server Error: /api/dashboard/kpis/
ERROR 2025-12-31 14:49:31,734 basehttp "GET /api/dashboard/kpis/ HTTP/1.1" 500 42
WARNING 2025-12-31 14:49:51,960 log Not Found: /api/notificacoes/nao_lidas/
WARNING 2025-12-31 14:49:51,961 basehttp "GET /api/notificacoes/nao_lidas/ HTTP/1.1" 404 16123
WARNING 2025-12-31 14:50:21,960 log Not Found: /api/notificacoes/nao_lidas/
WARNING 2025-12-31 14:50:21,960 basehttp "GET /api/notificacoes/nao_lidas/ HTTP/1.1" 404 16123
WARNING 2025-12-31 14:50:51,957 log Not Found: /api/notificacoes/nao_lidas/
WARNING 2025-12-31 14:50:51,957 basehttp "GET /api/notificacoes/nao_lidas/ HTTP/1.1" 404 16123
INFO 2025-12-31 14:50:59,244 autoreload /home/fabianosf/Desktop/Projetos/vetsystem/backend/api/views/dashboard_views.py changed, reloading.
INFO 2025-12-31 14:51:00,604 autoreload Watching for file changes with StatReloader
WARNING 2025-12-31 14:51:12,262 log Not Found: /api/notificacoes/nao_lidas/
WARNING 2025-12-31 14:51:12,267 basehttp "GET /api/notificacoes/nao_lidas/ HTTP/1.1" 404 16123
WARNING 2025-12-31 14:51:12,337 log Not Found: /api/notificacoes/nao_lidas/
WARNING 2025-12-31 14:51:12,339 basehttp "GET /api/notificacoes/nao_lidas/ HTTP/1.1" 404 16123
INFO 2025-12-31 14:51:12,375 basehttp "GET /api/dashboard/kpis/ HTTP/1.1" 200 316
INFO 2025-12-31 14:51:12,484 basehttp "GET /api/dashboard/kpis/ HTTP/1.1" 200 316
WARNING 2025-12-31 14:51:42,962 log Not Found: /api/notificacoes/nao_lidas/
WARNING 2025-12-31 14:51:42,963 basehttp "GET /api/notificacoes/nao_lidas/ HTTP/1.1" 404 16123
WARNING 2025-12-31 14:52:12,962 log Not Found: /api/notificacoes/nao_lidas/
WARNING 2025-12-31 14:52:12,963 basehttp "GET /api/notificacoes/nao_lidas/ HTTP/1.1" 404 16123
WARNING 2025-12-31 14:52:42,966 log Not Found: /api/notificacoes/nao_lidas/
WARNING 2025-12-31 14:52:42,967 basehttp "GET /api/notificacoes/nao_lidas/ HTTP/1.1" 404 16123
WARNING 2025-12-31 14:53:12,965 log Not Found: /api/notificacoes/nao_lidas/
WARNING 2025-12-31 14:53:12,966 basehttp "GET /api/notificacoes/nao_lidas/ HTTP/1.1" 404 16123
WARNING 2025-12-31 14:53:42,961 log Not Found: /api/notificacoes/nao_lidas/
WARNING 2025-12-31 14:53:42,962 basehttp "GET /api/notificacoes/nao_lidas/ HTTP/1.1" 404 16123
INFO 2025-12-31 14:54:08,930 autoreload /home/fabianosf/Desktop/Projetos/vetsystem/backend/api/views/dashboard_views.py changed, reloading.
INFO 2025-12-31 14:54:10,645 autoreload Watching for file changes with StatReloader
INFO 2025-12-31 14:54:21,180 basehttp "GET /api/dashboard/kpis/ HTTP/1.1" 200 359
INFO 2025-12-31 14:54:21,214 basehttp "GET /api/dashboard/kpis/ HTTP/1.1" 200 359
INFO 2025-12-31 14:54:32,184 basehttp "GET /api/animais/ HTTP/1.1" 200 2290
INFO 2025-12-31 14:54:32,186 basehttp "GET /api/consultas/ HTTP/1.1" 200 4704
INFO 2025-12-31 14:54:32,194 basehttp "GET /api/veterinarios/ HTTP/1.1" 200 434
INFO 2025-12-31 14:54:32,237 basehttp "GET /api/clinicas/ HTTP/1.1" 200 664
INFO 2025-12-31 14:54:32,282 basehttp "GET /api/consultas/ HTTP/1.1" 200 4704
INFO 2025-12-31 14:54:32,295 basehttp "GET /api/veterinarios/ HTTP/1.1" 200 434
INFO 2025-12-31 14:54:32,305 basehttp "GET /api/animais/ HTTP/1.1" 200 2290
INFO 2025-12-31 14:54:32,317 basehttp "GET /api/clinicas/ HTTP/1.1" 200 664
INFO 2025-12-31 14:54:33,622 basehttp "OPTIONS /api/tutores/ HTTP/1.1" 200 0
INFO 2025-12-31 14:54:33,628 basehttp "OPTIONS /api/tutores/ HTTP/1.1" 200 0
INFO 2025-12-31 14:54:33,679 basehttp "GET /api/tutores/ HTTP/1.1" 200 1382
INFO 2025-12-31 14:54:33,774 basehttp "GET /api/tutores/ HTTP/1.1" 200 1382
INFO 2025-12-31 14:54:36,355 basehttp "GET /api/animais/ HTTP/1.1" 200 2290
INFO 2025-12-31 14:54:36,380 basehttp "GET /api/tutores/ HTTP/1.1" 200 1382
INFO 2025-12-31 14:54:36,409 basehttp "GET /api/animais/ HTTP/1.1" 200 2290
INFO 2025-12-31 14:54:36,436 basehttp "GET /api/tutores/ HTTP/1.1" 200 1382
INFO 2025-12-31 14:54:39,355 basehttp "GET /api/veterinarios/ HTTP/1.1" 200 434
INFO 2025-12-31 14:54:39,388 basehttp "GET /api/veterinarios/ HTTP/1.1" 200 434
INFO 2025-12-31 14:54:40,519 basehttp "OPTIONS /api/planos/ HTTP/1.1" 200 0
INFO 2025-12-31 14:54:40,521 basehttp "OPTIONS /api/planos/ HTTP/1.1" 200 0
INFO 2025-12-31 14:54:40,580 basehttp "GET /api/planos/ HTTP/1.1" 200 3300
INFO 2025-12-31 14:54:40,663 basehttp "GET /api/planos/ HTTP/1.1" 200 3300
INFO 2025-12-31 14:54:43,244 basehttp "GET /api/clinicas/ HTTP/1.1" 200 664
INFO 2025-12-31 14:54:43,295 basehttp "GET /api/clinicas/ HTTP/1.1" 200 664
INFO 2025-12-31 14:54:44,367 basehttp "GET /api/dashboard/kpis/ HTTP/1.1" 200 359
INFO 2025-12-31 14:54:44,410 basehttp "GET /api/dashboard/kpis/ HTTP/1.1" 200 359
INFO 2025-12-31 14:55:14,985 basehttp "GET /api/dashboard/kpis/ HTTP/1.1" 200 359
INFO 2025-12-31 14:55:15,019 basehttp "GET /api/dashboard/kpis/ HTTP/1.1" 200 359
INFO 2025-12-31 14:59:45,063 autoreload /home/fabianosf/Desktop/Projetos/vetsystem/backend/api/views/notification_views.py changed, reloading.
INFO 2025-12-31 14:59:46,349 autoreload Watching for file changes with StatReloader
INFO 2025-12-31 15:00:11,774 autoreload /home/fabianosf/Desktop/Projetos/vetsystem/backend/api/views/__init__.py changed, reloading.
INFO 2025-12-31 15:00:13,478 autoreload Watching for file changes with StatReloader
INFO 2025-12-31 15:00:48,538 autoreload /home/fabianosf/Desktop/Projetos/vetsystem/backend/api/urls.py changed, reloading.
INFO 2025-12-31 15:00:49,956 autoreload Watching for file changes with StatReloader
INFO 2025-12-31 15:01:38,355 basehttp "GET /api/notificacoes/nao_lidas/ HTTP/1.1" 200 651
INFO 2025-12-31 15:01:38,361 basehttp "GET /api/dashboard/kpis/ HTTP/1.1" 200 359
INFO 2025-12-31 15:01:38,410 basehttp "GET /api/dashboard/kpis/ HTTP/1.1" 200 359
INFO 2025-12-31 15:01:38,437 basehttp "GET /api/notificacoes/nao_lidas/ HTTP/1.1" 200 651
INFO 2025-12-31 15:01:52,230 basehttp "GET /api/consultas/ HTTP/1.1" 200 4704
INFO 2025-12-31 15:01:52,248 basehttp "GET /api/animais/ HTTP/1.1" 200 2290
INFO 2025-12-31 15:01:52,252 basehttp "GET /api/veterinarios/ HTTP/1.1" 200 434
INFO 2025-12-31 15:01:52,266 basehttp "GET /api/clinicas/ HTTP/1.1" 200 664
INFO 2025-12-31 15:01:52,347 basehttp "GET /api/animais/ HTTP/1.1" 200 2290
INFO 2025-12-31 15:01:52,348 basehttp "GET /api/consultas/ HTTP/1.1" 200 4704
INFO 2025-12-31 15:01:52,348 basehttp "GET /api/clinicas/ HTTP/1.1" 200 664
INFO 2025-12-31 15:01:52,350 basehttp "GET /api/veterinarios/ HTTP/1.1" 200 434
INFO 2025-12-31 15:01:54,164 basehttp "GET /api/tutores/ HTTP/1.1" 200 1382
INFO 2025-12-31 15:01:54,230 basehttp "GET /api/tutores/ HTTP/1.1" 200 1382
INFO 2025-12-31 15:01:56,478 basehttp "GET /api/animais/ HTTP/1.1" 200 2290
INFO 2025-12-31 15:01:56,511 basehttp "GET /api/tutores/ HTTP/1.1" 200 1382
INFO 2025-12-31 15:01:56,568 basehttp "GET /api/animais/ HTTP/1.1" 200 2290
INFO 2025-12-31 15:01:56,615 basehttp "GET /api/tutores/ HTTP/1.1" 200 1382
INFO 2025-12-31 15:01:59,017 basehttp "GET /api/veterinarios/ HTTP/1.1" 200 434
INFO 2025-12-31 15:01:59,049 basehttp "GET /api/veterinarios/ HTTP/1.1" 200 434
INFO 2025-12-31 15:02:00,956 basehttp "GET /api/planos/ HTTP/1.1" 200 3300
INFO 2025-12-31 15:02:01,005 basehttp "GET /api/planos/ HTTP/1.1" 200 3300
INFO 2025-12-31 15:02:02,824 basehttp "GET /api/clinicas/ HTTP/1.1" 200 664
INFO 2025-12-31 15:02:02,865 basehttp "GET /api/clinicas/ HTTP/1.1" 200 664
INFO 2025-12-31 15:02:04,575 basehttp "GET /api/dashboard/kpis/ HTTP/1.1" 200 359
INFO 2025-12-31 15:02:04,611 basehttp "GET /api/dashboard/kpis/ HTTP/1.1" 200 359
INFO 2025-12-31 15:02:38,299 basehttp "GET /api/notificacoes/nao_lidas/ HTTP/1.1" 200 651
INFO 2025-12-31 15:03:38,959 basehttp "GET /api/notificacoes/nao_lidas/ HTTP/1.1" 200 651
INFO 2025-12-31 15:04:00,278 autoreload /home/fabianosf/Desktop/Projetos/vetsystem/backend/api/views/notification_views.py changed, reloading.
INFO 2025-12-31 15:04:01,731 autoreload Watching for file changes with StatReloader
INFO 2025-12-31 15:04:38,981 basehttp "GET /api/notificacoes/nao_lidas/ HTTP/1.1" 200 24
INFO 2025-12-31 15:06:19,759 autoreload /home/fabianosf/Desktop/Projetos/vetsystem/backend/api/views/notification_views.py changed, reloading.
INFO 2025-12-31 15:06:21,516 autoreload Watching for file changes with StatReloader
INFO 2025-12-31 15:09:14,359 basehttp "GET /api/dashboard/kpis/ HTTP/1.1" 200 359
INFO 2025-12-31 15:09:14,384 basehttp "GET /api/notificacoes/nao_lidas/ HTTP/1.1" 200 24
INFO 2025-12-31 15:09:14,412 basehttp "GET /api/dashboard/kpis/ HTTP/1.1" 200 359
INFO 2025-12-31 15:09:14,436 basehttp "GET /api/notificacoes/nao_lidas/ HTTP/1.1" 200 24
INFO 2025-12-31 15:10:14,968 basehttp "GET /api/notificacoes/nao_lidas/ HTTP/1.1" 200 24
INFO 2025-12-31 15:19:35,154 basehttp "GET /api/dashboard/kpis/ HTTP/1.1" 200 359
INFO 2025-12-31 15:19:35,166 basehttp "GET /api/notificacoes/nao_lidas/ HTTP/1.1" 200 24
INFO 2025-12-31 15:19:35,203 basehttp "GET /api/dashboard/kpis/ HTTP/1.1" 200 359
INFO 2025-12-31 15:19:35,218 basehttp "GET /api/notificacoes/nao_lidas/ HTTP/1.1" 200 24
INFO 2025-12-31 15:20:18,091 basehttp "GET /api/dashboard/kpis/ HTTP/1.1" 200 359
INFO 2025-12-31 15:20:18,115 basehttp "GET /api/dashboard/kpis/ HTTP/1.1" 200 359
INFO 2025-12-31 15:20:25,202 basehttp "GET /api/dashboard/kpis/ HTTP/1.1" 200 359
INFO 2025-12-31 15:20:25,228 basehttp "GET /api/dashboard/kpis/ HTTP/1.1" 200 359
INFO 2025-12-31 15:20:35,969 basehttp "GET /api/notificacoes/nao_lidas/ HTTP/1.1" 200 24
INFO 2025-12-31 15:21:36,016 basehttp "GET /api/notificacoes/nao_lidas/ HTTP/1.1" 200 24
INFO 2025-12-31 15:22:35,985 basehttp "GET /api/notificacoes/nao_lidas/ HTTP/1.1" 200 24
INFO 2025-12-31 15:23:35,978 basehttp "GET /api/notificacoes/nao_lidas/ HTTP/1.1" 200 24
INFO 2025-12-31 15:24:35,968 basehttp "GET /api/notificacoes/nao_lidas/ HTTP/1.1" 200 24
INFO 2025-12-31 15:25:12,352 basehttp "GET /api/notificacoes/nao_lidas/ HTTP/1.1" 200 24
INFO 2025-12-31 15:25:12,395 basehttp "GET /api/notificacoes/nao_lidas/ HTTP/1.1" 200 24
INFO 2025-12-31 15:25:17,491 basehttp "GET /api/dashboard/kpis/ HTTP/1.1" 200 359
INFO 2025-12-31 15:25:17,518 basehttp "GET /api/dashboard/kpis/ HTTP/1.1" 200 359
INFO 2025-12-31 15:25:25,440 basehttp "GET /api/dashboard/kpis/ HTTP/1.1" 200 359
INFO 2025-12-31 15:25:25,462 basehttp "GET /api/dashboard/kpis/ HTTP/1.1" 200 359
INFO 2025-12-31 15:26:12,317 basehttp "GET /api/notificacoes/nao_lidas/ HTTP/1.1" 200 24
INFO 2025-12-31 15:27:12,316 basehttp "GET /api/notificacoes/nao_lidas/ HTTP/1.1" 200 24
INFO 2025-12-31 15:28:12,318 basehttp "GET /api/notificacoes/nao_lidas/ HTTP/1.1" 200 24
INFO 2025-12-31 15:29:12,320 basehttp "GET /api/notificacoes/nao_lidas/ HTTP/1.1" 200 24
INFO 2025-12-31 15:30:12,318 basehttp "GET /api/notificacoes/nao_lidas/ HTTP/1.1" 200 24
INFO 2025-12-31 15:31:12,322 basehttp "GET /api/notificacoes/nao_lidas/ HTTP/1.1" 200 24
INFO 2025-12-31 15:32:12,322 basehttp "GET /api/notificacoes/nao_lidas/ HTTP/1.1" 200 24
INFO 2025-12-31 15:33:12,321 basehttp "GET /api/notificacoes/nao_lidas/ HTTP/1.1" 200 24
INFO 2025-12-31 15:34:12,317 basehttp "GET /api/notificacoes/nao_lidas/ HTTP/1.1" 200 24
INFO 2025-12-31 15:35:12,320 basehttp "GET /api/notificacoes/nao_lidas/ HTTP/1.1" 200 24
INFO 2025-12-31 15:36:12,310 basehttp "GET /api/notificacoes/nao_lidas/ HTTP/1.1" 200 24
INFO 2025-12-31 15:37:12,321 basehttp "GET /api/notificacoes/nao_lidas/ HTTP/1.1" 200 24
INFO 2025-12-31 15:38:12,307 basehttp "GET /api/notificacoes/nao_lidas/ HTTP/1.1" 200 24
INFO 2025-12-31 15:39:12,314 basehttp "GET /api/notificacoes/nao_lidas/ HTTP/1.1" 200 24
INFO 2025-12-31 15:40:12,319 basehttp "GET /api/notificacoes/nao_lidas/ HTTP/1.1" 200 24
INFO 2025-12-31 15:41:12,321 basehttp "GET /api/notificacoes/nao_lidas/ HTTP/1.1" 200 24
INFO 2025-12-31 15:42:12,323 basehttp "GET /api/notificacoes/nao_lidas/ HTTP/1.1" 200 24
INFO 2025-12-31 15:43:12,319 basehttp "GET /api/notificacoes/nao_lidas/ HTTP/1.1" 200 24
INFO 2025-12-31 15:44:12,319 basehttp "GET /api/notificacoes/nao_lidas/ HTTP/1.1" 200 24
INFO 2025-12-31 15:45:12,325 basehttp "GET /api/notificacoes/nao_lidas/ HTTP/1.1" 200 24
INFO 2025-12-31 15:46:12,311 basehttp "GET /api/notificacoes/nao_lidas/ HTTP/1.1" 200 24
INFO 2025-12-31 15:47:12,324 basehttp "GET /api/notificacoes/nao_lidas/ HTTP/1.1" 200 24
INFO 2025-12-31 15:48:12,317 basehttp "GET /api/notificacoes/nao_lidas/ HTTP/1.1" 200 24
INFO 2025-12-31 15:49:12,320 basehttp "GET /api/notificacoes/nao_lidas/ HTTP/1.1" 200 24
WARNING 2025-12-31 15:50:12,288 log Unauthorized: /api/notificacoes/nao_lidas/
WARNING 2025-12-31 15:50:12,290 basehttp "GET /api/notificacoes/nao_lidas/ HTTP/1.1" 401 191
INFO 2025-12-31 15:50:12,302 basehttp "OPTIONS /api/auth/token/refresh/ HTTP/1.1" 200 0
INFO 2025-12-31 15:50:12,406 basehttp "POST /api/auth/token/refresh/ HTTP/1.1" 200 489
INFO 2025-12-31 15:50:12,491 basehttp "GET /api/notificacoes/nao_lidas/ HTTP/1.1" 200 24
INFO 2025-12-31 15:51:12,318 basehttp "GET /api/notificacoes/nao_lidas/ HTTP/1.1" 200 24
INFO 2025-12-31 15:52:12,322 basehttp "GET /api/notificacoes/nao_lidas/ HTTP/1.1" 200 24
INFO 2025-12-31 15:53:12,321 basehttp "GET /api/notificacoes/nao_lidas/ HTTP/1.1" 200 24
INFO 2025-12-31 15:54:12,320 basehttp "GET /api/notificacoes/nao_lidas/ HTTP/1.1" 200 24
INFO 2025-12-31 15:54:55,741 basehttp "GET /api/dashboard/kpis/ HTTP/1.1" 200 359
INFO 2025-12-31 15:54:55,769 basehttp "GET /api/dashboard/kpis/ HTTP/1.1" 200 359
INFO 2025-12-31 15:55:12,978 basehttp "GET /api/notificacoes/nao_lidas/ HTTP/1.1" 200 24
INFO 2025-12-31 15:56:28,332 basehttp "GET /api/notificacoes/nao_lidas/ HTTP/1.1" 200 24
INFO 2025-12-31 15:57:12,998 basehttp "GET /api/notificacoes/nao_lidas/ HTTP/1.1" 200 24
INFO 2025-12-31 15:58:29,973 basehttp "GET /api/notificacoes/nao_lidas/ HTTP/1.1" 200 24
INFO 2025-12-31 15:59:30,975 basehttp "GET /api/notificacoes/nao_lidas/ HTTP/1.1" 200 24
INFO 2025-12-31 16:00:31,974 basehttp "GET /api/notificacoes/nao_lidas/ HTTP/1.1" 200 24
INFO 2025-12-31 16:01:32,996 basehttp "GET /api/notificacoes/nao_lidas/ HTTP/1.1" 200 24
INFO 2025-12-31 16:02:33,973 basehttp "GET /api/notificacoes/nao_lidas/ HTTP/1.1" 200 24
INFO 2025-12-31 16:03:33,981 basehttp "GET /api/notificacoes/nao_lidas/ HTTP/1.1" 200 24
INFO 2025-12-31 16:11:34,518 basehttp "GET /api/notificacoes/nao_lidas/ HTTP/1.1" 200 24
INFO 2025-12-31 16:11:34,549 basehttp "GET /api/notificacoes/nao_lidas/ HTTP/1.1" 200 24
INFO 2025-12-31 16:11:34,635 basehttp "GET /api/dashboard/kpis/ HTTP/1.1" 200 359
INFO 2025-12-31 16:11:34,704 basehttp "GET /api/dashboard/kpis/ HTTP/1.1" 200 359
INFO 2025-12-31 16:11:36,603 basehttp "OPTIONS /api/agendamentos/ HTTP/1.1" 200 0
INFO 2025-12-31 16:11:36,605 basehttp "OPTIONS /api/agendamentos/ HTTP/1.1" 200 0
WARNING 2025-12-31 16:11:36,629 log Not Found: /api/agendamentos/
WARNING 2025-12-31 16:11:36,629 basehttp "GET /api/agendamentos/ HTTP/1.1" 404 16928
WARNING 2025-12-31 16:11:36,695 log Not Found: /api/agendamentos/
WARNING 2025-12-31 16:11:36,695 basehttp "GET /api/agendamentos/ HTTP/1.1" 404 16928
INFO 2025-12-31 16:11:39,204 basehttp "GET /api/tutores/ HTTP/1.1" 200 1382
INFO 2025-12-31 16:11:39,261 basehttp "GET /api/tutores/ HTTP/1.1" 200 1382
INFO 2025-12-31 16:11:42,057 basehttp "GET /api/animais/ HTTP/1.1" 200 2290
INFO 2025-12-31 16:11:42,103 basehttp "GET /api/animais/ HTTP/1.1" 200 2290
INFO 2025-12-31 16:11:44,872 basehttp "GET /api/veterinarios/ HTTP/1.1" 200 434
INFO 2025-12-31 16:11:44,908 basehttp "GET /api/veterinarios/ HTTP/1.1" 200 434
INFO 2025-12-31 16:11:46,334 basehttp "GET /api/planos/ HTTP/1.1" 200 3300
INFO 2025-12-31 16:11:46,381 basehttp "GET /api/planos/ HTTP/1.1" 200 3300
INFO 2025-12-31 16:12:18,119 basehttp "GET /api/notificacoes/nao_lidas/ HTTP/1.1" 200 24
INFO 2025-12-31 16:12:18,135 basehttp "GET /api/veterinarios/ HTTP/1.1" 200 434
INFO 2025-12-31 16:12:18,162 basehttp "GET /api/notificacoes/nao_lidas/ HTTP/1.1" 200 24
INFO 2025-12-31 16:12:18,184 basehttp "GET /api/veterinarios/ HTTP/1.1" 200 434
INFO 2025-12-31 16:12:20,231 basehttp "GET /api/clinicas/ HTTP/1.1" 200 664
INFO 2025-12-31 16:12:20,271 basehttp "GET /api/clinicas/ HTTP/1.1" 200 664
INFO 2025-12-31 16:13:23,472 basehttp "GET /api/notificacoes/nao_lidas/ HTTP/1.1" 200 24
INFO 2025-12-31 16:13:23,525 basehttp "GET /api/clinicas/ HTTP/1.1" 200 664
INFO 2025-12-31 16:13:23,527 basehttp "GET /api/notificacoes/nao_lidas/ HTTP/1.1" 200 24
INFO 2025-12-31 16:13:23,615 basehttp "GET /api/clinicas/ HTTP/1.1" 200 664
INFO 2025-12-31 16:15:00,324 basehttp "GET /api/notificacoes/nao_lidas/ HTTP/1.1" 200 24
INFO 2025-12-31 16:15:00,325 basehttp "GET /api/clinicas/ HTTP/1.1" 200 664
INFO 2025-12-31 16:15:00,363 basehttp "GET /api/notificacoes/nao_lidas/ HTTP/1.1" 200 24
INFO 2025-12-31 16:15:00,375 basehttp "GET /api/clinicas/ HTTP/1.1" 200 664
INFO 2025-12-31 16:16:00,983 basehttp "GET /api/notificacoes/nao_lidas/ HTTP/1.1" 200 24
INFO 2025-12-31 16:16:34,652 basehttp "GET /api/notificacoes/nao_lidas/ HTTP/1.1" 200 24
INFO 2025-12-31 16:16:34,681 basehttp "GET /api/clinicas/ HTTP/1.1" 200 664
INFO 2025-12-31 16:16:34,709 basehttp "GET /api/notificacoes/nao_lidas/ HTTP/1.1" 200 24
INFO 2025-12-31 16:16:34,732 basehttp "GET /api/clinicas/ HTTP/1.1" 200 664
INFO 2025-12-31 16:16:39,366 basehttp "GET /api/planos/ HTTP/1.1" 200 3300
INFO 2025-12-31 16:16:39,424 basehttp "GET /api/planos/ HTTP/1.1" 200 3300
INFO 2025-12-31 16:16:42,498 basehttp "GET /api/veterinarios/ HTTP/1.1" 200 434
INFO 2025-12-31 16:16:42,531 basehttp "GET /api/veterinarios/ HTTP/1.1" 200 434
INFO 2025-12-31 16:16:44,527 basehttp "GET /api/animais/ HTTP/1.1" 200 2290
INFO 2025-12-31 16:16:44,574 basehttp "GET /api/animais/ HTTP/1.1" 200 2290
INFO 2025-12-31 16:16:46,733 basehttp "GET /api/tutores/ HTTP/1.1" 200 1382
INFO 2025-12-31 16:16:46,788 basehttp "GET /api/tutores/ HTTP/1.1" 200 1382
WARNING 2025-12-31 16:16:48,585 log Not Found: /api/agendamentos/
WARNING 2025-12-31 16:16:48,585 basehttp "GET /api/agendamentos/ HTTP/1.1" 404 16928
WARNING 2025-12-31 16:16:48,612 log Not Found: /api/agendamentos/
WARNING 2025-12-31 16:16:48,613 basehttp "GET /api/agendamentos/ HTTP/1.1" 404 16928
INFO 2025-12-31 16:17:34,971 basehttp "GET /api/notificacoes/nao_lidas/ HTTP/1.1" 200 24
INFO 2025-12-31 16:18:34,988 basehttp "GET /api/notificacoes/nao_lidas/ HTTP/1.1" 200 24
WARNING 2025-12-31 16:19:00,174 log Not Found: /api/agendamentos/
WARNING 2025-12-31 16:19:00,175 basehttp "GET /api/agendamentos/ HTTP/1.1" 404 16928
INFO 2025-12-31 16:19:00,193 basehttp "GET /api/notificacoes/nao_lidas/ HTTP/1.1" 200 24
WARNING 2025-12-31 16:19:00,218 log Not Found: /api/agendamentos/
WARNING 2025-12-31 16:19:00,220 basehttp "GET /api/agendamentos/ HTTP/1.1" 404 16928
INFO 2025-12-31 16:19:00,247 basehttp "GET /api/notificacoes/nao_lidas/ HTTP/1.1" 200 24
INFO 2025-12-31 16:20:00,983 basehttp "GET /api/notificacoes/nao_lidas/ HTTP/1.1" 200 24
INFO 2025-12-31 16:21:00,965 basehttp "GET /api/notificacoes/nao_lidas/ HTTP/1.1" 200 24
INFO 2025-12-31 16:22:01,043 basehttp "GET /api/notificacoes/nao_lidas/ HTTP/1.1" 200 24
INFO 2025-12-31 16:23:00,945 basehttp "OPTIONS /api/notificacoes/nao_lidas/ HTTP/1.1" 200 0
INFO 2025-12-31 16:23:00,975 basehttp "GET /api/notificacoes/nao_lidas/ HTTP/1.1" 200 24
INFO 2025-12-31 16:24:00,985 basehttp "GET /api/notificacoes/nao_lidas/ HTTP/1.1" 200 24
INFO 2025-12-31 16:25:00,967 basehttp "GET /api/notificacoes/nao_lidas/ HTTP/1.1" 200 24
INFO 2025-12-31 16:26:28,979 basehttp "GET /api/notificacoes/nao_lidas/ HTTP/1.1" 200 24
INFO 2025-12-31 16:27:29,973 basehttp "GET /api/notificacoes/nao_lidas/ HTTP/1.1" 200 24
INFO 2025-12-31 16:28:30,977 basehttp "GET /api/notificacoes/nao_lidas/ HTTP/1.1" 200 24
INFO 2025-12-31 16:29:31,969 basehttp "GET /api/notificacoes/nao_lidas/ HTTP/1.1" 200 24
INFO 2025-12-31 16:30:32,974 basehttp "GET /api/notificacoes/nao_lidas/ HTTP/1.1" 200 24
INFO 2025-12-31 16:31:33,970 basehttp "GET /api/notificacoes/nao_lidas/ HTTP/1.1" 200 24
INFO 2025-12-31 16:32:33,992 basehttp "GET /api/notificacoes/nao_lidas/ HTTP/1.1" 200 24
INFO 2025-12-31 16:33:33,973 basehttp "GET /api/notificacoes/nao_lidas/ HTTP/1.1" 200 24
INFO 2025-12-31 16:34:33,971 basehttp "GET /api/notificacoes/nao_lidas/ HTTP/1.1" 200 24
INFO 2025-12-31 16:35:33,973 basehttp "GET /api/notificacoes/nao_lidas/ HTTP/1.1" 200 24
INFO 2025-12-31 16:36:34,012 basehttp "GET /api/notificacoes/nao_lidas/ HTTP/1.1" 200 24
INFO 2025-12-31 16:37:33,980 basehttp "GET /api/notificacoes/nao_lidas/ HTTP/1.1" 200 24
INFO 2025-12-31 16:38:33,983 basehttp "GET /api/notificacoes/nao_lidas/ HTTP/1.1" 200 24
INFO 2025-12-31 16:39:33,979 basehttp "GET /api/notificacoes/nao_lidas/ HTTP/1.1" 200 24
INFO 2025-12-31 16:40:33,983 basehttp "GET /api/notificacoes/nao_lidas/ HTTP/1.1" 200 24
INFO 2025-12-31 16:41:33,981 basehttp "GET /api/notificacoes/nao_lidas/ HTTP/1.1" 200 24
INFO 2025-12-31 16:42:33,989 basehttp "GET /api/notificacoes/nao_lidas/ HTTP/1.1" 200 24
INFO 2025-12-31 16:43:33,980 basehttp "GET /api/notificacoes/nao_lidas/ HTTP/1.1" 200 24
INFO 2025-12-31 16:44:33,984 basehttp "GET /api/notificacoes/nao_lidas/ HTTP/1.1" 200 24
INFO 2025-12-31 16:45:33,987 basehttp "GET /api/notificacoes/nao_lidas/ HTTP/1.1" 200 24
INFO 2025-12-31 16:46:33,977 basehttp "GET /api/notificacoes/nao_lidas/ HTTP/1.1" 200 24
INFO 2025-12-31 16:47:33,979 basehttp "GET /api/notificacoes/nao_lidas/ HTTP/1.1" 200 24
INFO 2025-12-31 16:48:33,978 basehttp "GET /api/notificacoes/nao_lidas/ HTTP/1.1" 200 24
INFO 2025-12-31 16:49:33,976 basehttp "GET /api/notificacoes/nao_lidas/ HTTP/1.1" 200 24
WARNING 2025-12-31 16:50:33,957 log Unauthorized: /api/notificacoes/nao_lidas/
WARNING 2025-12-31 16:50:33,957 basehttp "GET /api/notificacoes/nao_lidas/ HTTP/1.1" 401 191
WARNING 2025-12-31 16:50:33,991 log Unauthorized: /api/auth/token/refresh/
WARNING 2025-12-31 16:50:33,991 basehttp "POST /api/auth/token/refresh/ HTTP/1.1" 401 62
INFO 2025-12-31 17:05:51,429 basehttp "OPTIONS /api/auth/login/ HTTP/1.1" 200 0
INFO 2025-12-31 17:05:52,029 basehttp "POST /api/auth/login/ HTTP/1.1" 200 598
INFO 2025-12-31 17:05:57,478 basehttp "OPTIONS /api/dashboard/kpis/ HTTP/1.1" 200 0
INFO 2025-12-31 17:05:57,482 basehttp "OPTIONS /api/dashboard/kpis/ HTTP/1.1" 200 0
INFO 2025-12-31 17:05:57,509 basehttp "GET /api/notificacoes/nao_lidas/ HTTP/1.1" 200 24
INFO 2025-12-31 17:05:57,544 basehttp "GET /api/dashboard/kpis/ HTTP/1.1" 200 359
INFO 2025-12-31 17:05:57,574 basehttp "GET /api/notificacoes/nao_lidas/ HTTP/1.1" 200 24
INFO 2025-12-31 17:05:57,628 basehttp "GET /api/dashboard/kpis/ HTTP/1.1" 200 359
INFO 2025-12-31 17:06:57,467 basehttp "GET /api/notificacoes/nao_lidas/ HTTP/1.1" 200 24
INFO 2025-12-31 17:06:59,348 basehttp "GET /api/notificacoes/nao_lidas/ HTTP/1.1" 200 24
INFO 2025-12-31 17:06:59,374 basehttp "GET /api/notificacoes/nao_lidas/ HTTP/1.1" 200 24
INFO 2025-12-31 17:07:59,970 basehttp "GET /api/notificacoes/nao_lidas/ HTTP/1.1" 200 24
INFO 2025-12-31 17:08:53,574 basehttp "GET /api/notificacoes/nao_lidas/ HTTP/1.1" 200 24
INFO 2025-12-31 17:08:53,609 basehttp "GET /api/notificacoes/nao_lidas/ HTTP/1.1" 200 24
INFO 2025-12-31 17:09:53,973 basehttp "GET /api/notificacoes/nao_lidas/ HTTP/1.1" 200 24
INFO 2025-12-31 17:10:53,967 basehttp "GET /api/notificacoes/nao_lidas/ HTTP/1.1" 200 24
INFO 2025-12-31 17:11:53,974 basehttp "GET /api/notificacoes/nao_lidas/ HTTP/1.1" 200 24
INFO 2025-12-31 17:12:33,504 basehttp "GET /api/notificacoes/nao_lidas/ HTTP/1.1" 200 24
INFO 2025-12-31 17:12:33,557 basehttp "GET /api/notificacoes/nao_lidas/ HTTP/1.1" 200 24
INFO 2025-12-31 17:13:33,999 basehttp "GET /api/notificacoes/nao_lidas/ HTTP/1.1" 200 24
INFO 2025-12-31 17:14:34,030 basehttp "GET /api/notificacoes/nao_lidas/ HTTP/1.1" 200 24
INFO 2025-12-31 17:15:33,979 basehttp "GET /api/notificacoes/nao_lidas/ HTTP/1.1" 200 24
INFO 2025-12-31 17:16:33,976 basehttp "GET /api/notificacoes/nao_lidas/ HTTP/1.1" 200 24
INFO 2025-12-31 17:17:33,983 basehttp "GET /api/notificacoes/nao_lidas/ HTTP/1.1" 200 24
INFO 2025-12-31 17:18:28,501 basehttp "GET /api/notificacoes/nao_lidas/ HTTP/1.1" 200 24
INFO 2025-12-31 17:18:28,569 basehttp "GET /api/notificacoes/nao_lidas/ HTTP/1.1" 200 24
INFO 2025-12-31 17:18:54,982 basehttp "GET /api/dashboard/kpis/ HTTP/1.1" 200 359
INFO 2025-12-31 17:18:55,007 basehttp "GET /api/dashboard/kpis/ HTTP/1.1" 200 359
WARNING 2025-12-31 17:18:56,798 log Not Found: /api/agendamentos/
WARNING 2025-12-31 17:18:56,798 basehttp "GET /api/agendamentos/ HTTP/1.1" 404 16928
WARNING 2025-12-31 17:18:56,827 log Not Found: /api/agendamentos/
WARNING 2025-12-31 17:18:56,828 basehttp "GET /api/agendamentos/ HTTP/1.1" 404 16928
INFO 2025-12-31 17:19:03,161 basehttp "OPTIONS /api/tutores/ HTTP/1.1" 200 0
INFO 2025-12-31 17:19:03,164 basehttp "OPTIONS /api/tutores/ HTTP/1.1" 200 0
INFO 2025-12-31 17:19:03,266 basehttp "GET /api/tutores/ HTTP/1.1" 200 1382
INFO 2025-12-31 17:19:03,385 basehttp "GET /api/tutores/ HTTP/1.1" 200 1382
INFO 2025-12-31 17:19:14,435 basehttp "OPTIONS /api/veterinarios/ HTTP/1.1" 200 0
INFO 2025-12-31 17:19:14,436 basehttp "OPTIONS /api/veterinarios/ HTTP/1.1" 200 0
INFO 2025-12-31 17:19:14,481 basehttp "GET /api/veterinarios/ HTTP/1.1" 200 434
INFO 2025-12-31 17:19:14,565 basehttp "GET /api/veterinarios/ HTTP/1.1" 200 434
INFO 2025-12-31 17:19:15,675 basehttp "OPTIONS /api/planos/ HTTP/1.1" 200 0
INFO 2025-12-31 17:19:15,675 basehttp "OPTIONS /api/planos/ HTTP/1.1" 200 0
INFO 2025-12-31 17:19:15,742 basehttp "GET /api/planos/ HTTP/1.1" 200 3300
INFO 2025-12-31 17:19:15,858 basehttp "GET /api/planos/ HTTP/1.1" 200 3300
INFO 2025-12-31 17:19:16,888 basehttp "OPTIONS /api/clinicas/ HTTP/1.1" 200 0
INFO 2025-12-31 17:19:16,890 basehttp "OPTIONS /api/clinicas/ HTTP/1.1" 200 0
INFO 2025-12-31 17:19:16,928 basehttp "GET /api/clinicas/ HTTP/1.1" 200 664
INFO 2025-12-31 17:19:17,021 basehttp "GET /api/clinicas/ HTTP/1.1" 200 664
INFO 2025-12-31 17:19:20,134 basehttp "GET /api/dashboard/kpis/ HTTP/1.1" 200 359
INFO 2025-12-31 17:19:20,174 basehttp "GET /api/dashboard/kpis/ HTTP/1.1" 200 359
INFO 2025-12-31 17:19:28,972 basehttp "GET /api/notificacoes/nao_lidas/ HTTP/1.1" 200 24
INFO 2025-12-31 17:20:05,119 basehttp "GET /api/notificacoes/nao_lidas/ HTTP/1.1" 200 24
INFO 2025-12-31 17:20:05,120 basehttp "GET /api/dashboard/kpis/ HTTP/1.1" 200 359
INFO 2025-12-31 17:20:05,166 basehttp "GET /api/notificacoes/nao_lidas/ HTTP/1.1" 200 24
INFO 2025-12-31 17:20:05,169 basehttp "GET /api/dashboard/kpis/ HTTP/1.1" 200 359
INFO 2025-12-31 17:21:05,981 basehttp "GET /api/notificacoes/nao_lidas/ HTTP/1.1" 200 24
INFO 2025-12-31 17:21:48,149 basehttp "GET /api/dashboard/kpis/ HTTP/1.1" 200 359
INFO 2025-12-31 17:21:48,150 basehttp "GET /api/notificacoes/nao_lidas/ HTTP/1.1" 200 24
INFO 2025-12-31 17:21:48,210 basehttp "GET /api/dashboard/kpis/ HTTP/1.1" 200 359
INFO 2025-12-31 17:21:48,281 basehttp "GET /api/notificacoes/nao_lidas/ HTTP/1.1" 200 24
INFO 2025-12-31 17:22:48,993 basehttp "GET /api/notificacoes/nao_lidas/ HTTP/1.1" 200 24
INFO 2025-12-31 17:23:48,977 basehttp "GET /api/notificacoes/nao_lidas/ HTTP/1.1" 200 24
INFO 2025-12-31 17:24:35,230 basehttp "GET /api/notificacoes/nao_lidas/ HTTP/1.1" 200 24
INFO 2025-12-31 17:24:35,247 basehttp "GET /api/dashboard/kpis/ HTTP/1.1" 200 359
INFO 2025-12-31 17:24:35,305 basehttp "GET /api/dashboard/kpis/ HTTP/1.1" 200 359
INFO 2025-12-31 17:24:35,351 basehttp "GET /api/notificacoes/nao_lidas/ HTTP/1.1" 200 24
INFO 2025-12-31 17:25:35,968 basehttp "GET /api/notificacoes/nao_lidas/ HTTP/1.1" 200 24
INFO 2025-12-31 17:26:35,982 basehttp "GET /api/notificacoes/nao_lidas/ HTTP/1.1" 200 24
INFO 2025-12-31 17:27:35,973 basehttp "GET /api/notificacoes/nao_lidas/ HTTP/1.1" 200 24
INFO 2025-12-31 17:28:16,596 basehttp "GET /api/notificacoes/nao_lidas/ HTTP/1.1" 200 24
INFO 2025-12-31 17:28:16,597 basehttp "GET /api/dashboard/kpis/ HTTP/1.1" 200 359
INFO 2025-12-31 17:28:16,638 basehttp "GET /api/notificacoes/nao_lidas/ HTTP/1.1" 200 24
INFO 2025-12-31 17:28:16,638 basehttp "GET /api/dashboard/kpis/ HTTP/1.1" 200 359
INFO 2025-12-31 17:29:16,969 basehttp "GET /api/notificacoes/nao_lidas/ HTTP/1.1" 200 24
INFO 2025-12-31 17:30:16,975 basehttp "GET /api/notificacoes/nao_lidas/ HTTP/1.1" 200 24
INFO 2025-12-31 17:31:16,978 basehttp "GET /api/notificacoes/nao_lidas/ HTTP/1.1" 200 24
INFO 2025-12-31 17:32:16,974 basehttp "GET /api/notificacoes/nao_lidas/ HTTP/1.1" 200 24
INFO 2025-12-31 17:33:16,974 basehttp "GET /api/notificacoes/nao_lidas/ HTTP/1.1" 200 24
INFO 2025-12-31 17:33:34,800 basehttp "GET /api/notificacoes/nao_lidas/ HTTP/1.1" 200 24
INFO 2025-12-31 17:33:34,845 basehttp "GET /api/notificacoes/nao_lidas/ HTTP/1.1" 200 24
INFO 2025-12-31 17:33:46,700 basehttp "GET /api/notificacoes/nao_lidas/ HTTP/1.1" 200 24
INFO 2025-12-31 17:33:46,746 basehttp "GET /api/notificacoes/nao_lidas/ HTTP/1.1" 200 24
INFO 2025-12-31 17:34:32,074 basehttp "GET /api/clinicas/ HTTP/1.1" 200 664
INFO 2025-12-31 17:34:32,128 basehttp "GET /api/clinicas/ HTTP/1.1" 200 664
INFO 2025-12-31 17:34:34,383 basehttp "GET /api/planos/ HTTP/1.1" 200 3300
INFO 2025-12-31 17:34:34,466 basehttp "GET /api/planos/ HTTP/1.1" 200 3300
INFO 2025-12-31 17:34:36,060 basehttp "GET /api/veterinarios/ HTTP/1.1" 200 434
INFO 2025-12-31 17:34:36,105 basehttp "GET /api/veterinarios/ HTTP/1.1" 200 434
INFO 2025-12-31 17:34:46,967 basehttp "GET /api/notificacoes/nao_lidas/ HTTP/1.1" 200 24
INFO 2025-12-31 17:35:46,978 basehttp "GET /api/notificacoes/nao_lidas/ HTTP/1.1" 200 24
INFO 2025-12-31 17:36:46,976 basehttp "GET /api/notificacoes/nao_lidas/ HTTP/1.1" 200 24
INFO 2025-12-31 17:37:46,988 basehttp "GET /api/notificacoes/nao_lidas/ HTTP/1.1" 200 24
INFO 2025-12-31 17:38:46,977 basehttp "GET /api/notificacoes/nao_lidas/ HTTP/1.1" 200 24
INFO 2025-12-31 17:40:33,999 basehttp "GET /api/notificacoes/nao_lidas/ HTTP/1.1" 200 24
INFO 2025-12-31 17:41:34,008 basehttp "GET /api/notificacoes/nao_lidas/ HTTP/1.1" 200 24
INFO 2025-12-31 17:42:33,990 basehttp "GET /api/notificacoes/nao_lidas/ HTTP/1.1" 200 24
INFO 2025-12-31 17:43:34,022 basehttp "GET /api/notificacoes/nao_lidas/ HTTP/1.1" 200 24
INFO 2025-12-31 17:44:33,983 basehttp "GET /api/notificacoes/nao_lidas/ HTTP/1.1" 200 24
INFO 2025-12-31 17:45:33,979 basehttp "GET /api/notificacoes/nao_lidas/ HTTP/1.1" 200 24
INFO 2025-12-31 17:46:33,978 basehttp "GET /api/notificacoes/nao_lidas/ HTTP/1.1" 200 24
INFO 2025-12-31 17:47:33,992 basehttp "GET /api/notificacoes/nao_lidas/ HTTP/1.1" 200 24
INFO 2025-12-31 17:48:33,988 basehttp "GET /api/notificacoes/nao_lidas/ HTTP/1.1" 200 24
INFO 2025-12-31 17:49:05,067 basehttp "GET /api/notificacoes/nao_lidas/ HTTP/1.1" 200 24
INFO 2025-12-31 17:49:46,981 basehttp "GET /api/notificacoes/nao_lidas/ HTTP/1.1" 200 24
INFO 2025-12-31 17:51:08,480 basehttp "GET /api/notificacoes/nao_lidas/ HTTP/1.1" 200 24
INFO 2025-12-31 17:51:11,946 basehttp "OPTIONS /api/animais/ HTTP/1.1" 200 0
INFO 2025-12-31 17:51:11,946 basehttp "OPTIONS /api/animais/ HTTP/1.1" 200 0
INFO 2025-12-31 17:51:12,024 basehttp "GET /api/animais/ HTTP/1.1" 200 2290
INFO 2025-12-31 17:51:12,102 basehttp "GET /api/animais/ HTTP/1.1" 200 2290
INFO 2025-12-31 17:51:20,505 basehttp "GET /api/veterinarios/ HTTP/1.1" 200 434
INFO 2025-12-31 17:51:20,557 basehttp "GET /api/veterinarios/ HTTP/1.1" 200 434
INFO 2025-12-31 17:51:24,009 basehttp "GET /api/planos/ HTTP/1.1" 200 3300
INFO 2025-12-31 17:51:24,066 basehttp "GET /api/planos/ HTTP/1.1" 200 3300
INFO 2025-12-31 17:51:36,289 basehttp "GET /api/notificacoes/nao_lidas/ HTTP/1.1" 200 24
INFO 2025-12-31 17:51:36,353 basehttp "GET /api/planos/ HTTP/1.1" 200 3300
INFO 2025-12-31 17:51:36,373 basehttp "GET /api/notificacoes/nao_lidas/ HTTP/1.1" 200 24
INFO 2025-12-31 17:51:36,450 basehttp "GET /api/planos/ HTTP/1.1" 200 3300
INFO 2025-12-31 17:53:43,974 basehttp "GET /api/notificacoes/nao_lidas/ HTTP/1.1" 200 24
INFO 2025-12-31 17:53:44,011 basehttp "GET /api/planos/ HTTP/1.1" 200 3300
INFO 2025-12-31 17:53:44,060 basehttp "GET /api/notificacoes/nao_lidas/ HTTP/1.1" 200 24
INFO 2025-12-31 17:53:44,116 basehttp "GET /api/planos/ HTTP/1.1" 200 3300
INFO 2025-12-31 17:55:09,349 basehttp "GET /api/notificacoes/nao_lidas/ HTTP/1.1" 200 24
INFO 2025-12-31 17:55:09,454 basehttp "GET /api/notificacoes/nao_lidas/ HTTP/1.1" 200 24
INFO 2025-12-31 17:55:09,487 basehttp "GET /api/planos/ HTTP/1.1" 200 3300
INFO 2025-12-31 17:55:09,718 basehttp "GET /api/planos/ HTTP/1.1" 200 3300
INFO 2025-12-31 17:56:09,977 basehttp "GET /api/notificacoes/nao_lidas/ HTTP/1.1" 200 24
INFO 2025-12-31 17:57:09,986 basehttp "GET /api/notificacoes/nao_lidas/ HTTP/1.1" 200 24
INFO 2025-12-31 17:58:09,980 basehttp "GET /api/notificacoes/nao_lidas/ HTTP/1.1" 200 24
INFO 2025-12-31 17:59:09,987 basehttp "GET /api/notificacoes/nao_lidas/ HTTP/1.1" 200 24
INFO 2025-12-31 18:00:09,980 basehttp "GET /api/notificacoes/nao_lidas/ HTTP/1.1" 200 24
INFO 2025-12-31 18:00:23,832 basehttp "GET /api/notificacoes/nao_lidas/ HTTP/1.1" 200 24
INFO 2025-12-31 18:00:23,873 basehttp "GET /api/planos/ HTTP/1.1" 200 3300
INFO 2025-12-31 18:00:23,893 basehttp "GET /api/notificacoes/nao_lidas/ HTTP/1.1" 200 24
INFO 2025-12-31 18:00:23,960 basehttp "GET /api/planos/ HTTP/1.1" 200 3300
INFO 2025-12-31 18:01:23,984 basehttp "GET /api/notificacoes/nao_lidas/ HTTP/1.1" 200 24
INFO 2025-12-31 18:02:23,974 basehttp "GET /api/notificacoes/nao_lidas/ HTTP/1.1" 200 24
INFO 2025-12-31 18:03:24,015 basehttp "GET /api/notificacoes/nao_lidas/ HTTP/1.1" 200 24
INFO 2025-12-31 18:04:23,973 basehttp "GET /api/notificacoes/nao_lidas/ HTTP/1.1" 200 24
INFO 2025-12-31 18:05:18,919 basehttp "OPTIONS /api/auth/profile/ HTTP/1.1" 200 0
INFO 2025-12-31 18:05:18,920 basehttp "OPTIONS /api/auth/profile/ HTTP/1.1" 200 0
WARNING 2025-12-31 18:05:18,944 log Not Found: /api/auth/profile/
WARNING 2025-12-31 18:05:18,945 basehttp "GET /api/auth/profile/ HTTP/1.1" 404 17907
WARNING 2025-12-31 18:05:19,011 log Not Found: /api/auth/profile/
WARNING 2025-12-31 18:05:19,012 basehttp "GET /api/auth/profile/ HTTP/1.1" 404 17907
INFO 2025-12-31 18:05:23,749 basehttp "GET /api/notificacoes/nao_lidas/ HTTP/1.1" 200 24
WARNING 2025-12-31 18:06:48,468 log Unauthorized: /api/notificacoes/nao_lidas/
WARNING 2025-12-31 18:06:48,471 basehttp "GET /api/notificacoes/nao_lidas/ HTTP/1.1" 401 191
WARNING 2025-12-31 18:06:48,480 log Unauthorized: /api/notificacoes/nao_lidas/
WARNING 2025-12-31 18:06:48,481 basehttp "GET /api/notificacoes/nao_lidas/ HTTP/1.1" 401 191
INFO 2025-12-31 18:06:48,487 basehttp "OPTIONS /api/auth/token/refresh/ HTTP/1.1" 200 0
INFO 2025-12-31 18:06:48,496 basehttp "OPTIONS /api/auth/token/refresh/ HTTP/1.1" 200 0
WARNING 2025-12-31 18:06:48,586 log Unauthorized: /api/auth/token/refresh/
WARNING 2025-12-31 18:06:48,588 basehttp "POST /api/auth/token/refresh/ HTTP/1.1" 401 62
INFO 2025-12-31 18:06:48,593 basehttp "POST /api/auth/token/refresh/ HTTP/1.1" 200 489
INFO 2025-12-31 18:06:48,705 basehttp "GET /api/notificacoes/nao_lidas/ HTTP/1.1" 200 24
INFO 2025-12-31 18:07:05,518 basehttp "POST /api/auth/login/ HTTP/1.1" 200 598
INFO 2025-12-31 18:07:06,887 basehttp "GET /api/notificacoes/nao_lidas/ HTTP/1.1" 200 24
INFO 2025-12-31 18:07:06,921 basehttp "GET /api/notificacoes/nao_lidas/ HTTP/1.1" 200 24
INFO 2025-12-31 18:07:14,163 basehttp "GET /api/animais/ HTTP/1.1" 200 2290
INFO 2025-12-31 18:07:14,221 basehttp "GET /api/animais/ HTTP/1.1" 200 2290
INFO 2025-12-31 18:07:20,217 basehttp "GET /api/tutores/ HTTP/1.1" 200 1382
INFO 2025-12-31 18:07:20,264 basehttp "GET /api/tutores/ HTTP/1.1" 200 1382
INFO 2025-12-31 18:07:23,189 basehttp "GET /api/animais/ HTTP/1.1" 200 2290
INFO 2025-12-31 18:07:23,235 basehttp "GET /api/animais/ HTTP/1.1" 200 2290
INFO 2025-12-31 18:07:26,682 basehttp "GET /api/veterinarios/ HTTP/1.1" 200 434
INFO 2025-12-31 18:07:26,715 basehttp "GET /api/veterinarios/ HTTP/1.1" 200 434
INFO 2025-12-31 18:07:29,302 basehttp "GET /api/planos/ HTTP/1.1" 200 3300
INFO 2025-12-31 18:07:29,353 basehttp "GET /api/planos/ HTTP/1.1" 200 3300
INFO 2025-12-31 18:07:31,311 basehttp "GET /api/clinicas/ HTTP/1.1" 200 664
INFO 2025-12-31 18:07:31,750 basehttp "GET /api/clinicas/ HTTP/1.1" 200 664
INFO 2025-12-31 18:07:37,314 basehttp "GET /api/notificacoes/nao_lidas/ HTTP/1.1" 200 24
INFO 2025-12-31 18:07:37,358 basehttp "GET /api/notificacoes/nao_lidas/ HTTP/1.1" 200 24
INFO 2025-12-31 18:07:37,358 basehttp "GET /api/planos/ HTTP/1.1" 200 3300
INFO 2025-12-31 18:07:37,420 basehttp "GET /api/planos/ HTTP/1.1" 200 3300
INFO 2025-12-31 18:07:49,779 basehttp "OPTIONS /api/diagnostico/analyze/ HTTP/1.1" 200 0
WARNING 2025-12-31 18:07:49,805 log Not Found: /api/diagnostico/analyze/
WARNING 2025-12-31 18:07:49,806 basehttp "POST /api/diagnostico/analyze/ HTTP/1.1" 404 16950
WARNING 2025-12-31 18:08:08,772 log Not Found: /api/diagnostico/analyze/
WARNING 2025-12-31 18:08:08,773 basehttp "POST /api/diagnostico/analyze/ HTTP/1.1" 404 16950
INFO 2025-12-31 18:08:37,265 basehttp "GET /api/notificacoes/nao_lidas/ HTTP/1.1" 200 24
WARNING 2025-12-31 18:08:39,781 log Not Found: /api/diagnostico/analyze/
WARNING 2025-12-31 18:08:39,783 basehttp "POST /api/diagnostico/analyze/ HTTP/1.1" 404 16950
INFO 2025-12-31 22:08:19,977 autoreload Watching for file changes with StatReloader
INFO 2025-12-31 22:08:37,559 basehttp "OPTIONS /api/notificacoes/nao_lidas/ HTTP/1.1" 200 0
INFO 2025-12-31 22:08:37,561 basehttp "OPTIONS /api/notificacoes/nao_lidas/ HTTP/1.1" 200 0
WARNING 2025-12-31 22:08:37,589 log Unauthorized: /api/notificacoes/nao_lidas/
WARNING 2025-12-31 22:08:37,590 basehttp "GET /api/notificacoes/nao_lidas/ HTTP/1.1" 401 191
WARNING 2025-12-31 22:08:37,636 log Unauthorized: /api/notificacoes/nao_lidas/
WARNING 2025-12-31 22:08:37,637 basehttp "GET /api/notificacoes/nao_lidas/ HTTP/1.1" 401 191
INFO 2025-12-31 22:08:37,645 basehttp "OPTIONS /api/auth/token/refresh/ HTTP/1.1" 200 0
INFO 2025-12-31 22:08:37,652 basehttp "OPTIONS /api/auth/token/refresh/ HTTP/1.1" 200 0
INFO 2025-12-31 22:08:37,771 basehttp "POST /api/auth/token/refresh/ HTTP/1.1" 200 489
INFO 2025-12-31 22:08:37,775 basehttp "POST /api/auth/token/refresh/ HTTP/1.1" 200 489
INFO 2025-12-31 22:08:37,988 basehttp "GET /api/notificacoes/nao_lidas/ HTTP/1.1" 200 24
INFO 2025-12-31 22:08:38,020 basehttp "GET /api/notificacoes/nao_lidas/ HTTP/1.1" 200 24
INFO 2025-12-31 22:08:48,111 basehttp "OPTIONS /api/diagnostico/analyze/ HTTP/1.1" 200 0
WARNING 2025-12-31 22:08:48,146 log Not Found: /api/diagnostico/analyze/
WARNING 2025-12-31 22:08:48,148 basehttp "POST /api/diagnostico/analyze/ HTTP/1.1" 404 16950
WARNING 2025-12-31 22:09:13,272 log Not Found: /api/diagnostico/analyze/
WARNING 2025-12-31 22:09:13,273 basehttp "POST /api/diagnostico/analyze/ HTTP/1.1" 404 16950
INFO 2025-12-31 22:09:37,538 basehttp "GET /api/notificacoes/nao_lidas/ HTTP/1.1" 200 24
INFO 2025-12-31 22:10:37,964 basehttp "GET /api/notificacoes/nao_lidas/ HTTP/1.1" 200 24
INFO 2025-12-31 22:11:33,377 autoreload /home/fabianosf/Desktop/Projetos/vetsystem/backend/api/views/diagnostico_views.py changed, reloading.
INFO 2025-12-31 22:11:35,672 autoreload Watching for file changes with StatReloader
INFO 2025-12-31 22:12:38,000 basehttp "GET /api/notificacoes/nao_lidas/ HTTP/1.1" 200 24
INFO 2025-12-31 22:13:17,037 autoreload /home/fabianosf/Desktop/Projetos/vetsystem/backend/api/urls.py changed, reloading.
INFO 2025-12-31 22:13:19,378 autoreload Watching for file changes with StatReloader
INFO 2025-12-31 22:13:37,978 basehttp "GET /api/notificacoes/nao_lidas/ HTTP/1.1" 200 24
INFO 2025-12-31 22:14:37,970 basehttp "GET /api/notificacoes/nao_lidas/ HTTP/1.1" 200 24
INFO 2025-12-31 22:15:37,971 basehttp "GET /api/notificacoes/nao_lidas/ HTTP/1.1" 200 24
INFO 2025-12-31 22:15:59,640 basehttp "GET /api/notificacoes/nao_lidas/ HTTP/1.1" 200 24
INFO 2025-12-31 22:15:59,691 basehttp "GET /api/notificacoes/nao_lidas/ HTTP/1.1" 200 24
INFO 2025-12-31 22:16:06,540 basehttp "OPTIONS /api/diagnosticos/analyze/ HTTP/1.1" 200 0
WARNING 2025-12-31 22:16:06,579 log Bad Request: /api/diagnosticos/analyze/
WARNING 2025-12-31 22:16:06,580 basehttp "POST /api/diagnosticos/analyze/ HTTP/1.1" 400 85
INFO 2025-12-31 22:17:00,008 basehttp "GET /api/notificacoes/nao_lidas/ HTTP/1.1" 200 24
INFO 2025-12-31 22:17:56,150 autoreload /home/fabianosf/Desktop/Projetos/vetsystem/backend/api/serializers/diagnostico_serializers.py changed, reloading.
INFO 2025-12-31 22:17:58,826 autoreload Watching for file changes with StatReloader
INFO 2025-12-31 22:19:35,185 autoreload Watching for file changes with StatReloader
INFO 2025-12-31 22:20:10,043 autoreload /home/fabianosf/Desktop/Projetos/vetsystem/backend/api/serializers/diagnostico_serializers.py changed, reloading.
INFO 2025-12-31 22:20:11,013 autoreload Watching for file changes with StatReloader
INFO 2025-12-31 22:20:32,237 basehttp "OPTIONS /api/animais/ HTTP/1.1" 200 0
INFO 2025-12-31 22:20:32,370 basehttp "GET /api/animais/ HTTP/1.1" 200 2290
INFO 2025-12-31 22:21:06,321 autoreload Watching for file changes with StatReloader
INFO 2025-12-31 22:21:26,034 basehttp "GET /api/notificacoes/nao_lidas/ HTTP/1.1" 200 24
INFO 2025-12-31 22:21:26,099 basehttp "GET /api/animais/ HTTP/1.1" 200 2290
INFO 2025-12-31 22:21:26,111 basehttp "GET /api/notificacoes/nao_lidas/ HTTP/1.1" 200 24
INFO 2025-12-31 22:21:26,182 basehttp "GET /api/animais/ HTTP/1.1" 200 2290
ERROR 2025-12-31 22:21:33,718 log Internal Server Error: /api/diagnosticos/analyze/
Traceback (most recent call last):
  File "/home/fabianosf/Desktop/Projetos/vetsystem/backend/venv/lib/python3.12/site-packages/django/db/backends/utils.py", line 89, in _execute
    return self.cursor.execute(sql, params)
           ^^^^^^^^^^^^^^^^^^^^^^^^^^^^^^^^
psycopg2.errors.NotNullViolation: null value in column "animal_id" of relation "api_diagnostico_ia" violates not-null constraint
DETAIL:  Failing row contains (10, 2026-01-01 01:21:33.574637+00, 2026-01-01 01:21:33.574666+00, diagnosticos/2025/12/cao_BAH02fN.jpg, {}, , null, , f, null, null, null).


The above exception was the direct cause of the following exception:

Traceback (most recent call last):
  File "/home/fabianosf/Desktop/Projetos/vetsystem/backend/venv/lib/python3.12/site-packages/django/core/handlers/exception.py", line 55, in inner
    response = get_response(request)
               ^^^^^^^^^^^^^^^^^^^^^
  File "/home/fabianosf/Desktop/Projetos/vetsystem/backend/venv/lib/python3.12/site-packages/django/core/handlers/base.py", line 197, in _get_response
    response = wrapped_callback(request, *callback_args, **callback_kwargs)
               ^^^^^^^^^^^^^^^^^^^^^^^^^^^^^^^^^^^^^^^^^^^^^^^^^^^^^^^^^^^^
  File "/home/fabianosf/Desktop/Projetos/vetsystem/backend/venv/lib/python3.12/site-packages/django/views/decorators/csrf.py", line 56, in wrapper_view
    return view_func(*args, **kwargs)
           ^^^^^^^^^^^^^^^^^^^^^^^^^^
  File "/home/fabianosf/Desktop/Projetos/vetsystem/backend/venv/lib/python3.12/site-packages/rest_framework/viewsets.py", line 125, in view
    return self.dispatch(request, *args, **kwargs)
           ^^^^^^^^^^^^^^^^^^^^^^^^^^^^^^^^^^^^^^^
  File "/home/fabianosf/Desktop/Projetos/vetsystem/backend/venv/lib/python3.12/site-packages/rest_framework/views.py", line 509, in dispatch
    response = self.handle_exception(exc)
               ^^^^^^^^^^^^^^^^^^^^^^^^^^
  File "/home/fabianosf/Desktop/Projetos/vetsystem/backend/venv/lib/python3.12/site-packages/rest_framework/views.py", line 469, in handle_exception
    self.raise_uncaught_exception(exc)
  File "/home/fabianosf/Desktop/Projetos/vetsystem/backend/venv/lib/python3.12/site-packages/rest_framework/views.py", line 480, in raise_uncaught_exception
    raise exc
  File "/home/fabianosf/Desktop/Projetos/vetsystem/backend/venv/lib/python3.12/site-packages/rest_framework/views.py", line 506, in dispatch
    response = handler(request, *args, **kwargs)
               ^^^^^^^^^^^^^^^^^^^^^^^^^^^^^^^^^
  File "/home/fabianosf/Desktop/Projetos/vetsystem/backend/api/views/diagnostico_views.py", line 105, in analyze
    return self.create(request)
           ^^^^^^^^^^^^^^^^^^^^
  File "/home/fabianosf/Desktop/Projetos/vetsystem/backend/api/views/diagnostico_views.py", line 64, in create
    diagnostico = serializer.save()
                  ^^^^^^^^^^^^^^^^^
  File "/home/fabianosf/Desktop/Projetos/vetsystem/backend/venv/lib/python3.12/site-packages/rest_framework/serializers.py", line 212, in save
    self.instance = self.create(validated_data)
                    ^^^^^^^^^^^^^^^^^^^^^^^^^^^
  File "/home/fabianosf/Desktop/Projetos/vetsystem/backend/venv/lib/python3.12/site-packages/rest_framework/serializers.py", line 962, in create
    instance = ModelClass._default_manager.create(**validated_data)
               ^^^^^^^^^^^^^^^^^^^^^^^^^^^^^^^^^^^^^^^^^^^^^^^^^^^^
  File "/home/fabianosf/Desktop/Projetos/vetsystem/backend/venv/lib/python3.12/site-packages/django/db/models/manager.py", line 87, in manager_method
    return getattr(self.get_queryset(), name)(*args, **kwargs)
           ^^^^^^^^^^^^^^^^^^^^^^^^^^^^^^^^^^^^^^^^^^^^^^^^^^^
  File "/home/fabianosf/Desktop/Projetos/vetsystem/backend/venv/lib/python3.12/site-packages/django/db/models/query.py", line 658, in create
    obj.save(force_insert=True, using=self.db)
  File "/home/fabianosf/Desktop/Projetos/vetsystem/backend/venv/lib/python3.12/site-packages/django/db/models/base.py", line 814, in save
    self.save_base(
  File "/home/fabianosf/Desktop/Projetos/vetsystem/backend/venv/lib/python3.12/site-packages/django/db/models/base.py", line 877, in save_base
    updated = self._save_table(
              ^^^^^^^^^^^^^^^^^
  File "/home/fabianosf/Desktop/Projetos/vetsystem/backend/venv/lib/python3.12/site-packages/django/db/models/base.py", line 1020, in _save_table
    results = self._do_insert(
              ^^^^^^^^^^^^^^^^
  File "/home/fabianosf/Desktop/Projetos/vetsystem/backend/venv/lib/python3.12/site-packages/django/db/models/base.py", line 1061, in _do_insert
    return manager._insert(
           ^^^^^^^^^^^^^^^^
  File "/home/fabianosf/Desktop/Projetos/vetsystem/backend/venv/lib/python3.12/site-packages/django/db/models/manager.py", line 87, in manager_method
    return getattr(self.get_queryset(), name)(*args, **kwargs)
           ^^^^^^^^^^^^^^^^^^^^^^^^^^^^^^^^^^^^^^^^^^^^^^^^^^^
  File "/home/fabianosf/Desktop/Projetos/vetsystem/backend/venv/lib/python3.12/site-packages/django/db/models/query.py", line 1805, in _insert
    return query.get_compiler(using=using).execute_sql(returning_fields)
           ^^^^^^^^^^^^^^^^^^^^^^^^^^^^^^^^^^^^^^^^^^^^^^^^^^^^^^^^^^^^^
  File "/home/fabianosf/Desktop/Projetos/vetsystem/backend/venv/lib/python3.12/site-packages/django/db/models/sql/compiler.py", line 1822, in execute_sql
    cursor.execute(sql, params)
  File "/home/fabianosf/Desktop/Projetos/vetsystem/backend/venv/lib/python3.12/site-packages/django/db/backends/utils.py", line 102, in execute
    return super().execute(sql, params)
           ^^^^^^^^^^^^^^^^^^^^^^^^^^^^
  File "/home/fabianosf/Desktop/Projetos/vetsystem/backend/venv/lib/python3.12/site-packages/django/db/backends/utils.py", line 67, in execute
    return self._execute_with_wrappers(
           ^^^^^^^^^^^^^^^^^^^^^^^^^^^^
  File "/home/fabianosf/Desktop/Projetos/vetsystem/backend/venv/lib/python3.12/site-packages/django/db/backends/utils.py", line 80, in _execute_with_wrappers
    return executor(sql, params, many, context)
           ^^^^^^^^^^^^^^^^^^^^^^^^^^^^^^^^^^^^
  File "/home/fabianosf/Desktop/Projetos/vetsystem/backend/venv/lib/python3.12/site-packages/django/db/backends/utils.py", line 84, in _execute
    with self.db.wrap_database_errors:
  File "/home/fabianosf/Desktop/Projetos/vetsystem/backend/venv/lib/python3.12/site-packages/django/db/utils.py", line 91, in __exit__
    raise dj_exc_value.with_traceback(traceback) from exc_value
  File "/home/fabianosf/Desktop/Projetos/vetsystem/backend/venv/lib/python3.12/site-packages/django/db/backends/utils.py", line 89, in _execute
    return self.cursor.execute(sql, params)
           ^^^^^^^^^^^^^^^^^^^^^^^^^^^^^^^^
django.db.utils.IntegrityError: null value in column "animal_id" of relation "api_diagnostico_ia" violates not-null constraint
DETAIL:  Failing row contains (10, 2026-01-01 01:21:33.574637+00, 2026-01-01 01:21:33.574666+00, diagnosticos/2025/12/cao_BAH02fN.jpg, {}, , null, , f, null, null, null).

ERROR 2025-12-31 22:21:33,723 basehttp "POST /api/diagnosticos/analyze/ HTTP/1.1" 500 216496
INFO 2025-12-31 22:22:25,963 basehttp "GET /api/notificacoes/nao_lidas/ HTTP/1.1" 200 24
INFO 2025-12-31 22:23:25,965 basehttp "GET /api/notificacoes/nao_lidas/ HTTP/1.1" 200 24
INFO 2025-12-31 22:23:58,493 autoreload Watching for file changes with StatReloader
INFO 2025-12-31 22:24:17,342 basehttp "GET /api/notificacoes/nao_lidas/ HTTP/1.1" 200 24
INFO 2025-12-31 22:24:17,379 basehttp "GET /api/animais/ HTTP/1.1" 200 2290
INFO 2025-12-31 22:24:17,417 basehttp "GET /api/notificacoes/nao_lidas/ HTTP/1.1" 200 24
INFO 2025-12-31 22:24:17,474 basehttp "GET /api/animais/ HTTP/1.1" 200 2290
INFO 2025-12-31 22:24:31,448 basehttp "POST /api/diagnosticos/analyze/ HTTP/1.1" 201 2157
INFO 2025-12-31 22:25:17,964 basehttp "GET /api/notificacoes/nao_lidas/ HTTP/1.1" 200 24
INFO 2025-12-31 22:26:18,003 basehttp "GET /api/notificacoes/nao_lidas/ HTTP/1.1" 200 24
INFO 2025-12-31 22:27:13,833 basehttp "GET /api/animais/ HTTP/1.1" 200 2290
INFO 2025-12-31 22:27:13,837 basehttp "GET /api/notificacoes/nao_lidas/ HTTP/1.1" 200 24
INFO 2025-12-31 22:27:13,900 basehttp "GET /api/notificacoes/nao_lidas/ HTTP/1.1" 200 24
INFO 2025-12-31 22:27:13,939 basehttp "GET /api/animais/ HTTP/1.1" 200 2290
INFO 2025-12-31 22:27:27,974 basehttp "POST /api/diagnosticos/analyze/ HTTP/1.1" 201 2157
INFO 2025-12-31 22:28:13,962 basehttp "GET /api/notificacoes/nao_lidas/ HTTP/1.1" 200 24
